Gene_name	Locus_tag	NCBI_gene_ID	Uniprot_ID	Synonyms	Product_function	NDA_component
CGSSp9BS68_00442	CGSSp9BS68_00442				iron-dependent transcriptional regulator	M6.1
CGSSp9BS68_00757	CGSSp9BS68_00757				immunoglobulin A1 protease	Basal machinery
CGSSp9BS68_00862	CGSSp9BS68_00862				Catabolite control protein A	Global regulator
CGSSp9BS68_00917	CGSSp9BS68_00917				sugar ABC transporter, permease protein	Basal machinery
CGSSp9BS68_00947	CGSSp9BS68_00947				oligopeptide ABC transporter, oligopeptide-binding protein AmiA	Basal machinery
CGSSp9BS68_01298	CGSSp9BS68_01298				integral membrane regulatory protein Cps2A	Basal machinery
CGSSp9BS68_01303	CGSSp9BS68_01303				capsular polysaccharide biosynthesis protein Cps4B	Basal machinery
CGSSp9BS68_01308	CGSSp9BS68_01308				chain length determinant protein/polysaccharide export protein, MPA1 family protein	Basal machinery
CGSSp9BS68_01393	CGSSp9BS68_01393				immunity protein BlpL	Basal machinery
CGSSp9BS68_01413	CGSSp9BS68_01413				bacteriocin BlpK	Basal machinery
CGSSp9BS68_01418	CGSSp9BS68_01418				bacteriocin BlpJ	Basal machinery
CGSSp9BS68_01423	CGSSp9BS68_01423				bacteriocin BlpI	Basal machinery
CGSSp9BS68_01428	CGSSp9BS68_01428				hypothetical protein	Basal machinery
CGSSp9BS68_01463	CGSSp9BS68_01463				response regulator BlpR	Global regulator
CGSSp9BS68_01473	CGSSp9BS68_01473				BlpT protein, fusion	Basal machinery
CGSSp9BS68_01503	CGSSp9BS68_01503				dnaJ protein	M2
CGSSp9BS68_01513	CGSSp9BS68_01513				chaperone protein DnaK	M2
CGSSp9BS68_01653	CGSSp9BS68_01653				acetyl xylan esterase, putative	Basal machinery
CGSSp9BS68_01768	CGSSp9BS68_01768				hypothetical protein	Basal machinery
CGSSp9BS68_01773	CGSSp9BS68_01773				ABC transporter, ATP-binding protein	Basal machinery
CGSSp9BS68_01988	CGSSp9BS68_01988				enoyl-CoA hydratase	Global regulator
CGSSp9BS68_01998	CGSSp9BS68_01998				acyl carrier protein	Basal machinery
CGSSp9BS68_02003	CGSSp9BS68_02003				enoyl-(acyl-carrier-protein) reductase	Basal machinery
CGSSp9BS68_02028	CGSSp9BS68_02028				acetyl-CoA carboxylase biotin carboxyl carrier protein subunit	Basal machinery
CGSSp9BS68_02038	CGSSp9BS68_02038				biotin carboxylase subunit	Basal machinery
CGSSp9BS68_02043	CGSSp9BS68_02043				acetyl-CoA carboxylase subunit beta	Basal machinery
CGSSp9BS68_02048	CGSSp9BS68_02048				acetyl-CoA carboxylase, carboxyl transferase, alpha subunit	Basal machinery
CGSSp9BS68_02133	CGSSp9BS68_02133				acetolactate synthase catalytic subunit	Basal machinery
CGSSp9BS68_02143	CGSSp9BS68_02143				ketol-acid reductoisomerase	Basal machinery
CGSSp9BS68_02158	CGSSp9BS68_02158				threonine dehydratase	Basal machinery
CGSSp9BS68_02508	CGSSp9BS68_02508				D-alanine-D-alanine ligase	Basal machinery
CGSSp9BS68_02623	CGSSp9BS68_02623				ABC transporter, substrate binding lipoprotein	Intermodular
CGSSp9BS68_02628	CGSSp9BS68_02628				putative manganese ABC transporter permease	Intermodular
CGSSp9BS68_02633	CGSSp9BS68_02633				manganese ABC transporter, ATP-binding protein	Intermodular
CGSSp9BS68_02663	CGSSp9BS68_02663				competence factor transporting ATP-binding/permease protein ComA	Basal machinery
CGSSp9BS68_02668	CGSSp9BS68_02668				competence factor transport protein ComB	Basal machinery
CGSSp9BS68_02758	CGSSp9BS68_02758				Beta-galactosidase 3	Basal machinery
CGSSp9BS68_02763	CGSSp9BS68_02763				PTS system, IIB component	Basal machinery
CGSSp9BS68_02768	CGSSp9BS68_02768				PTS system, IIC component	Basal machinery
CGSSp9BS68_02773	CGSSp9BS68_02773				PTS system, IID component	Basal machinery
CGSSp9BS68_02778	CGSSp9BS68_02778				PTS system, IIA component	Basal machinery
CGSSp9BS68_02783	CGSSp9BS68_02783				sugar isomerase domain protein AgaS	Basal machinery
CGSSp9BS68_02788	CGSSp9BS68_02788				aldose 1-epimerase	Basal machinery
CGSSp9BS68_02878	CGSSp9BS68_02878				DNA-binding response regulator	M6.1
CGSSp9BS68_02908	CGSSp9BS68_02908				DNA repair protein RadA	Basal machinery
CGSSp9BS68_02913	CGSSp9BS68_02913				predicted repair protein	Basal machinery
CGSSp9BS68_02923	CGSSp9BS68_02923				deoxyuridine 5'-triphosphate nucleotidohydrolase	Basal machinery
CGSSp9BS68_02998	CGSSp9BS68_02998				ribose-phosphate pyrophosphokinase	Basal machinery
CGSSp9BS68_03003	CGSSp9BS68_03003				aminotransferase, class V	Basal machinery
CGSSp9BS68_03008	CGSSp9BS68_03008				hypothetical protein	Basal machinery
CGSSp9BS68_03013	CGSSp9BS68_03013				ribose-phosphate pyrophosphokinase	Basal machinery
CGSSp9BS68_03028	CGSSp9BS68_03028				DNA repair protein RadC	Basal machinery
CGSSp9BS68_03063	CGSSp9BS68_03063				hypothetical protein	M1
CGSSp9BS68_03208	CGSSp9BS68_03208				hypothetical protein	Basal machinery
CGSSp9BS68_03623	CGSSp9BS68_03623				ribosomal protein S14	Basal machinery
CGSSp9BS68_03693	CGSSp9BS68_03693				DNA-directed RNA polymerase subunit alpha	Basal machinery
CGSSp9BS68_03823	CGSSp9BS68_03823				ribosomal protein L21	Basal machinery
CGSSp9BS68_03983	CGSSp9BS68_03983				hypothetical protein	Basal machinery
CGSSp9BS68_04043	CGSSp9BS68_04043				aspartate-semialdehyde dehydrogenase	Basal machinery
CGSSp9BS68_04345	CGSSp9BS68_04345				F0F1 ATP synthase subunit A	Basal machinery
CGSSp9BS68_04495	CGSSp9BS68_04495				oxidoreductase, Gfo/Idh/MocA family protein	Basal machinery
CGSSp9BS68_04500	CGSSp9BS68_04500				hypothetical protein	Basal machinery
CGSSp9BS68_04505	CGSSp9BS68_04505				peptidoglycan GlcNAc deacetylase	Basal machinery
CGSSp9BS68_04510	CGSSp9BS68_04510				oxidoreductase, aldo/keto reductase family protein	Basal machinery
CGSSp9BS68_04545	CGSSp9BS68_04545				oxidoreductase, putative	Basal machinery
CGSSp9BS68_04550	CGSSp9BS68_04550				NADPH-dependent FMN reductase	Basal machinery
CGSSp9BS68_04555	CGSSp9BS68_04555				thiamine biosynthesis protein ApbE, putative	Basal machinery
CGSSp9BS68_04570	CGSSp9BS68_04570				pyridoxine biosynthesis protein	Basal machinery
CGSSp9BS68_04750	CGSSp9BS68_04750				hydroxyethylthiazole kinase	Basal machinery
CGSSp9BS68_04800	CGSSp9BS68_04800				ABC transporter, ATP-binding protein	Basal machinery
CGSSp9BS68_04805	CGSSp9BS68_04805				hypothetical protein	Basal machinery
CGSSp9BS68_04810	CGSSp9BS68_04810				lipoprotein, putative	Basal machinery
CGSSp9BS68_04815	CGSSp9BS68_04815				hypothetical protein	Basal machinery
CGSSp9BS68_05080	CGSSp9BS68_05080				DNA-binding response regulator	M6.1
CGSSp9BS68_05120	CGSSp9BS68_05120				isopentenyl pyrophosphate isomerase	M7
CGSSp9BS68_05185	CGSSp9BS68_05185				oligopeptide ABC transporter, oligopeptide-binding protein AliA	Basal machinery
CGSSp9BS68_05220	CGSSp9BS68_05220				branched-chain amino acid aminotransferase	Basal machinery
CGSSp9BS68_05240	CGSSp9BS68_05240				pyrrolidone-carboxylate peptidase	Basal machinery
CGSSp9BS68_05345	CGSSp9BS68_05345				hypothetical protein	Basal machinery
CGSSp9BS68_05541	CGSSp9BS68_05541				L-lactate dehydrogenase	Basal machinery
CGSSp9BS68_05571	CGSSp9BS68_05571				sensory box sensor histidine kinase	Basal machinery
CGSSp9BS68_05576	CGSSp9BS68_05576				DNA-binding response regulator	Global regulator
CGSSp9BS68_05641	CGSSp9BS68_05641				amino acid ABC transporter, amino acid-binding protein/permease protein	M3
CGSSp9BS68_05646	CGSSp9BS68_05646				excinuclease ABC subunit B	M3
CGSSp9BS68_05651	CGSSp9BS68_05651				glucose-6-phosphate 1-dehydrogenase	M3
CGSSp9BS68_05698	CGSSp9BS68_05698				DNA processing protein DprA, putative	Basal machinery
CGSSp9BS68_05703	CGSSp9BS68_05703				CTP:phosphocholine cytidylyltransferase	Basal machinery
CGSSp9BS68_05708	CGSSp9BS68_05708				protein LicB	Basal machinery
CGSSp9BS68_05713	CGSSp9BS68_05713				choline kinase	Basal machinery
CGSSp9BS68_05718	CGSSp9BS68_05718				alcohol dehydrogenase, zinc-containing	Basal machinery
CGSSp9BS68_05723	CGSSp9BS68_05723				2-C-methyl-D-erythritol 4-phosphate cytidylyltransferase	Basal machinery
CGSSp9BS68_06035	CGSSp9BS68_06035				DNA-binding response regulator	Global regulator
CGSSp9BS68_06120	CGSSp9BS68_06120				PTS system, IIC component, putative	Basal machinery
CGSSp9BS68_06125	CGSSp9BS68_06125				PTS system, IIB component, putative	Basal machinery
CGSSp9BS68_06130	CGSSp9BS68_06130				PTS system IIA component, putative	Basal machinery
CGSSp9BS68_06235	CGSSp9BS68_06235				dipeptidase PepV	Basal machinery
CGSSp9BS68_06320	CGSSp9BS68_06320				fructose-1,6-bisphosphate aldolase, class II	Basal machinery
CGSSp9BS68_06325	CGSSp9BS68_06325				sensor histidine kinase VncS	M7
CGSSp9BS68_06600	CGSSp9BS68_06600				hypothetical protein	Basal machinery
CGSSp9BS68_06667	CGSSp9BS68_06667				transcriptional activator, putative	M6.1
CGSSp9BS68_06712	CGSSp9BS68_06712				transcriptional regulator	Basal machinery
CGSSp9BS68_06927	CGSSp9BS68_06927				galactose-1-phosphate uridylyltransferase	Basal machinery
CGSSp9BS68_06932	CGSSp9BS68_06932				galactokinase	Basal machinery
CGSSp9BS68_06942	CGSSp9BS68_06942				alcohol dehydrogenase, zinc-containing	M6.1
CGSSp9BS68_06947	CGSSp9BS68_06947				transcriptional regulator, MerR family protein	M6.1
CGSSp9BS68_06952	CGSSp9BS68_06952				cation efflux system protein	M6.1
CGSSp9BS68_06957	CGSSp9BS68_06957				transcriptional regulator, TetR family protein	M6.1
CGSSp9BS68_07012	CGSSp9BS68_07012				iron-compound ABC transporter, permease protein	M7
CGSSp9BS68_07017	CGSSp9BS68_07017				iron-compound ABC transporter, permease protein	M7
CGSSp9BS68_07022	CGSSp9BS68_07022				iron-compound ABC transporter, ATP-binding protein	M7
CGSSp9BS68_07027	CGSSp9BS68_07027				galactokinase	M7
CGSSp9BS68_07087	CGSSp9BS68_07087				hypothetical protein	Basal machinery
CGSSp9BS68_07407	CGSSp9BS68_07407				protease maturation protein, putative	Basal machinery
CGSSp9BS68_07527	CGSSp9BS68_07527				hypothetical protein	Basal machinery
CGSSp9BS68_07537	CGSSp9BS68_07537				hypothetical protein	Basal machinery
CGSSp9BS68_07542	CGSSp9BS68_07542				competence protein CelB	Basal machinery
CGSSp9BS68_07547	CGSSp9BS68_07547				competence protein CelA	Basal machinery
CGSSp9BS68_07957	CGSSp9BS68_07957				glutamine synthetase, type I	M3
CGSSp9BS68_07962	CGSSp9BS68_07962				transcriptional regulator, MerR family protein	M3
CGSSp9BS68_08132	CGSSp9BS68_08132				sortase, putative	M6.1
CGSSp9BS68_08137	CGSSp9BS68_08137				sortase, putative	M6.1
CGSSp9BS68_08147	CGSSp9BS68_08147				cell wall surface anchor family protein	M6.1
CGSSp9BS68_08152	CGSSp9BS68_08152				cell wall surface anchor family protein	M6.1
CGSSp9BS68_08157	CGSSp9BS68_08157				cell wall surface anchor family protein	M6.1
CGSSp9BS68_08162	CGSSp9BS68_08162				transcriptional regulator, putative	M6.1
CGSSp9BS68_08227	CGSSp9BS68_08227				pyruvate oxidase	M1
CGSSp9BS68_08312	CGSSp9BS68_08312				ATP-dependent Clp protease, proteolytic subunit ClpP	M2
CGSSp9BS68_08332	CGSSp9BS68_08332				branched-chain amino acid ABC transporter, amino acid-binding protein	Basal machinery
CGSSp9BS68_08357	CGSSp9BS68_08357				hypothetical protein	Basal machinery
CGSSp9BS68_08412	CGSSp9BS68_08412				dihydroorotate dehydrogenase 1A	Basal machinery
CGSSp9BS68_08612	CGSSp9BS68_08612				DNA-binding response regulator CiaR	Global regulator
CGSSp9BS68_08617	CGSSp9BS68_08617				sensor histidine kinase CiaH	Basal machinery
CGSSp9BS68_08712	CGSSp9BS68_08712				ATP-dependent Clp protease ATP-binding subunit ClpE	M2
CGSSp9BS68_08767	CGSSp9BS68_08767				purine nucleoside phosphorylase, family protein 2	Basal machinery
CGSSp9BS68_08927	CGSSp9BS68_08927				PTS system, mannose-specific IIAB component	Basal machinery
CGSSp9BS68_08932	CGSSp9BS68_08932				PTS system, mannose-specific IIC component	Basal machinery
CGSSp9BS68_08937	CGSSp9BS68_08937				PTS system, mannose/fructose/sorbose family protein, IID component	Basal machinery
CGSSp9BS68_09087	CGSSp9BS68_09087				pyridine nucleotide-disulfide oxidoreductase	Basal machinery
CGSSp9BS68_09107	CGSSp9BS68_09107				transcriptional repressor CodY	Global regulator
CGSSp9BS68_09112	CGSSp9BS68_09112				isochorismatase family protein	Basal machinery
CGSSp9BS68_09117	CGSSp9BS68_09117				sugar ABC transporter, ATP-binding protein	Basal machinery
CGSSp9BS68_09132	CGSSp9BS68_09132				transcriptional repressor CodY	Basal machinery
CGSSp9BS68_09546	CGSSp9BS68_09546				immunity protein, putative	Basal machinery
CGSSp9BS68_09611	CGSSp9BS68_09611				purine operon repressor	Basal machinery
CGSSp9BS68_09631	CGSSp9BS68_09631				hypothetical protein	Basal machinery
CGSSp9BS68_09761	CGSSp9BS68_09761				competence damage-inducible protein A	Basal machinery
CGSSp9BS68_09766	CGSSp9BS68_09766				recA protein	Basal machinery
CGSSp9BS68_09771	CGSSp9BS68_09771				MATE efflux family protein DinF	Basal machinery
CGSSp9BS68_09781	CGSSp9BS68_09781				autolysin/N-acetylmuramoyl-L-alanine amidase	Basal machinery
CGSSp9BS68_09891	CGSSp9BS68_09891				single-strand DNA-binding protein	Basal machinery
CGSSp9BS68_09901	CGSSp9BS68_09901				chaperonin GroEL	M2
CGSSp9BS68_09985	CGSSp9BS68_09985				peptidase, U32 family protein	Basal machinery
CGSSp9BS68_10085	CGSSp9BS68_10085				oxygen-independent coproporphyrinogen III oxidase, putative	Basal machinery
CGSSp9BS68_10370	CGSSp9BS68_10370				ribosomal protein L10	Basal machinery
CGSSp9BS68_10620	CGSSp9BS68_10620				competence protein ComF, putative	Basal machinery
CGSSp9BS68_10650	CGSSp9BS68_10650				choline binding protein D	Basal machinery
CGSSp9BS68_10680	CGSSp9BS68_10680				transcriptional regulator CtsR	M2
CGSSp9BS68_10700	CGSSp9BS68_10700				DNA-binding response regulator	Global regulator
CGSSp9BS68_10710	CGSSp9BS68_10710				isoprenylcysteine carboxyl methyltransferase (ICMT) family protein	Basal machinery
CGSSp9BS68_10800	CGSSp9BS68_10800				D-alanine--poly(phosphoribitol) ligase subunit 1	Basal machinery
CGSSp9BS68_10805	CGSSp9BS68_10805				D-alanine--D-alanyl carrier protein ligase	Basal machinery
CGSSp9BS68_10810	CGSSp9BS68_10810				D-alanine--poly(phosphoribitol) ligase subunit 2	Basal machinery
CGSSp9BS68_10830	CGSSp9BS68_10830				adc operon repressor AdcR	M5
CGSSp9BS68_10835	CGSSp9BS68_10835				zinc ABC transporter, ATP-binding protein	M5
CGSSp9BS68_10840	CGSSp9BS68_10840				zinc ABC transporter, permease protein	M5
CGSSp9BS68_10845	CGSSp9BS68_10845				zinc ABC transporter, zinc-binding lipoprotein	M5
CGSSp9BS68_10940	CGSSp9BS68_10940				hypothetical protein	Basal machinery
CGSSp9BS68_10975	CGSSp9BS68_10975				hypothetical protein	Basal machinery
CGSSp9BS68_10980	CGSSp9BS68_10980				hypothetical protein	Basal machinery
CGSSp9BS68_10985	CGSSp9BS68_10985				ROK family protein	Basal machinery
CGSSp9BS68_10990	CGSSp9BS68_10990				glycosyl hydrolase-related protein	Basal machinery
CGSSp9BS68_11085	CGSSp9BS68_11085				hypothetical protein	Basal machinery
CGSSp9BS68_11165	CGSSp9BS68_11165				maltose operon transcriptional repressor	M4
CGSSp9BS68_11185	CGSSp9BS68_11185				maltose/maltodextrin ABC transporter, maltose/maltodextrin-binding protein	Basal machinery
CGSSp9BS68_11190	CGSSp9BS68_11190				4-alpha-glucanotransferase	M4
CGSSp9BS68_11195	CGSSp9BS68_11195				maltodextrin phosphorylase	M4
CGSSp9BS68_11330	CGSSp9BS68_11330				response regulator	M6.2
CGSSp9BS68_11495	CGSSp9BS68_11495				competence protein CglA	Basal machinery
CGSSp9BS68_11500	CGSSp9BS68_11500				Competence protein	Basal machinery
CGSSp9BS68_11505	CGSSp9BS68_11505				competence protein CglC	Basal machinery
CGSSp9BS68_11715	CGSSp9BS68_11715				glyceraldehyde-3-phosphate dehydrogenase, type I	Basal machinery
CGSSp9BS68_11782	CGSSp9BS68_11782				transcriptional regulator ComX2	Global regulator
CGSSp9BS68_11967	CGSSp9BS68_11967				SpoJ protein	Basal machinery
CGSSp9BS68_11982	CGSSp9BS68_11982				competence-stimulating peptide type 1	M2
CGSSp9BS68_11987	CGSSp9BS68_11987				putative sensor histidine kinase ComD	Basal machinery
CGSSp9BS68_11992	CGSSp9BS68_11992				response regulator	Global regulator
CGSSp9BS68_12057	CGSSp9BS68_12057				CDP-diacylglycerol--glycerol-3-phosphate 3-phosphatidyltransferase	Basal machinery
acpP	acpP		A5LXB9		acyl carrier protein	Basal machinery
dnaA	dnaA		A5LUT1		chromosomal replication initiation protein	M6.2
dnaK	dnaK		A5LX33		molecular chaperone DnaK	M2
eno	eno		A5LWN7		phosphopyruvate hydratase	Basal machinery
fabG	fabG		A5LVI3		3-ketoacyl-(acyl-carrier-protein) reductase	Basal machinery
fabZ	fabZ		A5LVI7		(3R)-hydroxymyristoyl ACP dehydratase	Basal machinery
hrcA	hrcA		A5LX34		heat-inducible transcription repressor	M2
ligA	ligA		A5LWM6		NAD-dependent DNA ligase LigA	Basal machinery
ppnK	ppnK		A5LVX1		inorganic polyphosphate/ATP-NAD kinase	Basal machinery
prsA	prsA		A5LT53		foldase protein PrsA	Basal machinery
recU	recU		A5LWH9		Holliday junction-specific endonuclease	Basal machinery
rplE	rplE		A5LSZ2		50S ribosomal protein L5	Basal machinery
rplX	rplX		A5LSZ1		50S ribosomal protein L24	Basal machinery
rpsH	rpsH		A5LSZ5		30S ribosomal protein S8	Basal machinery
trmB	trmB		A5LRW3		tRNA (guanine-N(7))-methyltransferase	Basal machinery
