id,source,target
rivRX-SpyM51815,rivRX,SpyM51815
rivRX-SpyM50536,rivRX,SpyM50536
rivRX-SpyM50091,rivRX,SpyM50091
rivRX-SpyM50613,rivRX,SpyM50613
SpyM50803-SpyM50805,SpyM50803,SpyM50805
SpyM50803-SpyM51653,SpyM50803,SpyM51653
SpyM50803-SpyM50801,SpyM50803,SpyM50801
SpyM50803-SpyM50800,SpyM50803,SpyM50800
SpyM50103-SpyM50105,SpyM50103,SpyM50105
SpyM50103-hslO,SpyM50103,hslO
SpyM50103-SpyM51698,SpyM50103,SpyM51698
SpyM50103-SpyM51825,SpyM50103,SpyM51825
SpyM50103-SpyM50107,SpyM50103,SpyM50107
SpyM50103-SpyM51671,SpyM50103,SpyM51671
SpyM50103-SpyM50101,SpyM50103,SpyM50101
SpyM50103-SpyM50103,SpyM50103,SpyM50103
SpyM50103-SpyM50100,SpyM50103,SpyM50100
SpyM50103-SpyM50106a,SpyM50103,SpyM50106a
SpyM50103-SpyM50136,SpyM50103,SpyM50136
SpyM50103-SpyM51686,SpyM50103,SpyM51686
SpyM50109-SpyM50103,SpyM50109,SpyM50103
codY-SpyM50229,codY,SpyM50229
codY-SpyM50228,codY,SpyM50228
codY-SpyM50308,codY,SpyM50308
codY-SpyM51662,codY,SpyM51662
codY-SpyM51701,codY,SpyM51701
codY-xpt,codY,xpt
codY-oppA of oppABCDF operon,codY,oppA of oppABCDF operon
codY-SpyM50820,codY,SpyM50820
codY-SpyM51021,codY,SpyM51021
codY-codY,codY,codY
codY-SpyM51128,codY,SpyM51128
codY-SpyM51167,codY,SpyM51167
codY-SpyM50230,codY,SpyM50230
codY-SpyM50231,codY,SpyM50231
codY-SpyM51127,codY,SpyM51127
codY-SpyM51673,codY,SpyM51673
codY-SpyM51572,codY,SpyM51572
codY-SpyM51573,codY,SpyM51573
codY-asnA,codY,asnA
codY-SpyM50931,codY,SpyM50931
codY-arcA,codY,arcA
codY-SpyM50135,codY,SpyM50135
codY-SpyM50134,codY,SpyM50134
codY-SpyM50136,codY,SpyM50136
codY-SpyM51246,codY,SpyM51246
codY-SpyM51247,codY,SpyM51247
SpyM51573-rivRX,SpyM51573,rivRX
SpyM51573-SpyM50151,SpyM51573,SpyM50151
SpyM51573-SpyM50150,SpyM51573,SpyM50150
SpyM51573-SpyM51387,SpyM51573,SpyM51387
SpyM51573-luxS,SpyM51573,luxS
SpyM51573-SpyM51701,SpyM51573,SpyM51701
SpyM51573-SpyM50175,SpyM51573,SpyM50175
SpyM51573-SpyM51702,SpyM51573,SpyM51702
SpyM51573-SpyM50176,SpyM51573,SpyM50176
SpyM51573-SpyM51239,SpyM51573,SpyM51239
SpyM51573-SpyM51698,SpyM51573,SpyM51698
SpyM51573-SpyM51824,SpyM51573,SpyM51824
SpyM51573-SpyM51674,SpyM51573,SpyM51674
SpyM51573-SpyM51677,SpyM51573,SpyM51677
SpyM51573-SpyM51676,SpyM51573,SpyM51676
SpyM51573-SpyM51673,SpyM51573,SpyM51673
SpyM51573-SpyM51572,SpyM51573,SpyM51572
SpyM51573-SpyM51573,SpyM51573,SpyM51573
SpyM51573-SpyM51675,SpyM51573,SpyM51675
SpyM51573-SpyM51825,SpyM51573,SpyM51825
SpyM51573-SpyM51826,SpyM51573,SpyM51826
SpyM51573-arcA,SpyM51573,arcA
SpyM51573-SpyM51240,SpyM51573,SpyM51240
SpyM51573-SpyM51241,SpyM51573,SpyM51241
SpyM51573-SpyM51242,SpyM51573,SpyM51242
SpyM51573-SpyM51243,SpyM51573,SpyM51243
SpyM51573-SpyM51244,SpyM51573,SpyM51244
SpyM51573-SpyM51245,SpyM51573,SpyM51245
SpyM51573-SpyM51246,SpyM51573,SpyM51246
SpyM51573-SpyM51247,SpyM51573,SpyM51247
SpyM51683-SpyM51572,SpyM51683,SpyM51572
SpyM51683-SpyM51659,SpyM51683,SpyM51659
SpyM51683-scpA,SpyM51683,scpA
SpyM50075-SpyM51261,SpyM50075,SpyM51261
SpyM50075-rpsN,SpyM50075,rpsN
SpyM50075-SpyM50075,SpyM50075,SpyM50075
SpyM50075-SpyM51680,SpyM50075,SpyM51680
SpyM50075-SpyM50750,SpyM50075,SpyM50750
SpyM50075-SpyM50076,SpyM50075,SpyM50076
SpyM50075-SpyM50077,SpyM50075,SpyM50077
SpyM50154-SpyM50593,SpyM50154,SpyM50593
SpyM50154-SpyM50714,SpyM50154,SpyM50714
SpyM50154-SpyM51537,SpyM50154,SpyM51537
SpyM50154-SpyM51534,SpyM50154,SpyM51534
SpyM50154-SpyM51535,SpyM50154,SpyM51535
SpyM50154-SpyM50693,SpyM50154,SpyM50693
SpyM50154-SpyM51726,SpyM50154,SpyM51726
SpyM50154-SpyM51725,SpyM50154,SpyM51725
SpyM50154-SpyM51495,SpyM50154,SpyM51495
SpyM50154-SpyM51496,SpyM50154,SpyM51496
luxS-SpyM51247,luxS,SpyM51247
luxS-SpyM51698,luxS,SpyM51698
SpyM51701-SpyM51114,SpyM51701,SpyM51114
SpyM51701-SpyM50612,SpyM51701,SpyM50612
SpyM51701-SpyM51837,SpyM51701,SpyM51837
SpyM51701-SpyM51483,SpyM51701,SpyM51483
SpyM51701-SpyM51727,SpyM51701,SpyM51727
SpyM51701-SpyM51814,SpyM51701,SpyM51814
SpyM51701-SpyM51702,SpyM51701,SpyM51702
SpyM51701-SpyM51726,SpyM51701,SpyM51726
SpyM51701-SpyM50534,SpyM51701,SpyM50534
SpyM51701-clpP,SpyM51701,clpP
SpyM51701-SpyM50129,SpyM51701,SpyM50129
SpyM51701-SpyM51025,SpyM51701,SpyM51025
SpyM51701-SpyM50582,SpyM51701,SpyM50582
SpyM51701-SpyM51006,SpyM51701,SpyM51006
SpyM51701-SpyM51007,SpyM51701,SpyM51007
SpyM51701-SpyM51004,SpyM51701,SpyM51004
SpyM51701-arcB,SpyM51701,arcB
SpyM51701-SpyM51699,SpyM51701,SpyM51699
SpyM51701-SpyM51698,SpyM51701,SpyM51698
SpyM51701-SpyM50997,SpyM51701,SpyM50997
SpyM51701-SpyM51008,SpyM51701,SpyM51008
SpyM51701-hutI,SpyM51701,hutI
SpyM51701-arcA,SpyM51701,arcA
SpyM51701-SpyM50281,SpyM51701,SpyM50281
SpyM51701-dnaK,SpyM51701,dnaK
SpyM51701-SpyM50015,SpyM51701,SpyM50015
SpyM51128-SpyM51698,SpyM51128,SpyM51698
SpyM50236-SpyM50711,SpyM50236,SpyM50711
SpyM50236-SpyM50712,SpyM50236,SpyM50712
SpyM50236-SpyM50906,SpyM50236,SpyM50906
SpyM50236-recA,SpyM50236,recA
SpyM50236-cinA,SpyM50236,cinA
SpyM50236-SpyM50085,SpyM50236,SpyM50085
SpyM50236-SpyM50084,SpyM50236,SpyM50084
SpyM50236-SpyM50087,SpyM50236,SpyM50087
SpyM50236-SpyM50086,SpyM50236,SpyM50086
SpyM50236-SpyM50090,SpyM50236,SpyM50090
SpyM50236-SpyM50721,SpyM50236,SpyM50721
SpyM50236-SpyM50089,SpyM50236,SpyM50089
SpyM50236-SpyM50088,SpyM50236,SpyM50088
SpyM51498-SpyM51420,SpyM51498,SpyM51420
SpyM51498-nrdI,SpyM51498,nrdI
SpyM51498-SpyM51419,SpyM51498,SpyM51419
SpyM51498-SpyM50317,SpyM51498,SpyM50317
SpyM51498-SpyM50316,SpyM51498,SpyM50316
SpyM51498-SpyM51415,SpyM51498,SpyM51415
SpyM51498-SpyM51417,SpyM51498,SpyM51417
SpyM51498-SpyM51416,SpyM51498,SpyM51416
SpyM51498-SpyM51514,SpyM51498,SpyM51514
SpyM51498-SpyM51418,SpyM51498,SpyM51418
SpyM51498-SpyM50319,SpyM51498,SpyM50319
SpyM51498-SpyM50318,SpyM51498,SpyM50318
SpyM51498-SpyM51512,SpyM51498,SpyM51512
SpyM51498-SpyM51498,SpyM51498,SpyM51498
SpyM51498-SpyM51421,SpyM51498,SpyM51421
SpyM51498-pyrF,SpyM51498,pyrF
SpyM51498-pyrE,SpyM51498,pyrE
SpyM51498-SpyM51495,SpyM51498,SpyM51495
SpyM51498-SpyM51496,SpyM51498,SpyM51496
SpyM51498-aroE.2,SpyM51498,aroE.2
SpyM51498-SpyM50324,SpyM51498,SpyM50324
SpyM51498-SpyM50325,SpyM51498,SpyM50325
SpyM51498-SpyM51422,SpyM51498,SpyM51422
SpyM51498-SpyM50320,SpyM51498,SpyM50320
SpyM51498-SpyM50321,SpyM51498,SpyM50321
SpyM51498-SpyM50322,SpyM51498,SpyM50322
SpyM51498-SpyM50323,SpyM51498,SpyM50323
SpyM50274-SpyM50040,SpyM50274,SpyM50040
SpyM50274-SpyM51261,SpyM50274,SpyM51261
SpyM50274-SpyM50263,SpyM50274,SpyM50263
SpyM50274-SpyM50220,SpyM50274,SpyM50220
SpyM50274-SpyM51698,SpyM50274,SpyM51698
SpyM50274-nrdR,SpyM50274,nrdR
SpyM50274-SpyM50750,SpyM50274,SpyM50750
SpyM51595-SpyM50711,SpyM51595,SpyM50711
SpyM51595-SpyM50712,SpyM51595,SpyM50712
SpyM51595-SpyM50906,SpyM51595,SpyM50906
SpyM51595-recA,SpyM51595,recA
SpyM51595-cinA,SpyM51595,cinA
SpyM51595-SpyM50085,SpyM51595,SpyM50085
SpyM51595-SpyM50084,SpyM51595,SpyM50084
SpyM51595-SpyM50087,SpyM51595,SpyM50087
SpyM51595-SpyM50086,SpyM51595,SpyM50086
SpyM51595-SpyM50090,SpyM51595,SpyM50090
SpyM51595-SpyM50721,SpyM51595,SpyM50721
SpyM51595-SpyM50089,SpyM51595,SpyM50089
SpyM51595-SpyM50088,SpyM51595,SpyM50088
SpyM51247-SpyM51698,SpyM51247,SpyM51698
SpyM51446-rivRX,SpyM51446,rivRX
SpyM51446-SpyM50550,SpyM51446,SpyM50550
SpyM51446-SpyM50984,SpyM51446,SpyM50984
SpyM51446-SpyM50985,SpyM51446,SpyM50985
SpyM51446-SpyM50986,SpyM51446,SpyM50986
SpyM51446-SpyM50983,SpyM51446,SpyM50983
SpyM51446-SpyM50578,SpyM51446,SpyM50578
SpyM51446-SpyM51239,SpyM51446,SpyM51239
SpyM51446-SpyM50580,SpyM51446,SpyM50580
SpyM51446-SpyM50581,SpyM51446,SpyM50581
SpyM51446-SpyM50582,SpyM51446,SpyM50582
SpyM51446-SpyM51240,SpyM51446,SpyM51240
SpyM51446-SpyM51709,SpyM51446,SpyM51709
SpyM51446-arcA,SpyM51446,arcA
SpyM51446-arcB,SpyM51446,arcB
SpyM51446-SpyM51446,SpyM51446,SpyM51446
SpyM51446-SpyM51241,SpyM51446,SpyM51241
SpyM51446-SpyM51242,SpyM51446,SpyM51242
SpyM51446-SpyM51243,SpyM51446,SpyM51243
SpyM51446-SpyM51244,SpyM51446,SpyM51244
SpyM51446-SpyM51245,SpyM51446,SpyM51245
SpyM51446-SpyM51246,SpyM51446,SpyM51246
SpyM51446-SpyM51247,SpyM51446,SpyM51247
hrcA-groS,hrcA,groS
hrcA-dnaK,hrcA,dnaK
hrcA-groL,hrcA,groL
SpyM5s02-SpyM51017,SpyM5s02,SpyM51017
SpyM5s02-SpyM51247,SpyM5s02,SpyM51247
SpyM51429-SpyM51824,SpyM51429,SpyM51824
SpyM51429-SpyM51825,SpyM51429,SpyM51825
SpyM51429-SpyM51826,SpyM51429,SpyM51826
