TopoName,MAN-PNStr,MAN,EdgeString,SelfActivation,CircuitType,Category,MiddleNode,NumPosEdges,NumNegEdges,NumNullEdges
001_00_NS,001-00,001,00,NS,Dyad,Holistic,False,0,0,2
001_00_SA,001-00,001,00,SA,Dyad,Holistic,False,0,0,2
010_N0_NS,010-N0,010,N0,NS,Dyad,Holistic,False,0,1,1
010_N0_SA,010-N0,010,N0,SA,Dyad,Holistic,False,0,1,1
010_P0_NS,010-P0,010,P0,NS,Dyad,Holistic,False,1,0,1
010_P0_SA,010-P0,010,P0,SA,Dyad,Holistic,False,1,0,1
100_NN_NS,100-NN,100,NN,NS,Dyad,Holistic,True,0,2,0
100_NN_SA,100-NN,100,NN,SA,Dyad,Holistic,True,0,2,0
100_PN_NS,100-PN,100,PN,NS,Dyad,Holistic,True,1,1,0
100_PN_SA,100-PN,100,PN,SA,Dyad,Holistic,True,1,1,0
100_PP_NS,100-PP,100,PP,NS,Dyad,Holistic,True,2,0,0
100_PP_SA,100-PP,100,PP,SA,Dyad,Holistic,True,2,0,0
003_000000_NS,003-000000,003,000000,NS,Triad,Pendant,False,0,0,6
003_000000_SA,003-000000,003,000000,SA,Triad,Pendant,False,0,0,6
012_0000N0_NS,012-0000N0,012,0000N0,NS,Triad,Pendant,False,0,1,5
012_0000N0_SA,012-0000N0,012,0000N0,SA,Triad,Pendant,False,0,1,5
012_0000P0_NS,012-0000P0,012,0000P0,NS,Triad,Pendant,False,1,0,5
012_0000P0_SA,012-0000P0,012,0000P0,SA,Triad,Pendant,False,1,0,5
021C_0NN000_NS,021C-0NN000,021C,0NN000,NS,Triad,Pendant,True,0,2,4
021C_0NN000_SA,021C-0NN000,021C,0NN000,SA,Triad,Pendant,True,0,2,4
021C_0NP000_NS,021C-0NP000,021C,0NP000,NS,Triad,Pendant,True,1,1,4
021C_0NP000_SA,021C-0NP000,021C,0NP000,SA,Triad,Pendant,True,1,1,4
021C_0PN000_NS,021C-0PN000,021C,0PN000,NS,Triad,Pendant,True,1,1,4
021C_0PN000_SA,021C-0PN000,021C,0PN000,SA,Triad,Pendant,True,1,1,4
021C_0PP000_NS,021C-0PP000,021C,0PP000,NS,Triad,Pendant,True,2,0,4
021C_0PP000_SA,021C-0PP000,021C,0PP000,SA,Triad,Pendant,True,2,0,4
021D_N0N000_NS,021D-N0N000,021D,N0N000,NS,Triad,Pendant,False,0,2,4
021D_N0N000_SA,021D-N0N000,021D,N0N000,SA,Triad,Pendant,False,0,2,4
021D_N0P000_NS,021D-N0P000,021D,N0P000,NS,Triad,Pendant,False,1,1,4
021D_N0P000_SA,021D-N0P000,021D,N0P000,SA,Triad,Pendant,False,1,1,4
021D_P0P000_NS,021D-P0P000,021D,P0P000,NS,Triad,Pendant,False,2,0,4
021D_P0P000_SA,021D-P0P000,021D,P0P000,SA,Triad,Pendant,False,2,0,4
021U_0N0N00_NS,021U-0N0N00,021U,0N0N00,NS,Triad,Pendant,False,0,2,4
021U_0N0N00_SA,021U-0N0N00,021U,0N0N00,SA,Triad,Pendant,False,0,2,4
021U_0N0P00_NS,021U-0N0P00,021U,0N0P00,NS,Triad,Pendant,False,1,1,4
021U_0N0P00_SA,021U-0N0P00,021U,0N0P00,SA,Triad,Pendant,False,1,1,4
021U_0P0P00_NS,021U-0P0P00,021U,0P0P00,NS,Triad,Pendant,False,2,0,4
021U_0P0P00_SA,021U-0P0P00,021U,0P0P00,SA,Triad,Pendant,False,2,0,4
030C_N00NN0_NS,030C-N00NN0,030C,N00NN0,NS,Triad,Holistic,True,0,3,3
030C_N00NN0_SA,030C-N00NN0,030C,N00NN0,SA,Triad,Holistic,True,0,3,3
030C_N00PN0_NS,030C-N00PN0,030C,N00PN0,NS,Triad,Holistic,True,1,2,3
030C_N00PN0_SA,030C-N00PN0,030C,N00PN0,SA,Triad,Holistic,True,1,2,3
030C_N00PP0_NS,030C-N00PP0,030C,N00PP0,NS,Triad,Holistic,True,2,1,3
030C_N00PP0_SA,030C-N00PP0,030C,N00PP0,SA,Triad,Holistic,True,2,1,3
030C_P00PP0_NS,030C-P00PP0,030C,P00PP0,NS,Triad,Holistic,True,3,0,3
030C_P00PP0_SA,030C-P00PP0,030C,P00PP0,SA,Triad,Holistic,True,3,0,3
030T_0N0NN0_NS,030T-0N0NN0,030T,0N0NN0,NS,Triad,Holistic,True,0,3,3
030T_0N0NN0_SA,030T-0N0NN0,030T,0N0NN0,SA,Triad,Holistic,True,0,3,3
030T_0N0NP0_NS,030T-0N0NP0,030T,0N0NP0,NS,Triad,Holistic,True,1,2,3
030T_0N0NP0_SA,030T-0N0NP0,030T,0N0NP0,SA,Triad,Holistic,True,1,2,3
030T_0N0PN0_NS,030T-0N0PN0,030T,0N0PN0,NS,Triad,Holistic,True,1,2,3
030T_0N0PN0_SA,030T-0N0PN0,030T,0N0PN0,SA,Triad,Holistic,True,1,2,3
030T_0N0PP0_NS,030T-0N0PP0,030T,0N0PP0,NS,Triad,Holistic,True,2,1,3
030T_0N0PP0_SA,030T-0N0PP0,030T,0N0PP0,SA,Triad,Holistic,True,2,1,3
030T_0P0NN0_NS,030T-0P0NN0,030T,0P0NN0,NS,Triad,Holistic,True,1,2,3
030T_0P0NN0_SA,030T-0P0NN0,030T,0P0NN0,SA,Triad,Holistic,True,1,2,3
030T_0P0NP0_NS,030T-0P0NP0,030T,0P0NP0,NS,Triad,Holistic,True,2,1,3
030T_0P0NP0_SA,030T-0P0NP0,030T,0P0NP0,SA,Triad,Holistic,True,2,1,3
030T_0P0PN0_NS,030T-0P0PN0,030T,0P0PN0,NS,Triad,Holistic,True,2,1,3
030T_0P0PN0_SA,030T-0P0PN0,030T,0P0PN0,SA,Triad,Holistic,True,2,1,3
030T_0P0PP0_NS,030T-0P0PP0,030T,0P0PP0,NS,Triad,Holistic,True,3,0,3
030T_0P0PP0_SA,030T-0P0PP0,030T,0P0PP0,SA,Triad,Holistic,True,3,0,3
102_0000NN_NS,102-0000NN,102,0000NN,NS,Triad,Pendant,True,0,2,4
102_0000NN_SA,102-0000NN,102,0000NN,SA,Triad,Pendant,True,0,2,4
102_0000NP_NS,102-0000NP,102,0000NP,NS,Triad,Pendant,True,1,1,4
102_0000NP_SA,102-0000NP,102,0000NP,SA,Triad,Pendant,True,1,1,4
102_0000PP_NS,102-0000PP,102,0000PP,NS,Triad,Pendant,True,2,0,4
102_0000PP_SA,102-0000PP,102,0000PP,SA,Triad,Pendant,True,2,0,4
111D_N000NN_NS,111D-N000NN,111D,N000NN,NS,Triad,Pendant,True,0,3,3
111D_N000NN_SA,111D-N000NN,111D,N000NN,SA,Triad,Pendant,True,0,3,3
111D_N000NP_NS,111D-N000NP,111D,N000NP,NS,Triad,Pendant,True,1,2,3
111D_N000NP_SA,111D-N000NP,111D,N000NP,SA,Triad,Pendant,True,1,2,3
111D_N000PN_NS,111D-N000PN,111D,N000PN,NS,Triad,Pendant,True,1,2,3
111D_N000PN_SA,111D-N000PN,111D,N000PN,SA,Triad,Pendant,True,1,2,3
111D_N000PP_NS,111D-N000PP,111D,N000PP,NS,Triad,Pendant,True,2,1,3
111D_N000PP_SA,111D-N000PP,111D,N000PP,SA,Triad,Pendant,True,2,1,3
111D_P000NN_NS,111D-P000NN,111D,P000NN,NS,Triad,Pendant,True,1,2,3
111D_P000NN_SA,111D-P000NN,111D,P000NN,SA,Triad,Pendant,True,1,2,3
111D_P000NP_NS,111D-P000NP,111D,P000NP,NS,Triad,Pendant,True,2,1,3
111D_P000NP_SA,111D-P000NP,111D,P000NP,SA,Triad,Pendant,True,2,1,3
111D_P000PN_NS,111D-P000PN,111D,P000PN,NS,Triad,Pendant,True,2,1,3
111D_P000PN_SA,111D-P000PN,111D,P000PN,SA,Triad,Pendant,True,2,1,3
111D_P000PP_NS,111D-P000PP,111D,P000PP,NS,Triad,Pendant,True,3,0,3
111D_P000PP_SA,111D-P000PP,111D,P000PP,SA,Triad,Pendant,True,3,0,3
111U_0N00NN_NS,111U-0N00NN,111U,0N00NN,NS,Triad,Pendant,True,0,3,3
111U_0N00NN_SA,111U-0N00NN,111U,0N00NN,SA,Triad,Pendant,True,0,3,3
111U_0N00NP_NS,111U-0N00NP,111U,0N00NP,NS,Triad,Pendant,True,1,2,3
111U_0N00NP_SA,111U-0N00NP,111U,0N00NP,SA,Triad,Pendant,True,1,2,3
111U_0N00PN_NS,111U-0N00PN,111U,0N00PN,NS,Triad,Pendant,True,1,2,3
111U_0N00PN_SA,111U-0N00PN,111U,0N00PN,SA,Triad,Pendant,True,1,2,3
111U_0N00PP_NS,111U-0N00PP,111U,0N00PP,NS,Triad,Pendant,True,2,1,3
111U_0N00PP_SA,111U-0N00PP,111U,0N00PP,SA,Triad,Pendant,True,2,1,3
111U_0P00NN_NS,111U-0P00NN,111U,0P00NN,NS,Triad,Pendant,True,1,2,3
111U_0P00NN_SA,111U-0P00NN,111U,0P00NN,SA,Triad,Pendant,True,1,2,3
111U_0P00NP_NS,111U-0P00NP,111U,0P00NP,NS,Triad,Pendant,True,2,1,3
111U_0P00NP_SA,111U-0P00NP,111U,0P00NP,SA,Triad,Pendant,True,2,1,3
111U_0P00PN_NS,111U-0P00PN,111U,0P00PN,NS,Triad,Pendant,True,2,1,3
111U_0P00PN_SA,111U-0P00PN,111U,0P00PN,SA,Triad,Pendant,True,2,1,3
111U_0P00PP_NS,111U-0P00PP,111U,0P00PP,NS,Triad,Pendant,True,3,0,3
111U_0P00PP_SA,111U-0P00PP,111U,0P00PP,SA,Triad,Pendant,True,3,0,3
120C_0NN0NN_NS,120C-0NN0NN,120C,0NN0NN,NS,Triad,Pendant,True,0,4,2
120C_0NN0NN_SA,120C-0NN0NN,120C,0NN0NN,SA,Triad,Pendant,True,0,4,2
120C_0NN0NP_NS,120C-0NN0NP,120C,0NN0NP,NS,Triad,Pendant,True,1,3,2
120C_0NN0NP_SA,120C-0NN0NP,120C,0NN0NP,SA,Triad,Pendant,True,1,3,2
120C_0NN0PN_NS,120C-0NN0PN,120C,0NN0PN,NS,Triad,Pendant,True,1,3,2
120C_0NN0PN_SA,120C-0NN0PN,120C,0NN0PN,SA,Triad,Pendant,True,1,3,2
120C_0NN0PP_NS,120C-0NN0PP,120C,0NN0PP,NS,Triad,Pendant,True,2,2,2
120C_0NN0PP_SA,120C-0NN0PP,120C,0NN0PP,SA,Triad,Pendant,True,2,2,2
120C_0NP0NN_NS,120C-0NP0NN,120C,0NP0NN,NS,Triad,Pendant,True,1,3,2
120C_0NP0NN_SA,120C-0NP0NN,120C,0NP0NN,SA,Triad,Pendant,True,1,3,2
120C_0NP0NP_NS,120C-0NP0NP,120C,0NP0NP,NS,Triad,Pendant,True,2,2,2
120C_0NP0NP_SA,120C-0NP0NP,120C,0NP0NP,SA,Triad,Pendant,True,2,2,2
120C_0NP0PN_NS,120C-0NP0PN,120C,0NP0PN,NS,Triad,Pendant,True,2,2,2
120C_0NP0PN_SA,120C-0NP0PN,120C,0NP0PN,SA,Triad,Pendant,True,2,2,2
120C_0NP0PP_NS,120C-0NP0PP,120C,0NP0PP,NS,Triad,Pendant,True,3,1,2
120C_0NP0PP_SA,120C-0NP0PP,120C,0NP0PP,SA,Triad,Pendant,True,3,1,2
120C_0PN0NN_NS,120C-0PN0NN,120C,0PN0NN,NS,Triad,Pendant,True,1,3,2
120C_0PN0NN_SA,120C-0PN0NN,120C,0PN0NN,SA,Triad,Pendant,True,1,3,2
120C_0PN0NP_NS,120C-0PN0NP,120C,0PN0NP,NS,Triad,Pendant,True,2,2,2
120C_0PN0NP_SA,120C-0PN0NP,120C,0PN0NP,SA,Triad,Pendant,True,2,2,2
120C_0PN0PN_NS,120C-0PN0PN,120C,0PN0PN,NS,Triad,Pendant,True,2,2,2
120C_0PN0PN_SA,120C-0PN0PN,120C,0PN0PN,SA,Triad,Pendant,True,2,2,2
120C_0PN0PP_NS,120C-0PN0PP,120C,0PN0PP,NS,Triad,Pendant,True,3,1,2
120C_0PN0PP_SA,120C-0PN0PP,120C,0PN0PP,SA,Triad,Pendant,True,3,1,2
120C_0PP0NN_NS,120C-0PP0NN,120C,0PP0NN,NS,Triad,Pendant,True,2,2,2
120C_0PP0NN_SA,120C-0PP0NN,120C,0PP0NN,SA,Triad,Pendant,True,2,2,2
120C_0PP0NP_NS,120C-0PP0NP,120C,0PP0NP,NS,Triad,Pendant,True,3,1,2
120C_0PP0NP_SA,120C-0PP0NP,120C,0PP0NP,SA,Triad,Pendant,True,3,1,2
120C_0PP0PN_NS,120C-0PP0PN,120C,0PP0PN,NS,Triad,Pendant,True,3,1,2
120C_0PP0PN_SA,120C-0PP0PN,120C,0PP0PN,SA,Triad,Pendant,True,3,1,2
120C_0PP0PP_NS,120C-0PP0PP,120C,0PP0PP,NS,Triad,Pendant,True,4,0,2
120C_0PP0PP_SA,120C-0PP0PP,120C,0PP0PP,SA,Triad,Pendant,True,4,0,2
120D_N0N0NN_NS,120D-N0N0NN,120D,N0N0NN,NS,Triad,Pendant,True,0,4,2
120D_N0N0NN_SA,120D-N0N0NN,120D,N0N0NN,SA,Triad,Pendant,True,0,4,2
120D_N0N0NP_NS,120D-N0N0NP,120D,N0N0NP,NS,Triad,Pendant,True,1,3,2
120D_N0N0NP_SA,120D-N0N0NP,120D,N0N0NP,SA,Triad,Pendant,True,1,3,2
120D_N0N0PP_NS,120D-N0N0PP,120D,N0N0PP,NS,Triad,Pendant,True,2,2,2
120D_N0N0PP_SA,120D-N0N0PP,120D,N0N0PP,SA,Triad,Pendant,True,2,2,2
120D_N0P0NN_NS,120D-N0P0NN,120D,N0P0NN,NS,Triad,Pendant,True,1,3,2
120D_N0P0NN_SA,120D-N0P0NN,120D,N0P0NN,SA,Triad,Pendant,True,1,3,2
120D_N0P0NP_NS,120D-N0P0NP,120D,N0P0NP,NS,Triad,Pendant,True,2,2,2
120D_N0P0NP_SA,120D-N0P0NP,120D,N0P0NP,SA,Triad,Pendant,True,2,2,2
120D_N0P0PP_NS,120D-N0P0PP,120D,N0P0PP,NS,Triad,Pendant,True,3,1,2
120D_N0P0PP_SA,120D-N0P0PP,120D,N0P0PP,SA,Triad,Pendant,True,3,1,2
120D_P0N0NP_NS,120D-P0N0NP,120D,P0N0NP,NS,Triad,Pendant,True,2,2,2
120D_P0N0NP_SA,120D-P0N0NP,120D,P0N0NP,SA,Triad,Pendant,True,2,2,2
120D_P0P0NN_NS,120D-P0P0NN,120D,P0P0NN,NS,Triad,Pendant,True,2,2,2
120D_P0P0NN_SA,120D-P0P0NN,120D,P0P0NN,SA,Triad,Pendant,True,2,2,2
120D_P0P0NP_NS,120D-P0P0NP,120D,P0P0NP,NS,Triad,Pendant,True,3,1,2
120D_P0P0NP_SA,120D-P0P0NP,120D,P0P0NP,SA,Triad,Pendant,True,3,1,2
120D_P0P0PP_NS,120D-P0P0PP,120D,P0P0PP,NS,Triad,Pendant,True,4,0,2
120D_P0P0PP_SA,120D-P0P0PP,120D,P0P0PP,SA,Triad,Pendant,True,4,0,2
120U_0N0NNN_NS,120U-0N0NNN,120U,0N0NNN,NS,Triad,Pendant,True,0,4,2
120U_0N0NNN_SA,120U-0N0NNN,120U,0N0NNN,SA,Triad,Pendant,True,0,4,2
120U_0N0NNP_NS,120U-0N0NNP,120U,0N0NNP,NS,Triad,Pendant,True,1,3,2
120U_0N0NNP_SA,120U-0N0NNP,120U,0N0NNP,SA,Triad,Pendant,True,1,3,2
120U_0N0NPP_NS,120U-0N0NPP,120U,0N0NPP,NS,Triad,Pendant,True,2,2,2
120U_0N0NPP_SA,120U-0N0NPP,120U,0N0NPP,SA,Triad,Pendant,True,2,2,2
120U_0N0PNN_NS,120U-0N0PNN,120U,0N0PNN,NS,Triad,Pendant,True,1,3,2
120U_0N0PNN_SA,120U-0N0PNN,120U,0N0PNN,SA,Triad,Pendant,True,1,3,2
120U_0N0PNP_NS,120U-0N0PNP,120U,0N0PNP,NS,Triad,Pendant,True,2,2,2
120U_0N0PNP_SA,120U-0N0PNP,120U,0N0PNP,SA,Triad,Pendant,True,2,2,2
120U_0N0PPN_NS,120U-0N0PPN,120U,0N0PPN,NS,Triad,Pendant,True,2,2,2
120U_0N0PPN_SA,120U-0N0PPN,120U,0N0PPN,SA,Triad,Pendant,True,2,2,2
120U_0N0PPP_NS,120U-0N0PPP,120U,0N0PPP,NS,Triad,Pendant,True,3,1,2
120U_0N0PPP_SA,120U-0N0PPP,120U,0N0PPP,SA,Triad,Pendant,True,3,1,2
120U_0P0PNN_NS,120U-0P0PNN,120U,0P0PNN,NS,Triad,Pendant,True,2,2,2
120U_0P0PNN_SA,120U-0P0PNN,120U,0P0PNN,SA,Triad,Pendant,True,2,2,2
120U_0P0PNP_NS,120U-0P0PNP,120U,0P0PNP,NS,Triad,Pendant,True,3,1,2
120U_0P0PNP_SA,120U-0P0PNP,120U,0P0PNP,SA,Triad,Pendant,True,3,1,2
120U_0P0PPP_NS,120U-0P0PPP,120U,0P0PPP,NS,Triad,Pendant,True,4,0,2
120U_0P0PPP_SA,120U-0P0PPP,120U,0P0PPP,SA,Triad,Pendant,True,4,0,2
201_00NNNN_NS,201-00NNNN,201,00NNNN,NS,Triad,Pendant,True,0,4,2
201_00NNNN_SA,201-00NNNN,201,00NNNN,SA,Triad,Pendant,True,0,4,2
201_00NNNP_NS,201-00NNNP,201,00NNNP,NS,Triad,Pendant,True,1,3,2
201_00NNNP_SA,201-00NNNP,201,00NNNP,SA,Triad,Pendant,True,1,3,2
201_00NNPN_NS,201-00NNPN,201,00NNPN,NS,Triad,Pendant,True,1,3,2
201_00NNPN_SA,201-00NNPN,201,00NNPN,SA,Triad,Pendant,True,1,3,2
201_00NNPP_NS,201-00NNPP,201,00NNPP,NS,Triad,Pendant,True,2,2,2
201_00NNPP_SA,201-00NNPP,201,00NNPP,SA,Triad,Pendant,True,2,2,2
201_00NPNP_NS,201-00NPNP,201,00NPNP,NS,Triad,Pendant,True,2,2,2
201_00NPNP_SA,201-00NPNP,201,00NPNP,SA,Triad,Pendant,True,2,2,2
201_00NPPN_NS,201-00NPPN,201,00NPPN,NS,Triad,Pendant,True,2,2,2
201_00NPPN_SA,201-00NPPN,201,00NPPN,SA,Triad,Pendant,True,2,2,2
201_00NPPP_NS,201-00NPPP,201,00NPPP,NS,Triad,Pendant,True,3,1,2
201_00NPPP_SA,201-00NPPP,201,00NPPP,SA,Triad,Pendant,True,3,1,2
201_00PNPN_NS,201-00PNPN,201,00PNPN,NS,Triad,Pendant,True,2,2,2
201_00PNPN_SA,201-00PNPN,201,00PNPN,SA,Triad,Pendant,True,2,2,2
201_00PNPP_NS,201-00PNPP,201,00PNPP,NS,Triad,Pendant,True,3,1,2
201_00PNPP_SA,201-00PNPP,201,00PNPP,SA,Triad,Pendant,True,3,1,2
201_00PPPP_NS,201-00PPPP,201,00PPPP,NS,Triad,Pendant,True,4,0,2
201_00PPPP_SA,201-00PPPP,201,00PPPP,SA,Triad,Pendant,True,4,0,2
210_NNN0NN_NS,210-NNN0NN,210,NNN0NN,NS,Triad,Pendant,True,0,5,1
210_NNN0NN_SA,210-NNN0NN,210,NNN0NN,SA,Triad,Pendant,True,0,5,1
210_NNN0NP_NS,210-NNN0NP,210,NNN0NP,NS,Triad,Pendant,True,1,4,1
210_NNN0NP_SA,210-NNN0NP,210,NNN0NP,SA,Triad,Pendant,True,1,4,1
210_NNN0PN_NS,210-NNN0PN,210,NNN0PN,NS,Triad,Pendant,True,1,4,1
210_NNN0PN_SA,210-NNN0PN,210,NNN0PN,SA,Triad,Pendant,True,1,4,1
210_NNN0PP_NS,210-NNN0PP,210,NNN0PP,NS,Triad,Pendant,True,2,3,1
210_NNN0PP_SA,210-NNN0PP,210,NNN0PP,SA,Triad,Pendant,True,2,3,1
210_NNP0NN_NS,210-NNP0NN,210,NNP0NN,NS,Triad,Pendant,True,1,4,1
210_NNP0NN_SA,210-NNP0NN,210,NNP0NN,SA,Triad,Pendant,True,1,4,1
210_NNP0NP_NS,210-NNP0NP,210,NNP0NP,NS,Triad,Pendant,True,2,3,1
210_NNP0NP_SA,210-NNP0NP,210,NNP0NP,SA,Triad,Pendant,True,2,3,1
210_NNP0PN_NS,210-NNP0PN,210,NNP0PN,NS,Triad,Pendant,True,2,3,1
210_NNP0PN_SA,210-NNP0PN,210,NNP0PN,SA,Triad,Pendant,True,2,3,1
210_NNP0PP_NS,210-NNP0PP,210,NNP0PP,NS,Triad,Pendant,True,3,2,1
210_NNP0PP_SA,210-NNP0PP,210,NNP0PP,SA,Triad,Pendant,True,3,2,1
210_NPN0NN_NS,210-NPN0NN,210,NPN0NN,NS,Triad,Pendant,True,1,4,1
210_NPN0NN_SA,210-NPN0NN,210,NPN0NN,SA,Triad,Pendant,True,1,4,1
210_NPN0NP_NS,210-NPN0NP,210,NPN0NP,NS,Triad,Pendant,True,2,3,1
210_NPN0NP_SA,210-NPN0NP,210,NPN0NP,SA,Triad,Pendant,True,2,3,1
210_NPN0PN_NS,210-NPN0PN,210,NPN0PN,NS,Triad,Pendant,True,2,3,1
210_NPN0PN_SA,210-NPN0PN,210,NPN0PN,SA,Triad,Pendant,True,2,3,1
210_NPN0PP_NS,210-NPN0PP,210,NPN0PP,NS,Triad,Pendant,True,3,2,1
210_NPN0PP_SA,210-NPN0PP,210,NPN0PP,SA,Triad,Pendant,True,3,2,1
210_NPP0NN_NS,210-NPP0NN,210,NPP0NN,NS,Triad,Pendant,True,2,3,1
210_NPP0NN_SA,210-NPP0NN,210,NPP0NN,SA,Triad,Pendant,True,2,3,1
210_NPP0NP_NS,210-NPP0NP,210,NPP0NP,NS,Triad,Pendant,True,3,2,1
210_NPP0NP_SA,210-NPP0NP,210,NPP0NP,SA,Triad,Pendant,True,3,2,1
210_NPP0PN_NS,210-NPP0PN,210,NPP0PN,NS,Triad,Pendant,True,3,2,1
210_NPP0PN_SA,210-NPP0PN,210,NPP0PN,SA,Triad,Pendant,True,3,2,1
210_NPP0PP_NS,210-NPP0PP,210,NPP0PP,NS,Triad,Pendant,True,4,1,1
210_NPP0PP_SA,210-NPP0PP,210,NPP0PP,SA,Triad,Pendant,True,4,1,1
210_PNN0NN_NS,210-PNN0NN,210,PNN0NN,NS,Triad,Pendant,True,1,4,1
210_PNN0NN_SA,210-PNN0NN,210,PNN0NN,SA,Triad,Pendant,True,1,4,1
210_PNN0NP_NS,210-PNN0NP,210,PNN0NP,NS,Triad,Pendant,True,2,3,1
210_PNN0NP_SA,210-PNN0NP,210,PNN0NP,SA,Triad,Pendant,True,2,3,1
210_PNN0PN_NS,210-PNN0PN,210,PNN0PN,NS,Triad,Pendant,True,2,3,1
210_PNN0PN_SA,210-PNN0PN,210,PNN0PN,SA,Triad,Pendant,True,2,3,1
210_PNN0PP_NS,210-PNN0PP,210,PNN0PP,NS,Triad,Pendant,True,3,2,1
210_PNN0PP_SA,210-PNN0PP,210,PNN0PP,SA,Triad,Pendant,True,3,2,1
210_PNP0NN_NS,210-PNP0NN,210,PNP0NN,NS,Triad,Pendant,True,2,3,1
210_PNP0NN_SA,210-PNP0NN,210,PNP0NN,SA,Triad,Pendant,True,2,3,1
210_PNP0NP_NS,210-PNP0NP,210,PNP0NP,NS,Triad,Pendant,True,3,2,1
210_PNP0NP_SA,210-PNP0NP,210,PNP0NP,SA,Triad,Pendant,True,3,2,1
210_PNP0PN_NS,210-PNP0PN,210,PNP0PN,NS,Triad,Pendant,True,3,2,1
210_PNP0PN_SA,210-PNP0PN,210,PNP0PN,SA,Triad,Pendant,True,3,2,1
210_PNP0PP_NS,210-PNP0PP,210,PNP0PP,NS,Triad,Pendant,True,4,1,1
210_PNP0PP_SA,210-PNP0PP,210,PNP0PP,SA,Triad,Pendant,True,4,1,1
210_PPN0NN_NS,210-PPN0NN,210,PPN0NN,NS,Triad,Pendant,True,2,3,1
210_PPN0NN_SA,210-PPN0NN,210,PPN0NN,SA,Triad,Pendant,True,2,3,1
210_PPN0NP_NS,210-PPN0NP,210,PPN0NP,NS,Triad,Pendant,True,3,2,1
210_PPN0NP_SA,210-PPN0NP,210,PPN0NP,SA,Triad,Pendant,True,3,2,1
210_PPN0PN_NS,210-PPN0PN,210,PPN0PN,NS,Triad,Pendant,True,3,2,1
210_PPN0PN_SA,210-PPN0PN,210,PPN0PN,SA,Triad,Pendant,True,3,2,1
210_PPN0PP_NS,210-PPN0PP,210,PPN0PP,NS,Triad,Pendant,True,4,1,1
210_PPN0PP_SA,210-PPN0PP,210,PPN0PP,SA,Triad,Pendant,True,4,1,1
210_PPP0NN_NS,210-PPP0NN,210,PPP0NN,NS,Triad,Pendant,True,3,2,1
210_PPP0NN_SA,210-PPP0NN,210,PPP0NN,SA,Triad,Pendant,True,3,2,1
210_PPP0NP_NS,210-PPP0NP,210,PPP0NP,NS,Triad,Pendant,True,4,1,1
210_PPP0NP_SA,210-PPP0NP,210,PPP0NP,SA,Triad,Pendant,True,4,1,1
210_PPP0PN_NS,210-PPP0PN,210,PPP0PN,NS,Triad,Pendant,True,4,1,1
210_PPP0PN_SA,210-PPP0PN,210,PPP0PN,SA,Triad,Pendant,True,4,1,1
210_PPP0PP_NS,210-PPP0PP,210,PPP0PP,NS,Triad,Pendant,True,5,0,1
210_PPP0PP_SA,210-PPP0PP,210,PPP0PP,SA,Triad,Pendant,True,5,0,1
300_NNNNNN_NS,300-NNNNNN,300,NNNNNN,NS,Triad,Holistic,True,0,6,0
300_NNNNNN_SA,300-NNNNNN,300,NNNNNN,SA,Triad,Holistic,True,0,6,0
300_NNNNNP_NS,300-NNNNNP,300,NNNNNP,NS,Triad,Holistic,True,1,5,0
300_NNNNNP_SA,300-NNNNNP,300,NNNNNP,SA,Triad,Holistic,True,1,5,0
300_NNNNPP_NS,300-NNNNPP,300,NNNNPP,NS,Triad,Holistic,True,2,4,0
300_NNNNPP_SA,300-NNNNPP,300,NNNNPP,SA,Triad,Holistic,True,2,4,0
300_NNNPNP_NS,300-NNNPNP,300,NNNPNP,NS,Triad,Holistic,True,2,4,0
300_NNNPNP_SA,300-NNNPNP,300,NNNPNP,SA,Triad,Holistic,True,2,4,0
300_NNNPPN_NS,300-NNNPPN,300,NNNPPN,NS,Triad,Holistic,True,2,4,0
300_NNNPPN_SA,300-NNNPPN,300,NNNPPN,SA,Triad,Holistic,True,2,4,0
300_NNNPPP_NS,300-NNNPPP,300,NNNPPP,NS,Triad,Holistic,True,3,3,0
300_NNNPPP_SA,300-NNNPPP,300,NNNPPP,SA,Triad,Holistic,True,3,3,0
300_NNPNPP_NS,300-NNPNPP,300,NNPNPP,NS,Triad,Holistic,True,3,3,0
300_NNPNPP_SA,300-NNPNPP,300,NNPNPP,SA,Triad,Holistic,True,3,3,0
300_NNPPPP_NS,300-NNPPPP,300,NNPPPP,NS,Triad,Holistic,True,4,2,0
300_NNPPPP_SA,300-NNPPPP,300,NNPPPP,SA,Triad,Holistic,True,4,2,0
300_NPNPNN_NS,300-NPNPNN,300,NPNPNN,NS,Triad,Holistic,True,2,4,0
300_NPNPNN_SA,300-NPNPNN,300,NPNPNN,SA,Triad,Holistic,True,2,4,0
300_NPNPNP_NS,300-NPNPNP,300,NPNPNP,NS,Triad,Holistic,True,3,3,0
300_NPNPNP_SA,300-NPNPNP,300,NPNPNP,SA,Triad,Holistic,True,3,3,0
300_NPNPPP_NS,300-NPNPPP,300,NPNPPP,NS,Triad,Holistic,True,4,2,0
300_NPNPPP_SA,300-NPNPPP,300,NPNPPP,SA,Triad,Holistic,True,4,2,0
300_NPPPPP_NS,300-NPPPPP,300,NPPPPP,NS,Triad,Holistic,True,5,1,0
300_NPPPPP_SA,300-NPPPPP,300,NPPPPP,SA,Triad,Holistic,True,5,1,0
300_PNNPPN_NS,300-PNNPPN,300,PNNPPN,NS,Triad,Holistic,True,3,3,0
300_PNNPPN_SA,300-PNNPPN,300,PNNPPN,SA,Triad,Holistic,True,3,3,0
300_PNNPPP_NS,300-PNNPPP,300,PNNPPP,NS,Triad,Holistic,True,4,2,0
300_PNNPPP_SA,300-PNNPPP,300,PNNPPP,SA,Triad,Holistic,True,4,2,0
300_PPNPNP_NS,300-PPNPNP,300,PPNPNP,NS,Triad,Holistic,True,4,2,0
300_PPNPNP_SA,300-PPNPNP,300,PPNPNP,SA,Triad,Holistic,True,4,2,0
300_PPPPPP_NS,300-PPPPPP,300,PPPPPP,NS,Triad,Holistic,True,6,0,0
300_PPPPPP_SA,300-PPPPPP,300,PPPPPP,SA,Triad,Holistic,True,6,0,0
