Topo_MAN_Code,Topo_Circuit,Topo_Level_String,Coh_MAN_Base,Coh_EdgeString,Status,Count
010,010_N0_NS,Middle_Output,010,N0,Preserved,1006
010,010_N0_NS,Input_Output,010,N0,Preserved,92
010,010_N0_NS,Middle_Middle,010,N0,Preserved,44
010,010_N0_NS,Middle_Middle,100,NP,Altered,4
010,010_N0_NS,Middle_Middle,100,NN,Altered,2
010,010_P0_NS,Middle_Output,010,P0,Preserved,1573
010,010_P0_NS,Input_Output,010,P0,Preserved,53
010,010_P0_NS,Middle_Middle,010,P0,Preserved,52
010,010_P0_NS,Input_Middle,010,P0,Preserved,3
010,010_P0_NS,Middle_Middle,100,PN,Altered,3
010,010_P0_NS,Middle_Middle,100,PP,Altered,3
021C,021C_0NN000_NS,Middle_Middle_Output,120,NNN0P0,Altered,100
021C,021C_0NN000_NS,Middle_Middle_Output,030,0NN0P0,Altered,83
021C,021C_0NN000_NS,Middle_Middle_Output,120,NNN0N0,Altered,19
021C,021C_0NN000_NS,Middle_Middle_Output,120,PNN0P0,Altered,9
021C,021C_0NN000_NS,Middle_Middle_Middle,120,NNN0P0,Altered,2
021C,021C_0NN000_NS,Middle_Input_Output,030,0NN0P0,Altered,1
021C,021C_0NN000_NS,Middle_Middle_Middle,030,0NN0P0,Altered,1
021C,021C_0NN000_NS,Middle_Middle_Middle,120,0NNPP0,Altered,1
021C,021C_0NN000_NS,Middle_Middle_Middle,120,NNN0N0,Altered,1
021C,021C_0NP000_NS,Middle_Middle_Output,030,0NP0N0,Altered,429
021C,021C_0NP000_NS,Middle_Middle_Output,120,PNP0N0,Altered,64
021C,021C_0NP000_NS,Middle_Middle_Output,120,NNP0N0,Altered,25
021C,021C_0NP000_NS,Middle_Middle_Middle,030,0NP0N0,Altered,9
021C,021C_0NP000_NS,Middle_Middle_Middle,300,NNPPNP,Altered,1
021C,021C_0PN000_NS,Middle_Middle_Output,120,NPN0N0,Altered,116
021C,021C_0PN000_NS,Middle_Middle_Output,030,0PN0N0,Altered,99
021C,021C_0PN000_NS,Middle_Middle_Output,120,NPN0P0,Altered,33
021C,021C_0PN000_NS,Middle_Middle_Middle,120,NPN0N0,Altered,8
021C,021C_0PN000_NS,Middle_Middle_Output,120,PPN0N0,Altered,7
021C,021C_0PN000_NS,Middle_Input_Output,030,0PN0N0,Altered,6
021C,021C_0PN000_NS,Middle_Middle_Output,030,0PN0P0,Altered,6
021C,021C_0PN000_NS,Middle_Middle_Middle,030,0PN0N0,Altered,4
021C,021C_0PN000_NS,Middle_Input_Middle,120,0PNPN0,Altered,1
021C,021C_0PN000_NS,Middle_Middle_Middle,120,NPN0P0,Altered,1
021C,021C_0PN000_NS,Middle_Middle_Output,120,PPN0P0,Altered,1
021C,021C_0PP000_NS,Middle_Middle_Output,030,0PP0P0,Altered,946
021C,021C_0PP000_NS,Middle_Middle_Output,030,0PP0N0,Altered,40
021C,021C_0PP000_NS,Middle_Middle_Middle,030,0PP0P0,Altered,20
021C,021C_0PP000_NS,Middle_Middle_Output,120,NPP0P0,Altered,10
021C,021C_0PP000_NS,Middle_Middle_Middle,030,0PP0N0,Altered,1
021D,021D_N0N000_NS,Middle_Output_Output,021,N0N000,Preserved,61345
021D,021D_N0N000_NS,Middle_Middle_Output,021,N0N000,Preserved,3952
021D,021D_N0N000_NS,Middle_Output_Middle,021,N0N000,Preserved,3523
021D,021D_N0N000_NS,Input_Output_Output,021,N0N000,Preserved,367
021D,021D_N0N000_NS,Middle_Middle_Middle,021,N0N000,Preserved,289
021D,021D_N0N000_NS,Middle_Middle_Output,120,NNN0P0,Altered,156
021D,021D_N0N000_NS,Middle_Output_Middle,030,N0N00P,Altered,119
021D,021D_N0N000_NS,Middle_Middle_Output,120,NPN0N0,Altered,113
021D,021D_N0N000_NS,Middle_Output_Middle,120,N0NN0P,Altered,82
021D,021D_N0N000_NS,Middle_Output_Middle,120,N0NP0P,Altered,77
021D,021D_N0N000_NS,Middle_Middle_Output,120,NPN0P0,Altered,71
021D,021D_N0N000_NS,Middle_Output_Middle,120,N0NP0N,Altered,62
021D,021D_N0N000_NS,Middle_Middle_Output,120,NNN0N0,Altered,61
021D,021D_N0N000_NS,Middle_Middle_Output,030,N0N0P0,Altered,51
021D,021D_N0N000_NS,Middle_Output_Middle,120,N0NN0N,Altered,43
021D,021D_N0N000_NS,Middle_Output_Middle,030,N0N00N,Altered,11
021D,021D_N0N000_NS,Middle_Middle_Output,030,N0N0N0,Altered,8
021D,021D_N0N000_NS,Middle_Middle_Middle,120,N0NN0P,Altered,6
021D,021D_N0N000_NS,Middle_Middle_Middle,120,NNN0P0,Altered,5
021D,021D_N0N000_NS,Middle_Middle_Middle,120,N0NP0N,Altered,4
021D,021D_N0N000_NS,Middle_Middle_Middle,120,N0NP0P,Altered,3
021D,021D_N0N000_NS,Middle_Middle_Middle,120,NPN0N0,Altered,3
021D,021D_N0N000_NS,Middle_Middle_Middle,120,NNN0N0,Altered,2
021D,021D_N0N000_NS,Middle_Middle_Middle,030,N0N00P,Altered,1
021D,021D_N0N000_NS,Middle_Middle_Middle,030,N0N0P0,Altered,1
021D,021D_N0N000_NS,Middle_Middle_Middle,120,N0NN0N,Altered,1
021D,021D_N0N000_NS,Middle_Middle_Middle,120,NPN0P0,Altered,1
021D,021D_N0N000_NS,Middle_Middle_Middle,300,NNNPNP,Altered,1
021D,021D_N0N000_NS,Middle_Middle_Middle,300,NNNPPP,Altered,1
021D,021D_N0P000_NS,Middle_Output_Output,021,N0P000,Preserved,4995
021D,021D_N0P000_NS,Middle_Output_Middle,021,N0P000,Preserved,161
021D,021D_N0P000_NS,Middle_Middle_Output,021,N0P000,Preserved,156
021D,021D_N0P000_NS,Input_Output_Output,021,N0P000,Preserved,41
021D,021D_N0P000_NS,Middle_Output_Middle,120,N0PN0N,Altered,39
021D,021D_N0P000_NS,Middle_Output_Middle,120,N0PN0P,Altered,30
021D,021D_N0P000_NS,Middle_Middle_Output,120,NPP0P0,Altered,22
021D,021D_N0P000_NS,Middle_Middle_Output,120,NNP0N0,Altered,15
021D,021D_N0P000_NS,Input_Output_Middle,021,N0P000,Preserved,6
021D,021D_N0P000_NS,Input_Output_Middle,030,N0P00N,Altered,3
021D,021D_N0P000_NS,Middle_Middle_Middle,021,N0P000,Preserved,2
021D,021D_N0P000_NS,Middle_Middle_Middle,120,N0PN0N,Altered,1
021D,021D_N0P000_NS,Middle_Middle_Middle,120,N0PN0P,Altered,1
021D,021D_P0P000_NS,Middle_Output_Output,021,P0P000,Preserved,104802
021D,021D_P0P000_NS,Middle_Middle_Output,021,P0P000,Preserved,5681
021D,021D_P0P000_NS,Middle_Output_Middle,021,P0P000,Preserved,3781
021D,021D_P0P000_NS,Middle_Middle_Output,120,PPP0P0,Altered,567
021D,021D_P0P000_NS,Middle_Middle_Middle,021,P0P000,Preserved,294
021D,021D_P0P000_NS,Middle_Middle_Output,030,P0P0P0,Altered,214
021D,021D_P0P000_NS,Input_Output_Output,021,P0P000,Preserved,144
021D,021D_P0P000_NS,Middle_Middle_Output,120,PPP0N0,Altered,83
021D,021D_P0P000_NS,Middle_Output_Middle,120,P0PP0P,Altered,51
021D,021D_P0P000_NS,Middle_Middle_Output,030,P0P0N0,Altered,45
021D,021D_P0P000_NS,Middle_Middle_Middle,120,PPP0P0,Altered,35
021D,021D_P0P000_NS,Middle_Middle_Output,120,PNP0N0,Altered,24
021D,021D_P0P000_NS,Input_Middle_Output,021,P0P000,Preserved,17
021D,021D_P0P000_NS,Input_Output_Middle,021,P0P000,Preserved,16
021D,021D_P0P000_NS,Middle_Middle_Middle,120,P0PP0P,Altered,12
021D,021D_P0P000_NS,Middle_Output_Middle,120,P0PN0N,Altered,12
021D,021D_P0P000_NS,Middle_Middle_Middle,030,P0P0P0,Altered,7
021D,021D_P0P000_NS,Input_Middle_Output,030,P0P0P0,Altered,3
021D,021D_P0P000_NS,Middle_Middle_Output,120,PNP0P0,Altered,3
021D,021D_P0P000_NS,Input_Middle_Middle,021,P0P000,Preserved,2
021D,021D_P0P000_NS,Input_Output_Middle,030,P0P00P,Altered,2
021D,021D_P0P000_NS,Middle_Middle_Middle,120,P0PN0N,Altered,2
021D,021D_P0P000_NS,Middle_Middle_Middle,120,PPP0N0,Altered,2
021D,021D_P0P000_NS,Middle_Output_Middle,030,P0P00N,Altered,2
021D,021D_P0P000_NS,Middle_Output_Middle,120,P0PN0P,Altered,2
021D,021D_P0P000_NS,Middle_Middle_Middle,300,PPPPNP,Altered,1
021U,021U_0N0N00_NS,Output_Middle_Middle,120,0N0NNN,Altered,20
021U,021U_0N0N00_NS,Output_Middle_Middle,021,0N0N00,Preserved,12
021U,021U_0N0N00_NS,Output_Input_Middle,021,0N0N00,Preserved,11
021U,021U_0N0N00_NS,Output_Middle_Middle,030,0N0N0N,Altered,11
021U,021U_0N0N00_NS,Output_Middle_Input,021,0N0N00,Preserved,4
021U,021U_0N0N00_NS,Output_Middle_Middle,030,0N0N0P,Altered,3
021U,021U_0N0N00_NS,Output_Middle_Middle,030,0N0NP0,Altered,3
021U,021U_0N0N00_NS,Middle_Middle_Middle,030,0N0NN0,Altered,1
021U,021U_0N0N00_NS,Middle_Middle_Middle,300,NNPNNP,Altered,1
021U,021U_0N0N00_NS,Output_Middle_Middle,120,0N0NNP,Altered,1
021U,021U_0N0N00_NS,Output_Middle_Middle,120,0N0NPP,Altered,1
021U,021U_0N0P00_NS,Output_Input_Middle,021,0N0P00,Preserved,65
021U,021U_0N0P00_NS,Output_Middle_Middle,021,0N0P00,Preserved,50
021U,021U_0N0P00_NS,Output_Middle_Middle,120,0N0PNP,Altered,43
021U,021U_0N0P00_NS,Output_Middle_Middle,030,0N0PN0,Altered,24
021U,021U_0N0P00_NS,Output_Middle_Middle,030,0N0P0N,Altered,14
021U,021U_0N0P00_NS,Output_Middle_Middle,120,0N0PPP,Altered,13
021U,021U_0N0P00_NS,Output_Middle_Middle,030,0N0P0P,Altered,6
021U,021U_0N0P00_NS,Output_Middle_Middle,030,0N0PP0,Altered,5
021U,021U_0N0P00_NS,Output_Middle_Input,021,0N0P00,Preserved,3
021U,021U_0N0P00_NS,Middle_Input_Middle,021,0N0P00,Preserved,2
021U,021U_0N0P00_NS,Middle_Middle_Middle,030,0N0PP0,Altered,2
021U,021U_0N0P00_NS,Output_Middle_Middle,120,0N0PNN,Altered,2
021U,021U_0N0P00_NS,Middle_Middle_Input,021,0N0P00,Preserved,1
021U,021U_0N0P00_NS,Middle_Middle_Middle,030,0N0P0N,Altered,1
021U,021U_0N0P00_NS,Middle_Middle_Middle,120,0NNPP0,Altered,1
021U,021U_0P0P00_NS,Output_Middle_Middle,021,0P0P00,Preserved,134
021U,021U_0P0P00_NS,Output_Middle_Middle,030,0P0PP0,Altered,57
021U,021U_0P0P00_NS,Output_Middle_Middle,030,0P0P0P,Altered,31
021U,021U_0P0P00_NS,Output_Middle_Middle,030,0P0P0N,Altered,15
021U,021U_0P0P00_NS,Middle_Middle_Middle,021,0P0P00,Preserved,14
021U,021U_0P0P00_NS,Output_Input_Middle,021,0P0P00,Preserved,14
021U,021U_0P0P00_NS,Output_Middle_Middle,120,0P0PNP,Altered,13
021U,021U_0P0P00_NS,Output_Middle_Input,021,0P0P00,Preserved,10
021U,021U_0P0P00_NS,Output_Middle_Middle,030,0P0PN0,Altered,7
021U,021U_0P0P00_NS,Middle_Middle_Middle,030,0P0PP0,Altered,3
021U,021U_0P0P00_NS,Middle_Input_Middle,120,0PNPN0,Altered,1
021U,021U_0P0P00_NS,Middle_Middle_Middle,120,0P0PNN,Altered,1
021U,021U_0P0P00_NS,Output_Middle_Middle,120,0P0PNN,Altered,1
021U,021U_0P0P00_NS,Output_Middle_Middle,120,0P0PPN,Altered,1
030T,030T_0N0NN0_NS,Output_Middle_Middle,120,0N0NNN,Altered,13
030T,030T_0N0NN0_NS,Output_Middle_Middle,030,0N0NN0,Preserved,6
030T,030T_0N0NN0_NS,Output_Middle_Middle,120,0N0NNP,Altered,2
030T,030T_0N0PN0_NS,Output_Middle_Middle,120,0N0PNP,Altered,12
030T,030T_0N0PN0_NS,Output_Middle_Middle,030,0N0PN0,Preserved,10
030T,030T_0N0PP0_NS,Output_Middle_Middle,120,0N0PPP,Altered,6
030T,030T_0P0NN0_NS,Output_Middle_Middle,030,0P0NN0,Preserved,1
030T,030T_0P0NP0_NS,Output_Middle_Middle,030,0P0NP0,Preserved,41
030T,030T_0P0NP0_NS,Output_Middle_Middle,120,0P0NPP,Altered,25
030T,030T_0P0NP0_NS,Output_Middle_Middle,120,0P0NPN,Altered,2
030T,030T_0P0NP0_NS,Middle_Middle_Middle,030,0P0NP0,Preserved,1
030T,030T_0P0NP0_NS,Middle_Middle_Middle,300,NPNNPP,Altered,1
030T,030T_0P0PN0_NS,Output_Middle_Middle,120,0P0PNP,Altered,4
030T,030T_0P0PN0_NS,Middle_Middle_Middle,120,0P0PNP,Altered,1
030T,030T_0P0PP0_NS,Output_Middle_Middle,030,0P0PP0,Preserved,152
030T,030T_0P0PP0_NS,Output_Middle_Middle,120,0P0PPP,Altered,26
030T,030T_0P0PP0_NS,Middle_Middle_Middle,030,0P0PP0,Preserved,15
030T,030T_0P0PP0_NS,Output_Middle_Middle,120,0P0PPN,Altered,2
030T,030T_0P0PP0_NS,Middle_Middle_Middle,120,0P0PPN,Altered,1
100,100_NN_NS,Middle_Middle,100,NN,Preserved,3
100,100_PN_NS,Middle_Middle,100,PN,Preserved,3
100,100_PP_NS,Middle_Middle,100,PP,Preserved,6
111D,111D_N000PP_NS,Middle_Middle_Middle,300,NPNPPP,Altered,1
111U,111U_0N00NN_NS,Output_Middle_Middle,120,0N0PNN,Altered,7
111U,111U_0P00PN_NS,Output_Middle_Middle,120,0P0NPN,Altered,638
111U,111U_0P00PN_NS,Middle_Middle_Middle,120,0P0NPN,Altered,52
111U,111U_0P00PN_NS,Output_Middle_Middle,120,0P0PPN,Altered,25
111U,111U_0P00PN_NS,Middle_Middle_Middle,300,NPNNPN,Altered,5
111U,111U_0P00PN_NS,Middle_Middle_Middle,120,0P0PPN,Altered,1
111U,111U_0P00PP_NS,Output_Middle_Middle,120,0P0PPP,Altered,1386
111U,111U_0P00PP_NS,Middle_Middle_Middle,120,0P0PPP,Altered,112
111U,111U_0P00PP_NS,Output_Middle_Middle,120,0P0NPP,Altered,29
111U,111U_0P00PP_NS,Middle_Middle_Middle,300,NPNPPP,Altered,9
111U,111U_0P00PP_NS,Middle_Middle_Middle,120,0P0NPP,Altered,1
120C,120C_0PN0PP_NS,Middle_Middle_Middle,300,NPNPPP,Altered,2
120C,120C_0PN0PP_NS,Middle_Middle_Middle,300,NPNNPP,Altered,1
120D,120D_N0N0PP_NS,Middle_Middle_Middle,120,N0N0PP,Preserved,1
120D,120D_N0P0PP_NS,Middle_Middle_Middle,300,NPPPPP,Altered,1
120D,120D_P0P0PP_NS,Input_Middle_Middle,120,P0P0PP,Preserved,1
120U,120U_0N0NNN_NS,Output_Middle_Middle,120,0N0NNN,Preserved,2
120U,120U_0P0PPP_NS,Output_Middle_Middle,120,0P0PPP,Preserved,96
120U,120U_0P0PPP_NS,Middle_Middle_Middle,120,0P0PPP,Preserved,3
210,210_PPP0PP_NS,Middle_Middle_Middle,300,PPPPPP,Altered,1
