Network,Graph_Type,Topology_Class,MAN_Code,Count,Proportion,Empirical_P_Value_Count,Empirical_P_Value_Proportion,Z_Score_Count,Z_Score_Proportion,Random_Proportion_1,Random_Proportion_2,Random_Proportion_3,Random_Proportion_4,Random_Proportion_5,Random_Proportion_6,Random_Proportion_7,Random_Proportion_8,Random_Proportion_9,Random_Proportion_10,Random_Proportion_11,Random_Proportion_12,Random_Proportion_13,Random_Proportion_14,Random_Proportion_15,Random_Proportion_16,Random_Proportion_17,Random_Proportion_18,Random_Proportion_19,Random_Proportion_20,Random_Proportion_21,Random_Proportion_22,Random_Proportion_23,Random_Proportion_24,Random_Proportion_25,Random_Proportion_26,Random_Proportion_27,Random_Proportion_28,Random_Proportion_29,Random_Proportion_30,Random_Proportion_31,Random_Proportion_32,Random_Proportion_33,Random_Proportion_34,Random_Proportion_35,Random_Proportion_36,Random_Proportion_37,Random_Proportion_38,Random_Proportion_39,Random_Proportion_40,Random_Proportion_41,Random_Proportion_42,Random_Proportion_43,Random_Proportion_44,Random_Proportion_45,Random_Proportion_46,Random_Proportion_47,Random_Proportion_48,Random_Proportion_49,Random_Proportion_50
196627_v2020_s21_regNetwork_Strong,Topo,Feed-Forward,111D,3.0,0.0007015902712815716,0.0,0.0,18.898867415001956,18.898867415001956,0.0,0.0,0.0,0.0,0.0,0.0,0.0,0.0,0.0,0.0,0.0,0.0,0.0,0.0,0.0,0.0,0.0,0.0,0.0,0.0002605523710265763,0.0,0.0,0.0,0.0,0.0,0.0,0.0,0.0,0.0,0.0,0.0,0.0,0.0,0.0,0.0,0.0,0.0,0.0,0.0,0.0,0.0,0.0,0.0,0.0,0.0,0.0,0.0,0.0,0.0,0.0
196627_v2020_s21_regNetwork_Strong,Topo,Feed-Forward,030T,93.0,0.02174929840972872,0.0,0.0,10.034865412735954,10.034865412735954,0.005413533834586466,0.005068102629078239,0.008177868642984922,0.007312614259597807,0.009847110650427572,0.0068511921074266915,0.005619556055071649,0.006961849067112225,0.010161386730424386,0.008840075006697028,0.004418668876001105,0.006271230729030572,0.006601607347876005,0.00481859410430839,0.005707419645539201,0.006654567453115547,0.005257332595462091,0.005698005698005697,0.006510416666666667,0.008337675872850442,0.005292405398253507,0.0073654390934844195,0.007231703789412786,0.007010656197420079,0.007719714964370546,0.007758620689655172,0.010020630710285881,0.005374644325007904,0.006280331144733086,0.008050603795284647,0.007361601884570082,0.005677610466551469,0.006544859558221979,0.007417218543046358,0.006881948120698783,0.004367934224049332,0.0049532195927352776,0.0062624537432393965,0.007183478000598624,0.007305194805194804,0.004377006127808579,0.004876649454962708,0.006967741935483871,0.005100739607243051,0.00842548709847288,0.006182795698924732,0.0058432934926958835,0.004596527068437181,0.0032267527134056907,0.007275902211874272
196627_v2020_s21_regNetwork_Strong,Topo,Complete,100,3.0,0.0007015902712815716,0.0,0.0,9.057567232398737,9.057567232398737,0.0,0.0,0.0,0.0,0.0,0.0,0.0,0.0,0.0,0.0,0.0,0.0,0.0,0.0,0.0,0.0,0.0,0.0,0.0,0.0002605523710265763,0.0,0.0,0.0002892681515765114,0.0,0.0,0.0,0.0,0.0,0.0,0.0,0.0,0.0,0.0,0.0,0.0,0.00025693730729701953,0.0,0.0,0.0,0.0,0.0,0.00028686173264486515,0.0,0.0,0.0,0.0,0.0,0.0,0.0,0.0
196627_v2020_s21_regNetwork_Strong,Topo,Feed-Forward,111U,73.0,0.01707202993451824,0.0,0.0,4.588906710474839,4.588906710474839,0.0,0.0,0.0,0.0,0.0,0.0,0.0,0.0,0.0,0.0,0.0,0.0,0.0,0.0,0.0,0.0,0.0,0.0,0.0,0.012245961438249088,0.0,0.0,0.0,0.0,0.0,0.0,0.0,0.0,0.0,0.0,0.0,0.0,0.0,0.0,0.0,0.0017985611510791368,0.0,0.0,0.0,0.0,0.0,0.014056224899598395,0.008258064516129033,0.0,0.0002632964718272775,0.006182795698924732,0.0,0.0,0.01408037547667938,0.0
196627_v2020_s21_regNetwork_Strong,Topo,Feed-Forward,120U,11.0,0.0025724976613657625,0.04,0.04,3.0765008388502713,3.0765008388502713,0.0,0.0,0.0,0.0,0.0,0.0,0.0,0.0,0.0,0.0,0.0,0.0,0.0,0.0,0.0,0.0,0.0,0.0,0.0,0.0,0.0,0.0,0.0,0.0,0.0,0.0,0.0,0.0,0.0,0.0,0.0,0.0,0.0,0.0,0.0,0.0,0.0,0.0,0.0,0.0,0.0,0.0,0.0028387096774193546,0.0,0.0,0.004838709677419355,0.0,0.0,0.0,0.0
196627_v2020_s21_regNetwork_Strong,Topo,Feed-Forward,021U,86.0,0.020112254443405052,0.14,0.14,1.0680365198877249,1.0680365198877249,0.0162406015037594,0.020905923344947737,0.009200102223358039,0.016453382084095067,0.013734128012438455,0.012058098109070978,0.01713964596796853,0.014202172096908938,0.01105797967722654,0.008572193945888026,0.011875172604252969,0.013326365299189964,0.013777267508610792,0.016439909297052156,0.01742264944427756,0.013611615245009074,0.015218594355285003,0.011137011137011136,0.0140625,0.011203751954142784,0.013495633765546442,0.028328611898016998,0.013884871275672547,0.013460459899046552,0.019299287410926368,0.021551724137931036,0.020335985853227233,0.01833702181473285,0.019697402226662858,0.01897642323174238,0.015017667844522967,0.013330041964946927,0.018816471229888193,0.012185430463576159,0.013499205929062997,0.012846865364850977,0.02146395156851954,0.01651010532308568,0.014366956001197247,0.01542207792207792,0.01371461920046688,0.01921973608720597,0.01161290322580645,0.013006885998469778,0.022906793048973143,0.018548387096774192,0.019123505976095617,0.010980592441266599,0.023760633616896447,0.018626309662398137
196627_v2020_s21_regNetwork_Strong,Topo,Cyclic,030C,0.0,0.0,1.0,1.0,-0.20201707447470713,-0.20201707447470713,0.0,0.0,0.0,0.0,0.0,0.0,0.0,0.0,0.0,0.0,0.0,0.0,0.0,0.0,0.0,0.0,0.0,0.0,0.0,0.0,0.0,0.00028328611898016995,0.0,0.0,0.0,0.0,0.0,0.0,0.0,0.0,0.0,0.0,0.0,0.0,0.0,0.0,0.0,0.0,0.0,0.00027056277056277056,0.0,0.0,0.0,0.0,0.0,0.0,0.0,0.0,0.0,0.0
196627_v2020_s21_regNetwork_Strong,Topo,Feed-Forward,021C,40.0,0.009354536950420954,0.82,0.82,-0.9001675533424459,-0.9001675533424459,0.020150375939849623,0.012036743744060819,0.01073345259391771,0.01279707495429616,0.008551438196423945,0.011784050424773911,0.011801067715650464,0.017265385686438317,0.014943215780035863,0.012858290918832038,0.0115990057995029,0.009668147373922131,0.008897818599311137,0.011904761904761904,0.010513667768098528,0.017846339987900785,0.010514665190924182,0.009842009842009843,0.008072916666666666,0.011203751954142784,0.010055570256681662,0.025495750708215296,0.014463407578825572,0.015703869882220976,0.0166270783847981,0.01982758620689655,0.020041261420571766,0.009168510907366423,0.01512988866685698,0.014663599769982749,0.012073027090694934,0.00740557886941496,0.01636214889555495,0.00847682119205298,0.013499205929062997,0.014131551901336074,0.01953769950467804,0.0059777967549103335,0.020353187668362766,0.011904761904761904,0.015465421651590313,0.007458405048766495,0.008,0.013771996939556235,0.010795155344918378,0.009408602150537635,0.014608233731739709,0.010980592441266599,0.012026987386330302,0.020081490104772993
196627_v2020_s21_regNetwork_Strong,Topo,Feed-Forward,021D,3680.0,0.8606173994387278,0.98,0.98,-2.231829068517877,-2.231829068517877,0.8718796992481203,0.8679125752296484,0.8972655251725019,0.8913554452859755,0.8883130344648873,0.8925733077555495,0.8817083450407418,0.8794207741576163,0.8786610878661087,0.8909724082507366,0.8939519469759736,0.8928664750457278,0.8886337543053962,0.8869047619047619,0.8798437969360168,0.8732607380520265,0.8918096292197012,0.8961408961408961,0.89453125,0.8809275664408547,0.8957396136544059,0.8575070821529744,0.8796644489441712,0.8827818283791362,0.8723277909738717,0.868103448275862,0.865016209843796,0.8757508694277585,0.8801027690550958,0.8766532489936745,0.8792697290930507,0.8992841273759566,0.8761930733569675,0.8966887417218543,0.8906829010058233,0.8895169578622817,0.8767198679141441,0.8941076003415884,0.8742891349895241,0.8898809523809523,0.8824044353662095,0.8749282845668388,0.8879999999999999,0.8893139505228258,0.8825697735650342,0.878494623655914,0.8833997343957503,0.8965781409601634,0.864476386036961,0.8701979045401629
196627_v2020_s21_regNetwork_Strong,Topo,Feed-Forward,010,287.0,0.06711880261927035,1.0,1.0,-2.7733355242240854,-2.7733355242240854,0.0863157894736842,0.09407665505226481,0.07462305136723742,0.07208148341603551,0.07955428867582276,0.07673335160317896,0.08373138522056758,0.08214981899192425,0.08517632994620442,0.07875703187784623,0.07815520574426954,0.0778677815521296,0.08208955223880597,0.07993197278911565,0.0865124662060679,0.08862673926194797,0.07719977863862756,0.07718207718207717,0.07682291666666667,0.07556018759770713,0.07541677692511246,0.08101983002832862,0.08446630026034134,0.08104318564217611,0.08402612826603326,0.08275862068965517,0.08458591217211907,0.09136895352513436,0.07878960890665145,0.0816561242093157,0.08627797408716137,0.0743026413231301,0.08208344695936734,0.0752317880794702,0.07543673901535204,0.07708119218910586,0.07732526141992295,0.07714204383717621,0.08380724334031728,0.07521645021645021,0.08403851765392471,0.07917383820998279,0.07432258064516128,0.07880642693190512,0.0750394944707741,0.07634408602150539,0.07702523240371846,0.07686414708886619,0.08242886476972719,0.08381839348079162
83332_v2018_s15-16_regNetwork,Topo,Cyclic,120C,1.0,6.781040211568454e-05,0.02,0.02,6.444880092449485,6.444880092449485,0.0,0.0,0.0,0.0,0.0,0.0,0.0,0.0,0.0,0.0,0.0,0.0,0.0,0.0,0.0,0.0,0.0,0.0,0.0,0.0,7.280139778683751e-05,0.0,0.0,0.0,0.0,0.0,0.0,0.0,0.0,0.0,0.0,0.0,0.0,0.0,0.0,0.0,0.0,0.0,0.0,0.0,0.0,0.0,0.0,0.0,0.0,0.0,0.0,0.0,0.0,0.0
83332_v2018_s15-16_regNetwork,Topo,Complete,100,4.0,0.0002712416084627382,0.0,0.0,4.526482348827751,4.526482348827751,0.0,7.02000702000702e-05,7.104290991759022e-05,0.0,0.0,7.133176403452457e-05,0.00014404033129276198,0.0,0.0,7.061149555147578e-05,0.0001479727730097662,0.0,7.448234768359899e-05,7.27431439586819e-05,0.0,0.0,0.0,0.0,7.668711656441718e-05,0.0,7.280139778683751e-05,0.0,0.0,0.0,0.0,0.0,0.00021530070331563083,0.0,0.0,0.0,7.253209545223762e-05,0.0,6.91754288876591e-05,7.06713780918728e-05,0.0,7.28279076542131e-05,0.0,0.0,0.0,7.15307582260372e-05,0.0001477650535648319,7.044734061289187e-05,7.31047591198187e-05,0.0,7.559721802237678e-05,0.0,7.05965407695023e-05,6.888950124001103e-05,0.0,7.064641469445426e-05
83332_v2018_s15-16_regNetwork,Topo,Feed-Forward,120D,1.0,6.781040211568454e-05,0.06,0.06,3.7387933813996064,3.7387933813996064,0.0,0.0,0.0,0.0,0.0,0.0,0.0,0.0,0.0,0.0,0.0,0.0,0.0,0.0,0.0,0.0,0.0,0.0,0.0,6.934812760055478e-05,0.0,0.0,0.0,0.0,0.0,0.0,0.0,0.0,0.0,0.0,7.253209545223762e-05,0.0,0.0,7.06713780918728e-05,0.0,0.0,0.0,0.0,0.0,0.0,0.0,0.0,0.0,0.0,0.0,0.0,0.0,0.0,0.0,0.0
83332_v2018_s15-16_regNetwork,Topo,Feed-Forward,021D,13947.0,0.9457516783074523,0.0,0.0,2.5378844862769356,2.5378844862769356,0.9339115475593147,0.9396279396279397,0.9394003978402955,0.936604870956016,0.9369769303544138,0.9376560382338255,0.9420237666546634,0.9395149578855648,0.9395464209780298,0.9338370286682671,0.9365196803788103,0.9405785185738844,0.9369134515119917,0.939623190514294,0.9377271456527817,0.9393302406494636,0.9376193073356968,0.944160272804774,0.9293711656441718,0.9377253814147017,0.9363715783343041,0.9370485036119711,0.9337968784673423,0.9297379690788996,0.9430417793808236,0.9347638868953638,0.9351944883019951,0.9398727232828615,0.9366202215076813,0.9355898314767209,0.9330528758975847,0.9336923076923077,0.9355285002767018,0.9360424028268551,0.9355657384561156,0.9379506226786105,0.9315048293150483,0.9391550133888724,0.9399684044233807,0.9415593705293276,0.9355005541189509,0.9376541035575907,0.934278821551283,0.9321257689678742,0.9363471424251587,0.9400519405569182,0.9391457818566891,0.943579498484431,0.9395768296912939,0.929565524549629
83332_v2018_s15-16_regNetwork,Topo,Feed-Forward,030T,7.0,0.0004746728148097918,0.14,0.14,0.9432892514655877,0.9432892514655877,0.00021503834850548347,0.0002808002808002808,0.0,0.0003635041802980734,0.0005094243504839531,0.00035665882017262284,0.00036010082823190496,0.00043566656985187334,0.00028348688873139615,0.00021183448665442736,0.00036993193252441554,0.00044846401076313624,0.00044689408610159393,0.0002909725758347276,0.0002096729102599944,0.00021745433458973616,0.0004090537223888737,0.00042625745950554135,0.0003834355828220859,0.00027739251040221914,0.00014560279557367502,0.0002948547840188707,0.00029587987277165473,0.00021775422806126152,0.0002254283137962128,0.00021530070331563086,0.00021530070331563086,0.00021944261575597982,0.0006430868167202571,0.000499857183661811,0.0003626604772611881,0.0008461538461538461,0.0006225788599889319,0.0002826855123674912,0.0,0.0003641395382710655,0.0002949200029492,0.0004462957453138947,0.0005026569007611662,0.0002145922746781116,0.0003694126339120798,0.00028178936245156747,0.00043862855471891223,0.00047846889952153106,0.0003023888720895071,0.00028855864954552014,0.0004235792446170138,0.0002066685037200331,0.00027748872702046477,0.00021193924408336278
83332_v2018_s15-16_regNetwork,Topo,Feed-Forward,111U,12.0,0.0008137248253882145,0.22,0.22,0.3750678068867768,0.3750678068867768,0.0,0.0006318006318006318,0.00042625745950554135,0.0,0.0,0.0003566588201726229,0.0009362621534029529,0.0,0.0006378454996456413,0.0018358988843383704,0.0017756732761171944,7.474400179385604e-05,0.0,0.00036371571979340947,0.0,0.0,0.0,0.0004973003694231316,0.0027607361963190185,0.0007628294036061027,0.0008736167734420501,0.0007371369600471767,0.0,0.002104957537925528,0.0,0.0019377063298406773,0.001578871824314626,0.0,0.0,0.0,0.0006527888590701386,0.0,0.0002767017155506364,0.0006360424028268552,0.0,0.00021848372296263927,0.0006635700066357001,0.0,0.0,0.000357653791130186,0.0018470631695603988,0.0,0.0005848380729585496,0.0,0.000982763834290898,0.0,7.05965407695023e-05,0.0007577845136401213,0.0,0.001978099611444719
83332_v2018_s15-16_regNetwork,Topo,Feed-Forward,111D,1.0,6.781040211568454e-05,0.42,0.42,0.1863478395330414,0.1863478395330414,0.0,7.02000702000702e-05,0.00021312872975277067,0.0,0.0,7.133176403452457e-05,0.00021606049693914295,0.0,7.087172218284904e-05,7.061149555147578e-05,0.0001479727730097662,0.0,0.0,7.27431439586819e-05,0.0,0.0,0.0,0.0,7.668711656441718e-05,0.0,0.00014560279557367502,0.00014742739200943535,0.0,7.258474268708717e-05,0.0,0.0003588345055260514,0.0,0.0,0.0,0.0,0.0,0.0,0.00020752628666297732,7.06713780918728e-05,0.0,0.0,0.0001474600014746,0.0,0.0,7.15307582260372e-05,7.388252678241596e-05,0.0,0.0,0.0,0.0,0.0,7.05965407695023e-05,0.00013777900248002206,0.0,0.00014129282938890852
83332_v2018_s15-16_regNetwork,Topo,Feed-Forward,021U,58.0,0.003933003322709704,0.44,0.44,0.15625755884685744,0.15625755884685744,0.003440613576087736,0.004352404352404353,0.004333617504973004,0.004216648491457651,0.004002619896659632,0.004279905842071474,0.0031688872884407635,0.004429276793494046,0.0030474840538625087,0.0036011862731252647,0.003699319325244155,0.004260408102249794,0.0030537762550275583,0.0037099003418927766,0.0035644394744199052,0.003479269353435779,0.003204254158712844,0.0029838022165387893,0.004677914110429449,0.004438280166435506,0.004368083867210251,0.0036119711042311665,0.0038464383460315114,0.00486317776003484,0.002554854223023745,0.004593081670733457,0.003373044351944883,0.004242557237948943,0.002929617720614505,0.003570408454727221,0.003626604772611881,0.004153846153846154,0.0038046485888212503,0.004028268551236749,0.004088826224885442,0.004296846551598572,0.0045712600457126,0.004388574828919964,0.004236679592129829,0.00407725321888412,0.00421130402659771,0.0038041563930961606,0.0038014474742305727,0.003691045796308954,0.003931055337163592,0.0033184244697734818,0.003459230497705612,0.0037200330669605952,0.0038848421782865074,0.003673613564111621
83332_v2018_s15-16_regNetwork,Topo,Complex,201,0.0,0.0,1.0,1.0,-0.1414213562373095,-0.1414213562373095,0.0,0.0,0.0,0.0,0.0,0.0,7.202016564638099e-05,0.0,0.0,0.0,0.0,0.0,0.0,0.0,0.0,0.0,0.0,0.0,0.0,0.0,0.0,0.0,0.0,0.0,0.0,0.0,0.0,0.0,0.0,0.0,0.0,0.0,0.0,0.0,0.0,0.0,0.0,0.0,0.0,0.0,0.0,0.0,0.0,0.0,0.0,0.0,0.0,0.0,0.0,0.0
83332_v2018_s15-16_regNetwork,Topo,Feed-Forward,120U,0.0,0.0,1.0,1.0,-0.25005878830806305,-0.25005878830806305,0.0,0.0,0.0,0.0,0.0,0.0,0.0,0.0,0.0,0.0,7.39863865048831e-05,0.0,0.0,0.0,0.0,0.0,0.0,0.0,0.0,0.0,0.0,0.0,0.0,7.258474268708717e-05,0.0,0.0,0.0,0.0,0.0,0.0,0.0,0.0,0.0,0.0,0.0,0.0,0.0,0.0,0.0,0.0,0.0,0.0,0.0,0.0,0.0,0.0,0.0,0.0,0.0,7.064641469445426e-05
83332_v2018_s15-16_regNetwork,Topo,Cyclic,030C,0.0,0.0,1.0,1.0,-0.3120119565371802,-0.3120119565371802,0.0,0.0,0.0,0.0,0.0,0.0,0.0,0.0,0.0,0.0,0.0,0.0,0.0,0.0,0.0,0.0,0.0,0.0,0.0,0.0,0.0,0.0,0.0,0.0,7.514277126540426e-05,0.00014353380221042057,0.0,0.0,0.0,7.140816909454442e-05,0.0,0.0,0.0,0.0,0.0,0.0,0.0,0.0,0.0,0.0,7.388252678241596e-05,7.044734061289187e-05,0.0,0.0,0.0,0.0,0.0,0.0,0.0,0.0
83332_v2018_s15-16_regNetwork,Topo,Feed-Forward,021C,80.0,0.005424832169254764,0.98,0.98,-1.753221969396722,-1.753221969396722,0.014981004945882016,0.008845208845208846,0.00966183574879227,0.012359142130134497,0.011280110617858961,0.011127755189385833,0.006121714079942384,0.008277664827185595,0.009142452161587527,0.014404745092501059,0.009026339153595738,0.006278496150683908,0.01102338745717265,0.008583690987124463,0.011671792004473021,0.009133082052768918,0.013498772838832834,0.0056123898834896276,0.013496932515337423,0.01144244105409154,0.010046592894583576,0.010393631136665193,0.013980323988460684,0.01618639761922044,0.005184851217312894,0.011195636572412803,0.012415673891201379,0.008046229244385927,0.013790639514112184,0.013710368466152527,0.014506419090447522,0.011,0.015080243497509685,0.012296819787985866,0.01473387381036306,0.010487218702206686,0.015114650151146502,0.007066349300803332,0.0075398535114174926,0.0075107296137339056,0.010343553749538234,0.012187389926030292,0.013597485196286278,0.019343814080656187,0.008844874508618083,0.009017457798297504,0.010801270737733851,0.005924497106640948,0.008949011446409989,0.017520310844224656
83332_v2018_s15-16_regNetwork,Topo,Feed-Forward,010,636.0,0.04312741574557537,1.0,1.0,-3.191789127221652,-3.191789127221652,0.04745179557021002,0.04612144612144612,0.04589371980676328,0.046455834242093784,0.04723091478058365,0.046080319566302874,0.04695714800144041,0.04734243392390357,0.047271438695960316,0.04596808360401074,0.048239124001183784,0.04835936916062486,0.04848800834202294,0.04728304357314323,0.04682694995806542,0.047839953609741956,0.045268611944368695,0.046319977266268825,0.04915644171779141,0.045284327323162274,0.047903319743739084,0.047766475011057054,0.04808047932539389,0.04674457429048414,0.04891794409377818,0.0467920195205971,0.04700732022391273,0.047619047619047616,0.04601643444087174,0.04655812624964296,0.04765358671212011,0.0503076923076923,0.04441062534587714,0.046501766784452295,0.045611561508635885,0.046609860898696384,0.047703310477033106,0.04894376673609045,0.04775240557231079,0.046137339055793994,0.04743258219431105,0.0459316660796055,0.04722567439140288,0.0443609022556391,0.04951617780465679,0.0473236185254653,0.04595834804094599,0.0456048498208873,0.047311827956989246,0.04676792652772872
224308_v2022_sSW22_regNetwork,Topo,Complete,100,12.0,6.005314703512609e-05,0.0,0.0,6.06777496839878,6.06777496839878,2.6242999679835403e-05,1.432603183244273e-05,1.9443904335990668e-05,1.4556393896018825e-05,1.974099810486418e-05,1.933114247052001e-05,1.002229961664704e-05,2.0161696808403396e-05,9.726774893248646e-06,2.443482255431861e-05,9.839178625368354e-06,2.976840183373355e-05,2.427408353197625e-05,1.552417372585344e-05,1.004162252536765e-05,1.5581582569402965e-05,9.607347699520593e-06,1.483576804771183e-05,1.9571865443425077e-05,5.055305037105939e-06,2.009555436098649e-05,9.717748009076376e-06,2.530197912080683e-05,1.475767891226068e-05,1.5407924809326928e-05,1.5162619089737435e-05,0.0,9.435876144689724e-06,2.8798387290311743e-05,9.209163117301715e-06,1.8920133386940377e-05,1.5575434424825166e-05,5.014617610334124e-06,1.9955300127713922e-05,1.4608919232155206e-05,1.4945374655633659e-05,4.779178076954325e-06,4.861094232311693e-06,2.411288689127017e-05,1.5284754985377586e-05,2.9642804209278197e-05,5.080990996483954e-06,1.0365970591741432e-05,0.0,1.9890304968100924e-05,4.998450480351091e-06,1.4651012873356644e-05,9.743502301902418e-06,1.0289442003560147e-05,4.990069761175261e-06
224308_v2022_sSW22_regNetwork,Topo,Feed-Forward,111U,2265.0,0.011335031502880049,0.0,0.0,4.331182420823579,4.331182420823579,0.005888929128155064,0.004574779498493379,0.003149912502430488,0.002464882699725855,0.002630487997473152,0.002503382949932341,0.0026458870987948187,0.0008719933869634469,0.0025192346973513993,0.004745242540048674,0.004634253132548495,0.0034829030145468254,0.002932309290662731,0.0027633029232019125,0.0005974765402593751,0.0009660581193029838,0.0007637841421118871,0.002794069648985728,0.004687461773700306,0.000662244959860878,0.0024315620776793655,0.00024294370022690944,0.0083698946931629,0.0008165915664784243,0.003061041062119617,0.0003386318263374694,8.960841124286866e-05,0.0021466618229169124,0.004602942235234827,0.00032232070910556004,0.0027812596078802356,0.005425442991314099,0.002301709483143363,0.0037216634738186463,0.00238612347458535,0.003028929263541755,0.002246213696168533,0.0022798531949541844,0.0027778045698743235,0.005201911613356838,0.007959092930191198,2.0323963985935816e-05,0.0029024717656876003,0.0,0.005077000343107761,4.498605432315983e-05,0.0050936688089703265,0.0006430711519255596,0.002726702130943439,0.0005788480922963303
224308_v2022_sSW22_regNetwork,Topo,Feed-Forward,120D,3.0,1.5013286758781522e-05,0.0,0.0,4.210540044845705,4.210540044845705,0.0,0.0,4.860976083997667e-06,0.0,0.0,9.665571235260005e-06,0.0,1.0080848404201698e-05,0.0,0.0,0.0,9.922800611244517e-06,4.85481670639525e-06,5.174724575284481e-06,0.0,5.193860856467655e-06,4.8036738497602965e-06,0.0,0.0,0.0,0.0,0.0,1.0120791648322731e-05,4.919226304086893e-06,5.13597493644231e-06,0.0,0.0,0.0,0.0,0.0,0.0,0.0,0.0,4.9888250319284805e-06,4.869639744051735e-06,0.0,0.0,0.0,0.0,0.0,4.940467368213033e-06,0.0,0.0,0.0,0.0,0.0,0.0,0.0,0.0,0.0
224308_v2022_sSW22_regNetwork,Topo,Complex,210,1.0,5.004428919593841e-06,0.02,0.02,3.229635371444923,3.229635371444923,1.0497199871934161e-05,0.0,0.0,0.0,0.0,0.0,0.0,0.0,0.0,0.0,0.0,0.0,0.0,0.0,0.0,0.0,0.0,0.0,0.0,0.0,0.0,0.0,0.0,0.0,0.0,0.0,0.0,0.0,0.0,0.0,0.0,0.0,0.0,0.0,0.0,0.0,0.0,0.0,0.0,0.0,0.0,0.0,0.0,0.0,0.0,0.0,0.0,0.0,0.0,0.0
224308_v2022_sSW22_regNetwork,Topo,Feed-Forward,120U,101.0,0.0005054473208789779,0.0,0.0,3.228310112031895,3.228310112031895,0.0003516561957097944,0.0003199480442578877,0.000160412210771923,0.00015041607025886118,8.389924194567277e-05,0.0002513048521167601,7.015609731652928e-05,3.0242545212605094e-05,3.4043712126370255e-05,0.00036163537380391546,0.00033453207326252405,0.00012899640794617872,0.00019419266825581,0.00014489228810796544,2.5104056313419123e-05,4.67447477082089e-05,4.803673849760297e-05,0.00011868614438169464,0.0003669724770642202,1.0110610074211879e-05,0.0,5.8306488054458264e-05,0.00014675147890067962,3.443458412860825e-05,7.703962404663466e-05,5.054206363245812e-06,4.978245069048259e-06,0.00017928164674910476,5.759677458062349e-05,1.841832623460343e-05,0.00023177163399001964,0.0003115086884965033,0.0002055993220236991,0.0001546535759897829,0.00016556775129775899,9.465403948567984e-05,0.00011947945192385813,0.00017499939236322097,0.00010609670232158874,0.00012737295821147986,0.0003902969220888296,5.080990996483954e-06,1.5548955887612148e-05,0.0,0.0003082997270055643,1.9993801921404365e-05,0.00022953253501592076,1.9487004603804837e-05,5.659193101958081e-05,2.4950348805876306e-05
224308_v2022_sSW22_regNetwork,Topo,Feed-Forward,030T,321.0,0.001606421683189623,0.0,0.0,2.2429612995980848,2.2429612995980848,0.0008765161893065025,0.0011126551389863855,0.0010110830254715147,0.001261554137654965,0.001090690145293746,0.0011550357626135704,0.0015484452907719676,0.001234903929514708,0.0008899999027322511,0.0010311495117922454,0.0012544952747344652,0.0013098096806842764,0.0011700108262412553,0.001324729491272827,0.0012401403818829047,0.001355597683538058,0.0013402250040831227,0.0010929015795147715,0.0011743119266055045,0.0009706185671243404,0.0012007093730689428,0.0014090734613160746,0.001229676185271212,0.0014019794966647647,0.0012994016589199045,0.001283768416264436,0.0009956490138096517,0.0011606127657968362,0.0009071491996448199,0.0014043973753885114,0.0008230258023319064,0.0010954722212127032,0.0008675288465878034,0.001257183908045977,0.0009057529923936227,0.0010710851836537457,0.0007742268484666007,0.001093746202270131,0.0008535961959509641,0.0014265771319685746,0.0009683316041697544,0.0011076560372335021,0.0015756275299446975,0.0012172761536110828,0.0010193781296151724,0.0011696374124021552,0.0010939422945439629,0.0013348598153606313,0.0013067591344521387,0.0015469216259643309
224308_v2022_sSW22_regNetwork,Topo,Cyclic,120C,3.0,1.5013286758781522e-05,0.04,0.04,2.0829937208165283,2.0829937208165283,1.5745799807901243e-05,4.775343944147577e-06,4.860976083997667e-06,4.852131298672942e-06,0.0,4.832785617630002e-06,5.01114980832352e-06,0.0,9.726774893248646e-06,9.773929021727444e-06,9.839178625368354e-06,0.0,0.0,1.0349449150568962e-05,0.0,0.0,0.0,4.9452560159039435e-06,1.4678899082568809e-05,0.0,5.023888590246623e-06,4.858874004538188e-06,2.0241583296645463e-05,4.919226304086893e-06,5.13597493644231e-06,0.0,0.0,0.0,4.799731215051957e-06,4.604581558650858e-06,4.730033346735094e-06,0.0,0.0,0.0,0.0,9.963583103755772e-06,0.0,9.722188464623386e-06,9.645154756508068e-06,5.094918328459195e-06,1.4821402104639098e-05,0.0,0.0,0.0,9.945152484050462e-06,0.0,4.8836709577855484e-06,0.0,0.0,0.0
224308_v2022_sSW22_regNetwork,Topo,Feed-Forward,010,2835.0,0.014187555987048538,0.54,0.54,-0.13973723711637728,-0.13973723711637728,0.014979504217250049,0.013948779660855073,0.013980167217577288,0.013940173221087364,0.014262871130764371,0.013928088150009666,0.014557390193179826,0.014556745095667251,0.014098960207763911,0.01390341403340729,0.014281567774722167,0.014139990871023439,0.013753695729217742,0.014804887009888898,0.014485040492842834,0.014854442049497494,0.013796151296511572,0.014163213229548895,0.013959633027522936,0.014604776252199057,0.014403488588237067,0.014115028983183437,0.014543577598639765,0.014073906455992602,0.014663208443542795,0.014490409643425742,0.014287563348168504,0.013606533400642582,0.013775228587199116,0.013509842293081616,0.013726556772225243,0.014749936400309433,0.014336791747945261,0.014332894316730524,0.013956387506452273,0.014277814587682023,0.013792707930090183,0.013868701844785261,0.013647893980458917,0.01455108674607946,0.014337236302554221,0.014435095421010916,0.014890716755036566,0.014617500254660283,0.014261348662128363,0.014485509492057461,0.014079623371295737,0.014171924098117069,0.01470875734408923,0.014231678958871844
224308_v2022_sSW22_regNetwork,Topo,Complex,201,0.0,0.0,1.0,1.0,-0.2918821926152906,-0.2918821926152906,0.0,0.0,0.0,0.0,0.0,0.0,0.0,0.0,0.0,0.0,0.0,0.0,0.0,0.0,0.0,0.0,0.0,0.0,0.0,0.0,5.023888590246623e-06,0.0,0.0,0.0,0.0,0.0,0.0,0.0,0.0,0.0,0.0,0.0,0.0,0.0,0.0,0.0,0.0,0.0,0.0,0.0,4.940467368213033e-06,0.0,0.0,0.0,4.972576242025231e-06,0.0,0.0,0.0,5.144721001780074e-06,0.0
224308_v2022_sSW22_regNetwork,Topo,Feed-Forward,021C,2044.0,0.010229052711649811,0.72,0.72,-0.5041507894116232,-0.5041507894116232,0.00925853028704593,0.007755158565295666,0.01266284269881392,0.007671219583201921,0.014114813644977891,0.011110574134931375,0.010658715642304127,0.013856126131575233,0.011939616181462713,0.012784299160419496,0.009647314642173672,0.012924447796145985,0.006816162655778932,0.010473642540375788,0.010257517409663052,0.012974264419456203,0.013224514108390097,0.011428486652754012,0.008596941896024465,0.009645522010798132,0.008671231706765672,0.008114319587578776,0.011178414375572456,0.012932645953444441,0.009922703577206543,0.01093224836370069,0.013386500990670768,0.01631934779224088,0.011432959754253761,0.008343501784275354,0.013116382470496417,0.013156050277502324,0.014291660189452254,0.011763649425287355,0.010878775188211575,0.013520582271796583,0.013118843821239623,0.01099579515348905,0.011554895398296666,0.010368158798414462,0.009456054542759745,0.012636424608255594,0.009951331768071774,0.014500356524396456,0.007717438327623158,0.013215903070048284,0.01041198648199879,0.011804253038754781,0.012105528517188512,0.010588928033213905
224308_v2022_sSW22_regNetwork,Topo,Feed-Forward,111D,1.0,5.004428919593841e-06,0.6,0.6,-0.694473619507385,-0.694473619507385,2.6242999679835403e-05,1.4326031832442731e-05,4.860976083997667e-06,0.0,4.935249526216045e-06,1.4498356852890007e-05,5.01114980832352e-06,2.5202121010504243e-05,1.945354978649729e-05,9.773929021727444e-06,1.9678357250736708e-05,2.480700152811129e-05,4.85481670639525e-06,1.0349449150568962e-05,1.5062433788051475e-05,1.038772171293531e-05,4.8036738497602965e-06,1.483576804771183e-05,1.4678899082568809e-05,2.0221220148423757e-05,1.0047777180493245e-05,0.0,2.0241583296645463e-05,4.919226304086893e-06,1.5407924809326928e-05,1.0108412726491623e-05,0.0,0.0,4.799731215051957e-06,9.209163117301715e-06,2.365016673367547e-05,1.0383622949883444e-05,0.0,9.977650063856961e-06,0.0,9.963583103755772e-06,0.0,4.861094232311693e-06,2.411288689127017e-05,2.037967331383678e-05,1.4821402104639098e-05,0.0,1.5548955887612148e-05,0.0,4.972576242025231e-06,4.998450480351091e-06,4.8836709577855484e-06,1.4615253452853628e-05,2.0578884007120294e-05,4.990069761175261e-06
224308_v2022_sSW22_regNetwork,Topo,Cyclic,030C,0.0,0.0,1.0,1.0,-1.1137286741861088,-1.1137286741861088,5.248599935967081e-06,2.3876719720737885e-05,0.0,9.704262597345884e-06,0.0,9.665571235260005e-06,0.0,1.0080848404201698e-05,2.4316937233121613e-05,4.886964510863722e-06,4.919589312684177e-06,0.0,0.0,1.0349449150568962e-05,5.020811262683825e-06,0.0,4.8036738497602965e-06,2.4726280079519717e-05,4.892966360856269e-06,5.055305037105939e-06,1.0047777180493245e-05,4.858874004538188e-06,5.060395824161366e-06,0.0,1.027194987288462e-05,1.5162619089737435e-05,4.978245069048259e-06,4.717938072344862e-06,4.799731215051957e-06,0.0,4.730033346735094e-06,1.0383622949883444e-05,5.014617610334124e-06,1.4966475095785442e-05,4.869639744051735e-06,0.0,9.55835615390865e-06,1.458328269693508e-05,9.645154756508068e-06,1.5284754985377586e-05,0.0,0.0,1.5548955887612148e-05,1.0186411327289395e-05,0.0,9.996900960702183e-06,4.8836709577855484e-06,1.9487004603804837e-05,1.5434163005340222e-05,2.4950348805876306e-05
224308_v2022_sSW22_regNetwork,Topo,Feed-Forward,021D,191635.0,0.9590237360063656,1.0,1.0,-2.9506220050734275,-2.9506220050734275,0.9642937746356159,0.9685209327201791,0.9654044332101887,0.9707853174506902,0.9636963044851548,0.9672820413686449,0.9669163889654482,0.9656444686384806,0.9664474900057387,0.9631913833041744,0.9660597533317918,0.9640496933854611,0.970851680494803,0.965950312294628,0.969573883748136,0.9658295894252993,0.9672485516923343,0.9664563284441235,0.9673394495412844,0.9695822295917335,0.9690227029525393,0.9724939142603093,0.9608072343418702,0.9668394954841503,0.9665596671888241,0.9688155467387733,0.966989256947141,0.9629547502559481,0.9654419352516259,0.9732243582364453,0.9652058747014166,0.9610977566182617,0.9640301478810733,0.9647439734993615,0.9672954994789486,0.9638571022911259,0.9657380723663144,0.9673528911357946,0.9669798126910947,0.9645495582705809,0.963010720814189,0.9675426295144605,0.9666215746945925,0.9659264541102169,0.9675638851732694,0.9670202237306434,0.9653601218964271,0.9680900299612696,0.9652113965859632,0.9689018852483557
224308_v2022_sSW22_regNetwork,Topo,Feed-Forward,021U,602.0,0.0030126662095954922,1.0,1.0,-3.392082120631745,-3.392082120631745,0.004267111747941236,0.0037104422446026675,0.0035971223021582736,0.003697324049588782,0.004096257106759317,0.0037115793543398418,0.003582972112951317,0.0037399947579588298,0.004007431256018442,0.003934006431245296,0.003743807466952659,0.0038996606402190957,0.0042479646180958435,0.0044864862067716445,0.0037907125033262877,0.003942140390058951,0.0035547186488226194,0.0038869712285004997,0.0038214067278287463,0.00449416617798718,0.004220066415807163,0.0035469780233128773,0.0036434849933961837,0.003871431101316385,0.004365578695975964,0.004093907154229108,0.004241464798829117,0.0036186585014885094,0.0037389906165254745,0.0031541383676758376,0.004063098644845446,0.004127490122578669,0.003956533294553624,0.003976093550446999,0.004387545409390613,0.004114959821851134,0.0041961183515658975,0.004199985416717303,0.004012384378707356,0.0037192903797752122,0.003809100340892248,0.004247708473060586,0.004001264648412193,0.003728226545787919,0.004012869027314361,0.004023752636682629,0.0037018225860014457,0.003892529169610016,0.003832817146326155,0.0040918572041637145
511145_v2022_sRDB22_eStrong_regNetwork_Strong,Topo,Feed-Forward,111D,31.0,0.0001687993465831745,0.0,0.0,5.5531509397156045,5.5531509397156045,5.3198563638781753e-05,4.464570444543657e-05,5.271759186040382e-05,2.0430678707146653e-05,6.707537931127001e-06,5.990893841361131e-05,1.3744193078424365e-05,6.967912761732224e-05,6.90870150955128e-05,0.0,3.3897615641715766e-05,1.4109048838472554e-05,3.913154067397557e-05,6.8330281247437614e-06,2.0913210177762287e-05,3.431920983451277e-05,1.4542916145545505e-05,2.1288070165479265e-05,2.0296875634277363e-05,3.362565233765535e-05,2.0927361129519438e-05,7.0791448393034125e-06,6.092153982576439e-05,4.948885086888282e-05,6.722237160527024e-05,4.0123044001604926e-05,6.8429876484072946e-06,3.4987789261547715e-05,4.105006054883931e-05,2.6873412789057146e-05,6.898311983057745e-05,2.7257797433678372e-05,2.041941477957242e-05,4.035919685198264e-05,4.495016952635364e-05,5.641868304689098e-05,6.545830633178197e-05,3.504689274248945e-05,6.450614098462175e-05,8.343647008107243e-05,8.158270446665307e-05,4.162561918108532e-05,6.65539686131484e-06,8.948792257229592e-05,6.337001753237151e-05,2.632011844053298e-05,7.005842872956045e-05,2.119182843095702e-05,1.4062423096123693e-05,4.854974962200553e-05
511145_v2022_sRDB22_eStrong_regNetwork_Strong,Topo,Cyclic,120C,7.0,3.811598148652328e-05,0.0,0.0,4.280015337456474,4.280015337456474,6.649820454847719e-06,1.275591555583902e-05,0.0,6.810226235715551e-06,0.0,0.0,0.0,0.0,0.0,0.0,2.711809251337261e-05,0.0,1.3043846891325189e-05,1.3666056249487523e-05,0.0,0.0,0.0,0.0,0.0,6.72513046753107e-06,0.0,0.0,0.0,0.0,1.3444474321054048e-05,6.687174000267487e-06,0.0,0.0,2.736670703255954e-05,6.718353197264286e-06,0.0,0.0,0.0,0.0,0.0,1.4104670761722745e-05,0.0,2.102813564549367e-05,1.9351842295386523e-05,0.0,0.0,2.081280959054266e-05,0.0,0.0,7.041113059152391e-06,0.0,1.4011685745912091e-05,0.0,0.0,0.0
511145_v2022_sRDB22_eStrong_regNetwork_Strong,Topo,Complete,100,15.0,8.167710318540702e-05,0.0,0.0,4.019753704654299,4.019753704654299,3.989892272908631e-05,1.275591555583902e-05,1.3179397965100954e-05,2.0430678707146653e-05,1.3415075862254002e-05,5.990893841361131e-05,1.3744193078424365e-05,4.180747657039334e-05,2.7634806038205118e-05,1.3234865930808121e-05,2.711809251337261e-05,0.0,2.6087693782650378e-05,1.3666056249487523e-05,2.7884280237016382e-05,6.863841966902554e-06,1.4542916145545505e-05,7.096023388493088e-06,5.41250016914063e-05,2.017539140259321e-05,2.0927361129519438e-05,7.0791448393034125e-06,2.7076239922561954e-05,2.8279343353647328e-05,4.033342296316214e-05,2.6748696001069948e-05,3.4214938242036474e-05,2.099267355692863e-05,4.105006054883931e-05,3.3591765986321434e-05,5.518649586446197e-05,1.3628898716839186e-05,2.041941477957242e-05,2.6906131234655097e-05,3.852871673687455e-05,3.526167690430686e-05,3.2729153165890986e-05,3.504689274248945e-05,3.2253070492310866e-05,1.3906078346845406e-05,2.7194234822217688e-05,4.162561918108532e-05,6.65539686131484e-06,4.130211811029042e-05,3.5205565295761955e-05,1.316005922026649e-05,3.5029214364780226e-05,7.063942810319007e-06,7.031211548061847e-06,3.46783925871468e-05
511145_v2022_sRDB22_eStrong_regNetwork_Strong,Topo,Feed-Forward,111U,2238.0,0.012186223795262728,0.02,0.02,3.477541254625452,3.477541254625452,0.001655805293257082,0.001651891064481153,0.0005205862196214876,0.0007763657908715728,0.000509772882765652,0.005125542508720079,0.0011957447978229198,0.0011915130822562103,0.0010086704203944867,0.0007146827602636385,0.006060893676738778,0.0007266160151813365,0.0020674497322750425,0.0015237652718178586,0.0005576856047403276,0.0007618864583261835,0.000879846426805503,0.0005605858476909539,0.007124203347631354,0.0006926884381557002,0.0005720145375401979,0.00012034546226815801,0.005469400464357514,0.0005231678520424756,0.006634848077440173,0.0011234452320449378,0.000533753036575769,0.0015744505167696475,0.007628469585325972,0.005509049621756715,0.0027110366093416943,0.000367980265354658,0.0007214859888782254,0.001459657619480039,0.0018750642145278947,0.012778831710120807,0.0009556912724440168,0.005831802952350245,0.00528305294664052,0.001216781855348973,0.006621796179210008,0.0057235226373992315,0.0007786814327738363,0.0013767372703430143,0.0062806728487639326,0.00023030103635466359,0.006193165099693144,0.00047328416829137354,0.0004148414813356489,0.00217086737595539
511145_v2022_sRDB22_eStrong_regNetwork_Strong,Topo,Feed-Forward,120D,4.0,2.1780560849441872e-05,0.04,0.04,2.4802616418141787,2.4802616418141787,6.649820454847719e-06,6.37795777791951e-06,0.0,6.810226235715551e-06,0.0,1.3313097425246958e-05,6.872096539212183e-06,6.967912761732223e-06,6.908701509551279e-06,0.0,6.779523128343153e-06,0.0,6.5219234456625945e-06,0.0,6.9710700592540955e-06,3.431920983451277e-05,0.0,7.096023388493088e-06,0.0,0.0,0.0,0.0,0.0,0.0,6.722237160527024e-06,0.0,6.8429876484072946e-06,0.0,1.368335351627977e-05,6.718353197264286e-06,1.3796623966115492e-05,6.814449358419593e-06,0.0,6.726532808663774e-06,2.5685811157916368e-05,0.0,0.0,0.0,0.0,6.953039173422703e-06,6.798558705554422e-06,0.0,0.0,1.376737270343014e-05,7.041113059152391e-06,0.0,0.0,0.0,7.031211548061847e-06,0.0
511145_v2022_sRDB22_eStrong_regNetwork_Strong,Topo,Feed-Forward,120U,113.0,0.0006153008439967329,0.12,0.12,1.1641580051274079,1.1641580051274079,0.0002659928181939087,6.37795777791951e-06,0.00020428066845906478,0.00013620452471431102,6.707537931127001e-06,0.0002529488510796922,0.0002886280546469117,0.0001532940807581089,2.0726104528653837e-05,0.0002977844834431827,0.0007796451597594624,0.000557307429119666,0.00020870155026120302,1.3666056249487523e-05,0.00010456605088881142,8.92299455697332e-05,0.0004871876908757744,0.0004896256138060231,0.0005683125177597661,2.690052187012428e-05,2.0927361129519438e-05,1.4158289678606825e-05,0.0007784418977736561,2.8279343353647328e-05,0.0010890024200053779,0.0005215995720208639,6.8429876484072946e-06,8.397069422771452e-05,0.0007594261201535272,0.00098759791999785,0.00022764429544090562,0.000183990132677329,2.7225886372763223e-05,0.00015471025459926681,0.0002375937532107264,0.0005007158120411574,0.00026837905596030606,0.0008411254258197468,0.00043219114459696565,0.00029202764528375356,7.478414576109865e-05,0.00020119049270857906,0.0002662158744525936,0.00015144109973773154,0.000359096766016772,0.00012502056259253166,0.000609508329947176,8.47673137238281e-05,0.00016874907715348433,0.00032597689031917994
511145_v2022_sRDB22_eStrong_regNetwork_Strong,Topo,Complex,201,2.0,1.0890280424720936e-05,0.12,0.12,0.8810270263859274,0.8810270263859274,6.649820454847719e-06,0.0,6.589698982550477e-06,0.0,0.0,6.656548712623479e-06,6.872096539212183e-06,6.967912761732223e-06,6.908701509551279e-06,0.0,0.0,7.054524419236277e-06,0.0,0.0,6.9710700592540955e-06,1.3727683933805107e-05,0.0,7.096023388493088e-06,2.0296875634277363e-05,6.72513046753107e-06,0.0,0.0,0.0,0.0,2.6888948642108095e-05,0.0,6.8429876484072946e-06,0.0,6.841676758139885e-06,0.0,2.7593247932230984e-05,6.814449358419593e-06,0.0,2.017959842599132e-05,0.0,1.4104670761722745e-05,0.0,7.00937854849789e-06,0.0,0.0,0.0,6.9376031968475535e-06,0.0,0.0,0.0,0.0,0.0,0.0,7.031211548061847e-06,6.93567851742936e-06
511145_v2022_sRDB22_eStrong_regNetwork_Strong,Topo,Feed-Forward,021D,175825.0,0.9573917778382793,0.3,0.3,0.6692872016728947,0.6692872016728947,0.9608857560845857,0.9597359525479942,0.9561126047762138,0.9551069886541631,0.9569644366338892,0.9545623984876321,0.9567882569614339,0.9578162561404732,0.9595426439600676,0.9578998914740994,0.9519602991125604,0.9555000599634575,0.9564465952298652,0.9532347555142537,0.9522202858138724,0.957883465691086,0.9550987464006282,0.9546351224773637,0.9530871547839737,0.953764728035724,0.9563525004708656,0.9574047855019114,0.9499631086231055,0.9558276656816029,0.9524939499865555,0.9588538183763542,0.9572313271974544,0.9563282414437362,0.9503773184732114,0.9530454295043199,0.9545884122155308,0.9552358821645417,0.9577726502358443,0.9578179127568696,0.9556919757525942,0.9444699112110976,0.9583750630036199,0.9524273477913449,0.9539232634946847,0.9552710989973717,0.9523624991501802,0.95385106353457,0.9580576889799939,0.9574312836009939,0.9523457468156566,0.9613883862477381,0.9526475080216901,0.9578635811364471,0.9545924358226165,0.9548764755656046
511145_v2022_sRDB22_eStrong_regNetwork_Strong,Topo,Feed-Forward,030T,404.0,0.0021998366457936292,0.44,0.44,0.2844664394484568,0.2844664394484568,0.0020680941614576406,0.0013585050066968556,0.002537034108281934,0.002329097372614718,0.002448251344861355,0.0013845621322256835,0.0025289315264300834,0.002027662613664077,0.0023420498117378836,0.0016874454061780353,0.0013084479637702285,0.002567846888602005,0.0020152743447097417,0.002719545193648017,0.0025095852213314744,0.002416072372349699,0.002108722841104098,0.0022565354375408023,0.0020026250625820334,0.002394146446441061,0.002399670742851562,0.0022794846382556988,0.0015501147355666718,0.0026723979469196724,0.0015125033611185802,0.0016851678480674067,0.002668765182878845,0.001966313756498982,0.0017309442198093908,0.0017333351248941858,0.0018901374833578226,0.0021465515479021716,0.002348232699650828,0.0016210944068879695,0.002183293948422891,0.0016502464791215612,0.001898290883621677,0.0021168323216463627,0.0015739498400247703,0.001828649302610171,0.0020871575226052074,0.002483661944471424,0.002242868742263101,0.002663986618113732,0.002379896213993508,0.002191149860174371,0.0018845717328251762,0.0022322059280608063,0.002327331022408471,0.0015535919879041766
511145_v2022_sRDB22_eStrong_regNetwork_Strong,Topo,Complex,210,0.0,0.0,1.0,1.0,-0.1414213562373095,-0.1414213562373095,0.0,0.0,0.0,0.0,0.0,0.0,0.0,0.0,0.0,0.0,0.0,0.0,0.0,0.0,0.0,0.0,0.0,0.0,0.0,0.0,0.0,0.0,0.0,0.0,0.0,0.0,0.0,0.0,0.0,6.718353197264286e-06,0.0,0.0,0.0,0.0,0.0,0.0,0.0,0.0,0.0,0.0,0.0,0.0,0.0,0.0,0.0,0.0,0.0,0.0,0.0,0.0
511145_v2022_sRDB22_eStrong_regNetwork_Strong,Topo,Cyclic,030C,1.0,5.445140212360468e-06,0.8,0.8,-0.6576464076500504,-0.6576464076500504,3.324910227423859e-05,0.0,6.589698982550477e-06,6.810226235715551e-06,1.3415075862254002e-05,1.9969646137870437e-05,1.3744193078424365e-05,6.967912761732223e-06,2.0726104528653837e-05,1.3234865930808121e-05,0.0,1.4109048838472554e-05,1.3043846891325189e-05,1.3666056249487523e-05,2.7884280237016382e-05,2.0591525900707663e-05,2.1814374218318258e-05,0.0,6.7656252114257875e-06,6.72513046753107e-06,1.3951574086346292e-05,4.247486903582047e-05,0.0,1.4139671676823664e-05,0.0,0.0,4.1057925890443766e-05,0.0,1.368335351627977e-05,6.718353197264286e-06,6.898311983057746e-06,6.814449358419593e-06,6.806471593190806e-06,0.0,6.421452789479092e-06,7.052335380861373e-06,1.963749189953459e-05,4.205627129098735e-05,1.2901228196924348e-05,0.0,6.798558705554422e-06,6.9376031968475535e-06,1.996619058394452e-05,2.065105905514521e-05,1.4082226118304782e-05,1.316005922026649e-05,0.0,7.063942810319007e-06,2.8124846192247386e-05,2.0807035552288082e-05
511145_v2022_sRDB22_eStrong_regNetwork_Strong,Topo,Feed-Forward,021C,1167.0,0.006354478627824667,1.0,1.0,-3.6594788581113606,-3.6594788581113606,0.008265726825375715,0.010651189489125582,0.015123359164953346,0.01466241708549558,0.013247387413975825,0.011396011396011395,0.012816460045630721,0.01112775668048636,0.00929220353034647,0.012526800603509886,0.013199731530884117,0.012895670638363915,0.01317428536023844,0.015073660043184738,0.016842105263157894,0.011647939817833634,0.013546726389575638,0.014000454145496864,0.011176812849275401,0.015427449292516274,0.012842423946481761,0.013160130256265043,0.015988519674272835,0.013715481526518953,0.012227749394998655,0.01024475056840979,0.012262633865945873,0.012637589481271035,0.012116609538665737,0.012543165419292424,0.013044707959962197,0.015025860835315203,0.011863679986931575,0.011569636430901692,0.01478860577417035,0.012376848593411708,0.012423986541772219,0.011053789970981172,0.013481783465785943,0.013746158445856685,0.011639132503909171,0.010316215953712312,0.012904814514089476,0.011082735026261264,0.010998218598396035,0.010863628886329989,0.010957138253303255,0.011789720550422423,0.014308515500305857,0.012768584150587452
511145_v2022_sRDB22_eStrong_regNetwork_Strong,Topo,Feed-Forward,021U,1073.0,0.005842635447862782,1.0,1.0,-3.8093241609508595,-3.8093241609508595,0.007979784545817263,0.008418904266853752,0.006952132426590754,0.007879431754722891,0.008129535972525925,0.00851372580344543,0.007126364111163033,0.00802006758875379,0.008407889737123907,0.008437227030890178,0.007606624950001016,0.008105648557702483,0.007871961598914751,0.008370459452811108,0.008093412338794004,0.007914009787838645,0.007685931182920798,0.008387499645198832,0.007049781470305671,0.008957873782751384,0.008147719266426235,0.007362310632875549,0.007412120678801334,0.007875797123990782,0.007071793492874429,0.008713387722348535,0.008156841276901496,0.007858257468143618,0.008319478937898101,0.007275976512637223,0.008333160875533758,0.008000163546784601,0.008433218303963408,0.008435072142064372,0.007082862426795438,0.008610901500031735,0.007501521905622213,0.008334151094163992,0.007134379192899163,0.008260210538026171,0.00811747909443198,0.007763177977272412,0.007127930038468193,0.007923122990824046,0.00806911556578864,0.006652409935844712,0.008063725146772407,0.00796812749003984,0.00868354626185638,0.009106545893384749
511145_v2022_sRDB22_eStrong_regNetwork_Strong,Topo,Feed-Forward,010,2770.0,0.015083038388238497,1.0,1.0,-8.279162927956335,-8.279162927956335,0.018732544221306026,0.01810064417373557,0.018470926248088985,0.019048202781296396,0.018660370524395314,0.018605053651782624,0.01920063773055884,0.019531059471135422,0.019254551107119416,0.018409698509754095,0.01898944428248917,0.01961157788547685,0.01811790333205069,0.01901631727116189,0.019581735796444753,0.019177574455525738,0.020141938861580524,0.019627600692571884,0.0188896255903008,0.01866223704739872,0.01960893737835971,0.01960215206003115,0.018750296146374152,0.019265302659672242,0.018815541812315137,0.01878427176675137,0.0190440346255175,0.01949519617653439,0.01892407791301492,0.018818107305537266,0.01903244276125632,0.018978241463198566,0.018785861597206625,0.018847744929875895,0.01802501798006781,0.019485602657319974,0.018459242385562517,0.019254762872723704,0.018042367633398698,0.019280777627901154,0.018974777347202394,0.019543228205519556,0.01858852343365235,0.019205484921285047,0.01944051315631975,0.01849646323408455,0.0195252840869285,0.019552993698963014,0.019441299930391006,0.0190869872799656
208964_v2020_sRPA20_regNetwork_Strong,Topo,Feed-Forward,030T,31.0,0.006251260334744908,0.0,0.0,5.7032970108855485,5.7032970108855485,0.0012626262626262625,0.0016620498614958448,0.0027612574341546302,0.002224469160768453,0.0022099447513812156,0.0009635767970707265,0.002305373293137081,0.002625732175318117,0.0024752475247524753,0.002500961908426318,0.0026748184944593045,0.0016778523489932886,0.0032316703696222988,0.0018957345971563982,0.0028022417934347476,0.0005680742283658398,0.002174342755485274,0.0028501628664495114,0.0031341412452987882,0.002086811352253756,0.001098297638660077,0.002253636549887318,0.0020230629172567267,0.0018014411529223377,0.002016942315449778,0.0020521239482864766,0.0025651988029072254,0.002173913043478261,0.002035002035002035,0.0028500178126113287,0.0022453561951418658,0.002831715210355987,0.0017967658215212617,0.0018374846876276032,0.0025096525096525097,0.002431724653946876,0.0010256410256410256,0.002211166390270868,0.003356408642752255,0.0019087612139721323,0.0037578288100208767,0.002930259816370385,0.0017709563164108617,0.0031683168316831685,0.003332679866692805,0.0032369006676107627,0.0033032371724289805,0.0033190160093713394,0.00234009360374415,0.0020496003279360524
208964_v2020_sRPA20_regNetwork_Strong,Topo,Complete,100,7.0,0.0014115749142972374,0.0,0.0,4.436517226103548,4.436517226103548,0.00042087542087542086,0.0003693444136657433,0.000637213254035684,0.0,0.00036832412523020257,0.0001927153594141453,0.00017733640716439085,0.0,0.0003808073115003808,0.00019238168526356292,0.00038211692777990065,0.0,0.0004039587962027873,0.0003791469194312796,0.0006004803843074459,0.0001893580761219466,0.000197667523225934,0.00040716612377850165,0.0004178854993731718,0.0008347245409015025,0.0005491488193300384,0.0002048760499897562,0.000606918875177018,0.00040032025620496394,0.0006050826946349334,0.0004104247896572953,0.0006412997007268063,0.0001976284584980237,0.0002035002035002035,0.0005343783398646241,0.0004082465809348847,0.0,0.0003992812936713915,0.0008166598611678236,0.00019305019305019305,0.00018705574261129816,0.0,0.0,0.00020977554017201594,0.0003817522427944264,0.0008350730688935282,0.0,0.0,0.00019801980198019803,0.0,0.00040461258345134534,0.00022021581149526536,0.0005857087075361188,0.00078003120124805,0.0
208964_v2020_sRPA20_regNetwork_Strong,Topo,Feed-Forward,111U,74.0,0.014922363379713652,0.0,0.0,2.641432523476894,2.641432523476894,0.006734006734006734,0.008679593721144968,0.01274426508071368,0.0,0.005340699815837937,0.002119868953555598,0.002482709700301472,0.0,0.008187357197258188,0.0036552520200076955,0.01108139090561712,0.0,0.004847505554433447,0.005308056872037914,0.012009607686148921,0.007953039197121757,0.001581340185807472,0.005089576547231271,0.003969912244045131,0.010225375626043406,0.00567453779974373,0.003073140749846343,0.009103783127655269,0.011208967173738992,0.004437273093989512,0.004719885081058896,0.008336896109448481,0.0071146245059288534,0.0018315018315018315,0.012290701816886355,0.008164931618697694,0.0,0.004991016170892393,0.006737443854634545,0.009073359073359074,0.0026187803965581746,0.0,0.0,0.003985735263268303,0.0022905134567665587,0.006680584551148226,0.0,0.0029515938606847697,0.0019801980198019802,0.005489119780435208,0.003641513251062108,0.003743668795419511,0.0093713393205779,0.0078003120124804995,0.0
208964_v2020_sRPA20_regNetwork_Strong,Topo,Feed-Forward,021U,267.0,0.05384150030248034,0.0,0.0,2.4871997911653483,2.4871997911653483,0.04061447811447812,0.04118190212373038,0.04481733220050978,0.04084934277047523,0.04364640883977901,0.037579495085758335,0.0425607377194538,0.049686931932942845,0.04265041888804265,0.04482493266641016,0.04356132976690867,0.04425335570469799,0.043425570591799634,0.0428436018957346,0.037029623698959166,0.048475667487218335,0.044475192725835146,0.04702768729641694,0.04450480568324279,0.04632721202003339,0.03935566538531943,0.04261421839786929,0.0406635646368602,0.03642914331465172,0.04215409439290037,0.047609275600246255,0.053655408294142795,0.04525691699604743,0.04700854700854701,0.03295333095831849,0.03776280873647683,0.04894822006472492,0.037332800958275104,0.04348713760718661,0.03629343629343629,0.042461653572764685,0.04717948717948718,0.044591855537129174,0.047619047619047616,0.04122924222179805,0.047599164926931115,0.041609689392459466,0.050767414403778036,0.03584158415841584,0.04567731817290728,0.04430507788792232,0.0444835939220436,0.036899648574775484,0.04348673946957878,0.04632096741135479
208964_v2020_sRPA20_regNetwork_Strong,Topo,Feed-Forward,120D,1.0,0.00020165355918531962,0.08,0.08,1.7511440077751723,1.7511440077751723,0.0,0.00018467220683287164,0.0,0.0,0.0,0.0,0.0,0.0,0.0,0.0,0.0,0.0,0.0,0.0,0.0,0.0,0.0,0.0,0.0,0.00041736227045075126,0.0003660992128866923,0.0,0.00020230629172567267,0.0,0.0,0.0,0.00021376656690893543,0.0,0.0,0.0,0.0,0.0,0.0,0.0,0.00019305019305019305,0.0,0.0,0.0,0.0,0.0,0.0,0.0,0.0,0.0,0.0,0.0,0.0,0.0,0.0001950078003120125,0.0
208964_v2020_sRPA20_regNetwork_Strong,Topo,Feed-Forward,111D,7.0,0.0014115749142972374,0.12,0.12,1.4028274461116421,1.4028274461116421,0.0,0.0011080332409972298,0.0014868309260832626,0.0,0.00018416206261510129,0.0,0.0,0.0,0.0003808073115003808,0.0,0.00038211692777990065,0.0,0.0004039587962027873,0.0011374407582938387,0.0014011208967173738,0.0003787161522438932,0.000197667523225934,0.00040716612377850165,0.0012536564981195152,0.001252086811352254,0.001098297638660077,0.0,0.0008092251669026907,0.00040032025620496394,0.0016135538523598225,0.000615637184485943,0.001496365968362548,0.0007905138339920949,0.0002035002035002035,0.0005343783398646241,0.001837109614206981,0.0,0.0005989219405070872,0.0018374846876276032,0.0003861003861003861,0.001122334455667789,0.0,0.0,0.0,0.0001908761213972132,0.0006263048016701461,0.0,0.0,0.0,0.00039207998431680063,0.00040461258345134534,0.0,0.001952362358453729,0.0013650546021840874,0.0
208964_v2020_sRPA20_regNetwork_Strong,Topo,Feed-Forward,021D,3871.0,0.7806009276063722,0.14,0.14,0.9478412226582933,0.9478412226582933,0.7518939393939394,0.7778393351800554,0.7695412064570943,0.764206268958544,0.7738489871086556,0.7783773366737329,0.7923390672104983,0.7616643102403555,0.7621858339680122,0.7779915352058484,0.780473824990447,0.7640520134228188,0.756816804685922,0.7764928909952606,0.7692153722978383,0.7703086536640787,0.7730776833366277,0.760586319218241,0.7509402423735896,0.7562604340567612,0.7803404722679845,0.768899815611555,0.7511632611774226,0.7800240192153722,0.7732956837434449,0.7621588343935974,0.7475416844805471,0.7628458498023716,0.7588522588522588,0.7896330602066263,0.7597468871198203,0.7653721682847896,0.7600319425034937,0.7801143323805635,0.7835907335907336,0.7981668537224094,0.7665641025641026,0.7794361525704809,0.7665198237885462,0.7869822485207101,0.7473903966597077,0.7739792928306309,0.7524596615505706,0.787920792079208,0.7733777690648892,0.7689662148492817,0.7566615282977318,0.7819211245607185,0.7632605304212168,0.7548678007788482
208964_v2020_sRPA20_regNetwork_Strong,Topo,Cyclic,030C,1.0,0.00020165355918531962,0.26,0.26,0.6180127749854161,0.6180127749854161,0.0,0.0,0.0,0.0,0.0,0.0,0.0,0.0,0.0,0.00038476337052712584,0.0,0.0,0.0,0.0001895734597156398,0.0,0.0,0.0,0.0,0.0,0.00020868113522537563,0.00018304960644334616,0.0,0.0,0.0,0.0004033884630899556,0.00020521239482864764,0.0006412997007268063,0.0001976284584980237,0.0002035002035002035,0.0003562522265764161,0.0,0.0002022653721682848,0.0003992812936713915,0.0,0.00019305019305019305,0.0,0.0,0.0,0.00020977554017201594,0.0001908761213972132,0.0,0.0001953506544246923,0.0,0.00039603960396039607,0.0,0.00020230629172567267,0.0,0.0,0.0001950078003120125,0.00020496003279360525
208964_v2020_sRPA20_regNetwork_Strong,Topo,Feed-Forward,120U,1.0,0.00020165355918531962,0.26,0.26,0.13946779181775631,0.13946779181775631,0.0,0.0,0.00021240441801189465,0.0,0.0005524861878453039,0.0,0.0003546728143287817,0.0,0.0001904036557501904,0.00019238168526356292,0.0009552923194497516,0.0,0.0,0.0,0.00020016012810248197,0.0,0.0,0.00040716612377850165,0.0,0.0006260434056761269,0.0,0.0,0.0,0.0008006405124099279,0.0006050826946349334,0.0004104247896572953,0.0006412997007268063,0.0,0.0,0.00017812611328820805,0.000612369871402327,0.0,0.00019964064683569574,0.0002041649652919559,0.00019305019305019305,0.0,0.0,0.0,0.0004195510803440319,0.0,0.0,0.0,0.0001967729240456513,0.0,0.00019603999215840032,0.0,0.0,0.0,0.0,0.0
208964_v2020_sRPA20_regNetwork_Strong,Topo,Complete,300,0.0,0.0,1.0,1.0,-0.1414213562373095,-0.1414213562373095,0.0,0.0,0.00021240441801189465,0.0,0.0,0.0,0.0,0.0,0.0,0.0,0.0,0.0,0.0,0.0,0.0,0.0,0.0,0.0,0.0,0.0,0.0,0.0,0.0,0.0,0.0,0.0,0.0,0.0,0.0,0.0,0.0,0.0,0.0,0.0,0.0,0.0,0.0,0.0,0.0,0.0,0.0,0.0,0.0,0.0,0.0,0.0,0.0,0.0,0.0,0.0
208964_v2020_sRPA20_regNetwork_Strong,Topo,Complex,201,0.0,0.0,1.0,1.0,-0.3649122258389654,-0.3649122258389654,0.0,0.0,0.0,0.0,0.0,0.0,0.0,0.0,0.0,0.0,0.0,0.0,0.0,0.0,0.0,0.0,0.0,0.0,0.0,0.00020868113522537563,0.0,0.0,0.0,0.0,0.0,0.00020521239482864764,0.00021376656690893543,0.0,0.0,0.00017812611328820805,0.00020412329046744235,0.0,0.0,0.0002041649652919559,0.0,0.0,0.0,0.0,0.0,0.0,0.0,0.0,0.0,0.0,0.0,0.0,0.0,0.0,0.0,0.0
208964_v2020_sRPA20_regNetwork_Strong,Topo,Cyclic,120C,0.0,0.0,1.0,1.0,-0.39910327960228026,-0.39910327960228026,0.00021043771043771043,0.0,0.0,0.0,0.0,0.0,0.0,0.0,0.0,0.0,0.0,0.0,0.0,0.0001895734597156398,0.0,0.0,0.0,0.0,0.0,0.0,0.0,0.0,0.0,0.00020016012810248197,0.0002016942315449778,0.0,0.00021376656690893543,0.0001976284584980237,0.0,0.0,0.0,0.0,0.0,0.0002041649652919559,0.0,0.0,0.0,0.0,0.0,0.0,0.0,0.0,0.0,0.0,0.0,0.0,0.0,0.0,0.0,0.0
208964_v2020_sRPA20_regNetwork_Strong,Topo,Feed-Forward,010,545.0,0.10990118975599919,0.84,0.84,-1.2129483715248288,-1.2129483715248288,0.12394781144781145,0.10932594644506001,0.12170773152081563,0.11526794742163801,0.10736648250460405,0.11620736172672963,0.10533782585564816,0.11593617451019997,0.11005331302361004,0.11292804924971142,0.10737485670615209,0.12269295302013422,0.1181579478893153,0.10938388625592416,0.11629303442754202,0.1109638326074607,0.1146471634710417,0.11583876221498371,0.12097785206853322,0.11873956594323873,0.10818231740801756,0.11944273714402787,0.11673073032571313,0.11809447558046438,0.11516740621218233,0.11656064026267186,0.12056434373663957,0.11442687747035574,0.11741961741961743,0.10758817242607766,0.11961624821392121,0.11771844660194175,0.11838690357356757,0.11759902000816659,0.11351351351351352,0.11073699962588851,0.11917948717948718,0.10595172286714574,0.12271869100062932,0.11624355793090284,0.11878914405010439,0.11408478218402032,0.11373475009838646,0.11544554455445544,0.1188002352479906,0.11713534290916447,0.12376128606033912,0.11655603279968763,0.1142745709828393,0.1172371387579422
208964_v2020_sRPA20_regNetwork_Strong,Topo,Feed-Forward,021C,154.0,0.031054648114539223,1.0,1.0,-3.4996122103589746,-3.4996122103589746,0.07491582491582491,0.05964912280701754,0.045879354290569246,0.07745197168857432,0.06648250460405156,0.06455964540373868,0.05444227699946799,0.0700868511411836,0.0734958111195735,0.05732974220854174,0.05311425296140619,0.06732382550335571,0.07271258331650171,0.06218009478672986,0.06044835868694956,0.06116265858738875,0.06364894247875075,0.06738599348534202,0.07480150438779774,0.06281302170283806,0.06315211422295441,0.06351157549682442,0.07869714748128667,0.050640512409927944,0.05949979830576846,0.06505232916068131,0.06327490380504489,0.06679841897233202,0.07224257224257224,0.05290345564659779,0.0694019187589304,0.06492718446601942,0.07586344579756438,0.046957942017149853,0.053861003861003856,0.04227459783015339,0.06605128205128205,0.06780910263497328,0.054961191525068176,0.050582172170261494,0.07432150313152401,0.06720062512209415,0.07811885084612358,0.05504950495049505,0.05273475789060968,0.061703418976330165,0.06782646994054173,0.04939476766887935,0.06630265210608424,0.07931953269112524
100226_v2019_sA22-DBSCR15_eStrong_regNetwork,Topo,Feed-Forward,021U,42.0,0.0846774193548387,0.0,0.0,5.154018658509762,5.154018658509762,0.028901734104046242,0.041990668740279936,0.052545155993431854,0.04225352112676056,0.049586776859504134,0.04952076677316294,0.0528169014084507,0.031088082901554404,0.03511705685618729,0.027662517289073305,0.024305555555555556,0.045627376425855515,0.051546391752577324,0.03103448275862069,0.05719237435008666,0.044802867383512544,0.030534351145038167,0.032520325203252036,0.025510204081632654,0.037356321839080456,0.032380952380952385,0.03345280764635603,0.041736227045075125,0.035842293906810034,0.03012912482065997,0.04130808950086059,0.05252525252525253,0.05564924114671163,0.028099173553719006,0.026438569206842927,0.04060913705583756,0.028523489932885907,0.044709388971684055,0.045112781954887216,0.03202846975088968,0.03409090909090909,0.05223880597014925,0.04454022988505747,0.03479576399394856,0.03893805309734513,0.02695763799743261,0.036753445635528334,0.04313099041533546,0.05078125,0.03816793893129771,0.036605657237936774,0.03134796238244514,0.036671368124118475,0.04230118443316413,0.04120443740095087
100226_v2019_sA22-DBSCR15_eStrong_regNetwork,Topo,Feed-Forward,010,134.0,0.2701612903225806,0.3,0.3,0.6087799510577375,0.6087799510577375,0.23554913294797686,0.2348367029548989,0.25287356321839083,0.2693661971830986,0.2462809917355372,0.2507987220447284,0.2640845070422535,0.27288428324697755,0.2591973244147157,0.21853388658367912,0.27083333333333337,0.2775665399239544,0.2663230240549828,0.2775862068965517,0.2634315424610052,0.29032258064516125,0.24274809160305344,0.2601626016260163,0.2585034013605442,0.22270114942528735,0.2914285714285714,0.19832735961768222,0.24874791318864775,0.27060931899641577,0.22812051649928264,0.270223752151463,0.305050505050505,0.25126475548060706,0.2661157024793388,0.2410575427682737,0.27241962774957695,0.2667785234899329,0.22801788375558868,0.2763157894736842,0.27402135231316727,0.2897727272727273,0.26679104477611937,0.23275862068965517,0.2329803328290469,0.27079646017699116,0.20154043645699615,0.2434915773353752,0.2523961661341853,0.294921875,0.24732824427480915,0.26622296173044924,0.25391849529780564,0.22566995768688292,0.260575296108291,0.25039619651347067
100226_v2019_sA22-DBSCR15_eStrong_regNetwork,Topo,Cyclic,030C,0.0,0.0,1.0,1.0,-0.14142135623730948,-0.14142135623730948,0.0,0.0,0.0,0.0,0.0,0.0,0.0,0.0,0.0,0.0,0.0,0.0,0.0,0.0,0.0,0.0017921146953405018,0.0,0.0,0.0,0.0,0.0,0.0,0.0,0.0,0.0,0.0,0.0,0.0,0.0,0.0,0.0,0.0,0.0,0.0,0.0,0.0,0.0,0.0,0.0,0.0,0.0,0.0,0.0,0.0,0.0,0.0,0.0,0.0,0.0,0.0
100226_v2019_sA22-DBSCR15_eStrong_regNetwork,Topo,Feed-Forward,111U,0.0,0.0,1.0,1.0,-0.2549352582548616,-0.2549352582548616,0.002890173410404624,0.003110419906687403,0.0,0.0,0.01983471074380165,0.0,0.02112676056338028,0.0,0.0,0.0,0.0,0.0,0.0,0.0,0.0,0.0,0.0,0.0,0.0,0.0,0.0,0.0,0.0,0.0,0.0,0.0,0.0,0.0,0.0,0.0,0.0,0.0,0.0,0.0,0.0,0.0,0.0,0.0,0.0,0.0035398230088495575,0.0,0.0,0.001597444089456869,0.0,0.0,0.0,0.0,0.0,0.0,0.0
100226_v2019_sA22-DBSCR15_eStrong_regNetwork,Topo,Complete,100,0.0,0.0,1.0,1.0,-0.29135165507615873,-0.29135165507615873,0.001445086705202312,0.0015552099533437014,0.0,0.0,0.0,0.0,0.0,0.0,0.0,0.0,0.0,0.0,0.0,0.0,0.0,0.0,0.0,0.0,0.0,0.0,0.0,0.0,0.001669449081803005,0.0,0.0,0.0,0.0,0.0,0.0,0.0,0.0,0.0016778523489932886,0.0,0.0,0.0,0.0,0.0,0.0,0.0,0.0,0.0,0.0,0.0,0.0,0.0,0.0,0.0,0.0,0.0,0.0
100226_v2019_sA22-DBSCR15_eStrong_regNetwork,Topo,Feed-Forward,111D,0.0,0.0,1.0,1.0,-0.29172461151867674,-0.29172461151867674,0.0,0.0,0.0,0.0,0.001652892561983471,0.0,0.0017605633802816902,0.0,0.0,0.0,0.0,0.0,0.0,0.0,0.0,0.0,0.0,0.0,0.0,0.0,0.0,0.0,0.0,0.0,0.0,0.0,0.0,0.0,0.0,0.0,0.0,0.0016778523489932886,0.0,0.0,0.0,0.0,0.0,0.0,0.0,0.0,0.0,0.0,0.001597444089456869,0.0,0.0,0.0,0.0,0.0,0.0,0.0
100226_v2019_sA22-DBSCR15_eStrong_regNetwork,Topo,Feed-Forward,030T,1.0,0.0020161290322580645,0.56,0.56,-0.5948007916987469,-0.5948007916987469,0.001445086705202312,0.006220839813374806,0.008210180623973728,0.0017605633802816902,0.001652892561983471,0.003194888178913738,0.0,0.005181347150259067,0.008361204013377926,0.006915629322268327,0.005208333333333333,0.0,0.005154639175257732,0.0017241379310344827,0.0017331022530329288,0.0,0.0015267175572519084,0.0032520325203252032,0.006802721088435374,0.0028735632183908046,0.0019047619047619048,0.0011947431302270011,0.005008347245409015,0.008960573476702509,0.0028694404591104736,0.0034423407917383822,0.00404040404040404,0.008431703204047217,0.004958677685950413,0.0015552099533437014,0.001692047377326565,0.0016778523489932886,0.004470938897168405,0.007518796992481203,0.005338078291814947,0.001893939393939394,0.005597014925373134,0.0028735632183908046,0.0045385779122541605,0.0035398230088495575,0.005134788189987163,0.0,0.001597444089456869,0.001953125,0.0015267175572519084,0.008319467554076539,0.001567398119122257,0.0,0.0,0.004754358161648178
100226_v2019_sA22-DBSCR15_eStrong_regNetwork,Topo,Feed-Forward,021D,307.0,0.6189516129032258,0.82,0.82,-0.887190371999392,-0.887190371999392,0.6734104046242775,0.6749611197511665,0.6206896551724138,0.6232394366197183,0.6264462809917355,0.646964856230032,0.6038732394366197,0.6459412780656304,0.6404682274247492,0.7289073305670816,0.6423611111111112,0.6140684410646388,0.627147766323024,0.6482758620689655,0.6325823223570191,0.6254480286738351,0.6717557251908397,0.6422764227642277,0.6649659863945578,0.6867816091954023,0.6076190476190476,0.7299880525686977,0.666110183639399,0.6290322580645161,0.6958393113342898,0.6299483648881239,0.5818181818181818,0.6391231028667791,0.6446280991735538,0.6749611197511665,0.6531302876480541,0.6375838926174496,0.6736214605067063,0.6071428571428571,0.6334519572953736,0.6231060606060606,0.6156716417910447,0.6839080459770115,0.686838124054463,0.6088495575221239,0.72400513478819,0.6906584992343032,0.6629392971246006,0.59765625,0.6595419847328244,0.6439267886855241,0.6755485893416928,0.689703808180536,0.6159052453468696,0.6291600633914421
100226_v2019_sA22-DBSCR15_eStrong_regNetwork,Topo,Feed-Forward,021C,12.0,0.024193548387096774,0.98,0.98,-2.1705827390572647,-2.1705827390572647,0.05635838150289017,0.03732503888024884,0.06568144499178982,0.06338028169014084,0.05454545454545455,0.04952076677316294,0.05633802816901408,0.044905008635578586,0.0568561872909699,0.017980636237897647,0.057291666666666664,0.06273764258555133,0.04982817869415807,0.041379310344827586,0.04506065857885615,0.03763440860215054,0.0534351145038168,0.061788617886178863,0.044217687074829926,0.05028735632183908,0.06666666666666667,0.037037037037037035,0.03672787979966611,0.05555555555555556,0.0430416068866571,0.055077452667814115,0.05656565656565657,0.045531197301854974,0.05619834710743802,0.05598755832037325,0.03214890016920474,0.06208053691275168,0.04918032786885246,0.06390977443609022,0.05516014234875445,0.05113636363636364,0.05970149253731343,0.035919540229885055,0.04084720121028744,0.0743362831858407,0.0423620025673941,0.02909647779479326,0.036741214057507986,0.0546875,0.05343511450381679,0.04492512479201331,0.03761755485893417,0.047954866008462625,0.08121827411167512,0.07448494453248812
