TopoName,MAN_code,EdgeString,SelfActivation,NumPreSplitGroups,NumGroups,NumNodes,AbsMeanCohVal,AbsMedianCohVal,CohMatMean,CohMatMedian,AbsMeanWalkVal,AbsMedianWalkVal,MeanCoh,MedianCoh,PreSplitMeanCoh,PreSplitMedianCoh
001_00_NS,001,00,NS,2,2,2,,,,,-0.6226831029374404,-0.6226831029374404,,,,
001_00_SA,001,00,SA,2,2,2,,,,,-0.6226831029374404,-0.6226831029374404,,,,
003_000000_NS,003,000000,NS,3,3,3,,,,,-0.8669867071696596,-0.8669867071696596,,,,
003_000000_SA,003,000000,SA,3,3,3,,,,,-0.8669867071696596,-0.8669867071696596,,,,
010_N0_NS,010,N0,NS,2,2,2,1.0,1.0,-1.0,-1.0,-0.5795782962949,-0.6226831029374404,,,,
010_N0_SA,010,N0,SA,2,2,2,1.0,1.0,0.3333333333333333,1.0,-0.14528381439164817,-0.18838862103418863,1.0,1.0,1.0,1.0
010_P0_NS,010,P0,NS,1,1,2,1.0,1.0,1.0,1.0,-0.5795782962949,-0.6226831029374404,1.0,1.0,1.0,1.0
010_P0_SA,010,P0,SA,1,1,2,1.0,1.0,1.0,1.0,-0.14528381439164817,-0.18838862103418863,1.0,1.0,1.0,1.0
012_0000N0_NS,012,0000N0,NS,3,3,3,1.0,1.0,-1.0,-1.0,-0.8502471286226975,-0.8669867071696596,,,,
012_0000N0_SA,012,0000N0,SA,3,3,3,1.0,1.0,0.3333333333333333,1.0,-0.4875848984954847,-0.4326922252664078,1.0,1.0,1.0,1.0
012_0000P0_NS,012,0000P0,NS,2,2,3,1.0,1.0,1.0,1.0,-0.8502471286226975,-0.8669867071696596,1.0,1.0,1.0,1.0
012_0000P0_SA,012,0000P0,SA,2,2,3,1.0,1.0,1.0,1.0,-0.4875848984954847,-0.4326922252664078,1.0,1.0,1.0,1.0
021C_0NN000_NS,021C,0NN000,NS,2,2,3,1.0,1.0,-0.3333333333333333,-1.0,-0.8748038951216769,-0.8669867071696596,1.0,1.0,1.0,1.0
021C_0NN000_SA,021C,0NN000,SA,2,2,3,1.0,1.0,0.3333333333333333,1.0,-0.4405094132184252,-0.4326922252664078,1.0,1.0,1.0,1.0
021C_0NP000_NS,021C,0NP000,NS,2,2,3,1.0,1.0,-0.3333333333333333,-1.0,-0.8748038951216769,-0.8669867071696596,1.0,1.0,1.0,1.0
021C_0NP000_SA,021C,0NP000,SA,2,2,3,1.0,1.0,0.3333333333333333,1.0,-0.4405094132184252,-0.4326922252664078,1.0,1.0,1.0,1.0
021C_0PN000_NS,021C,0PN000,NS,2,2,3,1.0,1.0,-0.3333333333333333,-1.0,-0.8748038951216769,-0.8669867071696596,1.0,1.0,1.0,1.0
021C_0PN000_SA,021C,0PN000,SA,2,2,3,1.0,1.0,0.3333333333333333,1.0,-0.4405094132184252,-0.4326922252664078,1.0,1.0,1.0,1.0
021C_0PP000_NS,021C,0PP000,NS,1,1,3,1.0,1.0,1.0,1.0,-0.8748038951216769,-0.8669867071696596,1.0,1.0,1.0,1.0
021C_0PP000_SA,021C,0PP000,SA,1,1,3,1.0,1.0,1.0,1.0,-0.4405094132184252,-0.4326922252664078,1.0,1.0,1.0,1.0
021D_N0N000_NS,021D,N0N000,NS,2,3,3,1.0,1.0,-1.0,-1.0,-0.8405045821820464,-0.8669867071696596,,,,
021D_N0N000_SA,021D,N0N000,SA,2,3,3,1.0,1.0,0.2,1.0,-0.4062101002787945,-0.4326922252664078,1.0,1.0,1.0,1.0
021D_N0P000_NS,021D,N0P000,NS,2,2,3,1.0,1.0,0.0,0.0,-0.8405045821820464,-0.8669867071696596,1.0,1.0,1.0,1.0
021D_N0P000_SA,021D,N0P000,SA,2,2,3,1.0,1.0,0.6,1.0,-0.4062101002787945,-0.4326922252664078,1.0,1.0,1.0,1.0
021D_P0P000_NS,021D,P0P000,NS,1,1,3,1.0,1.0,1.0,1.0,-0.8405045821820464,-0.8669867071696596,1.0,1.0,1.0,1.0
021D_P0P000_SA,021D,P0P000,SA,1,1,3,1.0,1.0,1.0,1.0,-0.4062101002787945,-0.4326922252664078,1.0,1.0,1.0,1.0
021U_0N0N00_NS,021U,0N0N00,NS,2,3,3,1.0,1.0,-1.0,-1.0,-0.8405045821820464,-0.8669867071696596,,,,
021U_0N0N00_SA,021U,0N0N00,SA,2,3,3,1.0,1.0,0.2,1.0,-0.4062101002787944,-0.43269222526640777,1.0,1.0,1.0,1.0
021U_0N0P00_NS,021U,0N0P00,NS,2,2,3,1.0,1.0,0.0,0.0,-0.8405045821820464,-0.8669867071696596,1.0,1.0,1.0,1.0
021U_0N0P00_SA,021U,0N0P00,SA,2,2,3,1.0,1.0,0.6,1.0,-0.4062101002787944,-0.43269222526640777,1.0,1.0,1.0,1.0
021U_0P0P00_NS,021U,0P0P00,NS,1,1,3,1.0,1.0,1.0,1.0,-0.8405045821820464,-0.8669867071696596,1.0,1.0,1.0,1.0
021U_0P0P00_SA,021U,0P0P00,SA,1,1,3,1.0,1.0,1.0,1.0,-0.4062101002787944,-0.43269222526640777,1.0,1.0,1.0,1.0
030C_N00NN0_NS,030C,N00NN0,NS,3,3,3,0.9569002623702908,0.9672147143484415,-0.31209045280466313,-0.9200147273496244,-0.8725292197073009,-0.7995221824196374,-0.9834713454128065,-0.9834713454128065,-0.9834713454128065,-0.9834713454128065
030C_N00NN0_SA,030C,N00NN0,SA,3,3,3,0.9447495949670563,0.9840818303671426,0.28869504138896135,0.8537092438252224,-0.4382347378040492,-0.36522770051638553,0.8537092438252224,0.8537092438252224,0.8537092438252224,0.8537092438252224
030C_N00PN0_NS,030C,N00PN0,NS,2,2,3,1.0,1.0,0.1111111111111111,1.0,-0.8725292197073009,-0.7995221824196374,1.0,1.0,1.0,1.0
030C_N00PN0_SA,030C,N00PN0,SA,2,2,3,1.0,1.0,0.1111111111111111,1.0,-0.4382347378040492,-0.36522770051638553,1.0,1.0,1.0,1.0
030C_N00PP0_NS,030C,N00PP0,NS,3,3,3,0.9569002623702908,0.9672147143484415,-0.3330682248041374,-0.9672147143484415,-0.8725292197073009,-0.7995221824196374,-0.9834713454128065,-0.9834713454128065,-0.9834713454128065,-0.9834713454128065
030C_N00PP0_SA,030C,N00PP0,SA,3,3,3,0.9447495949670563,0.9840818303671426,0.28319465012600065,0.8537092438252224,-0.4382347378040492,-0.36522770051638553,0.8537092438252224,0.8537092438252224,0.8537092438252224,0.8537092438252224
030C_P00PP0_NS,030C,P00PP0,NS,1,1,3,1.0,1.0,1.0,1.0,-0.8725292197073009,-0.7995221824196374,1.0,1.0,1.0,1.0
030C_P00PP0_SA,030C,P00PP0,SA,1,1,3,1.0,1.0,1.0,1.0,-0.4382347378040492,-0.36522770051638553,1.0,1.0,1.0,1.0
030T_0N0NN0_NS,030T,0N0NN0,NS,3,3,3,0.7777777777777773,1.0,-0.7777777777777773,-1.0,-0.796939303858057,-0.8341288904141968,,,,
030T_0N0NN0_SA,030T,0N0NN0,SA,3,3,3,0.9453488656398026,1.0,0.05465113436019736,0.16395340308059209,-0.3626448219548051,-0.39983440851094487,1.0,1.0,1.0,1.0
030T_0N0NP0_NS,030T,0N0NP0,NS,2,2,3,1.0,1.0,-0.3333333333333333,-1.0,-0.796939303858057,-0.8341288904141968,1.0,1.0,1.0,1.0
030T_0N0NP0_SA,030T,0N0NP0,SA,2,2,3,1.0,1.0,0.3333333333333333,1.0,-0.3626448219548051,-0.39983440851094487,1.0,1.0,1.0,1.0
030T_0N0PN0_NS,030T,0N0PN0,NS,2,2,3,1.0,1.0,-0.3333333333333333,-1.0,-0.796939303858057,-0.8341288904141968,1.0,1.0,1.0,1.0
030T_0N0PN0_SA,030T,0N0PN0,SA,2,2,3,1.0,1.0,0.3333333333333333,1.0,-0.3626448219548051,-0.39983440851094487,1.0,1.0,1.0,1.0
030T_0N0PP0_NS,030T,0N0PP0,NS,2,2,3,0.7777777777777773,1.0,0.5555555555555559,1.0,-0.796939303858057,-0.8341288904141968,1.0,1.0,1.0,1.0
030T_0N0PP0_SA,030T,0N0PP0,SA,2,2,3,0.9453488656398026,1.0,0.721317801026864,1.0,-0.3626448219548051,-0.39983440851094487,1.0,1.0,1.0,1.0
030T_0P0NN0_NS,030T,0P0NN0,NS,2,2,3,1.0,1.0,-0.3333333333333333,-1.0,-0.796939303858057,-0.8341288904141968,1.0,1.0,1.0,1.0
030T_0P0NN0_SA,030T,0P0NN0,SA,2,2,3,1.0,1.0,0.3333333333333333,1.0,-0.3626448219548051,-0.39983440851094487,1.0,1.0,1.0,1.0
030T_0P0NP0_NS,030T,0P0NP0,NS,2,2,3,0.7777777777777773,1.0,0.11111111111111079,0.33333333333333237,-0.796939303858057,-0.8341288904141968,0.33333333333333237,0.33333333333333237,0.33333333333333237,0.33333333333333237
030T_0P0NP0_SA,030T,0P0NP0,SA,2,2,3,0.9453488656398026,1.0,0.6120155323064693,1.0,-0.3626448219548051,-0.39983440851094487,0.9453488656398026,1.0,0.9453488656398026,1.0
030T_0P0PN0_NS,030T,0P0PN0,NS,2,2,3,0.7777777777777773,1.0,0.11111111111111079,0.33333333333333237,-0.796939303858057,-0.8341288904141968,0.33333333333333237,0.33333333333333237,0.33333333333333237,0.33333333333333237
030T_0P0PN0_SA,030T,0P0PN0,SA,2,2,3,0.9453488656398026,1.0,0.6120155323064693,1.0,-0.3626448219548051,-0.39983440851094487,0.9453488656398026,1.0,0.9453488656398026,1.0
030T_0P0PP0_NS,030T,0P0PP0,NS,1,1,3,1.0,1.0,1.0,1.0,-0.796939303858057,-0.8341288904141968,1.0,1.0,1.0,1.0
030T_0P0PP0_SA,030T,0P0PP0,SA,1,1,3,1.0,1.0,1.0,1.0,-0.3626448219548051,-0.39983440851094487,1.0,1.0,1.0,1.0
100_NN_NS,100,NN,NS,2,2,2,1.0,1.0,0.0,0.0,-0.4342944819032518,-0.4342944819032518,1.0,1.0,1.0,1.0
100_NN_SA,100,NN,SA,2,2,2,1.0,1.0,0.0,0.0,0.0,0.0,1.0,1.0,1.0,1.0
100_PN_NS,100,PN,NS,2,2,2,0.7812430078047559,0.7812430078047559,-0.4232315318529014,-0.7812430078047559,-0.4342944819032518,-0.4342944819032518,-0.8464630637058029,-0.8464630637058029,-0.8464630637058029,-0.8464630637058029
100_PN_SA,100,PN,SA,2,2,2,0.7200961559433936,0.7200961559433936,0.2600790142288237,0.5201580284576474,0.0,0.0,0.5201580284576474,0.5201580284576474,0.5201580284576474,0.5201580284576474
100_PP_NS,100,PP,NS,1,1,2,1.0,1.0,1.0,1.0,-0.4342944819032518,-0.4342944819032518,1.0,1.0,1.0,1.0
100_PP_SA,100,PP,SA,1,1,2,1.0,1.0,1.0,1.0,0.0,0.0,1.0,1.0,1.0,1.0
102_0000NN_NS,102,0000NN,NS,3,3,3,1.0,1.0,0.0,0.0,-0.7330637095809854,-0.7334709036190052,1.0,1.0,1.0,1.0
102_0000NN_SA,102,0000NN,SA,3,3,3,1.0,1.0,0.0,0.0,-0.34110291954239785,-0.2991764217157535,1.0,1.0,1.0,1.0
102_0000NP_NS,102,0000NP,NS,3,3,3,0.7812430078047559,0.7812430078047559,-0.42323153185290147,-0.7812430078047559,-0.7330637095809854,-0.7334709036190052,-0.8464630637058029,-0.8464630637058029,-0.8464630637058029,-0.8464630637058029
102_0000NP_SA,102,0000NP,SA,3,3,3,0.7200961559433936,0.7200961559433936,0.2600790142288237,0.5201580284576474,-0.34110291954239785,-0.2991764217157535,0.5201580284576474,0.5201580284576474,0.5201580284576474,0.5201580284576474
102_0000PP_NS,102,0000PP,NS,2,2,3,1.0,1.0,1.0,1.0,-0.7330637095809854,-0.7334709036190052,1.0,1.0,1.0,1.0
102_0000PP_SA,102,0000PP,SA,2,2,3,1.0,1.0,1.0,1.0,-0.34110291954239785,-0.2991764217157535,1.0,1.0,1.0,1.0
111D_N000NN_NS,111D,N000NN,NS,2,2,3,1.0,1.0,0.0,0.0,-0.767879020362658,-0.7334709036190052,1.0,1.0,1.0,1.0
111D_N000NN_SA,111D,N000NN,SA,2,2,3,1.0,1.0,0.14285714285714285,1.0,-0.3335845384594062,-0.2991764217157536,1.0,1.0,1.0,1.0
111D_N000NP_NS,111D,N000NP,NS,3,3,3,0.7812430078047559,0.7812430078047559,-0.26041433593491864,-0.7160229519037089,-0.767879020362658,-0.7334709036190052,-0.8464630637058029,-0.8464630637058029,-0.8464630637058029,-0.8464630637058029
111D_N000NP_SA,111D,N000NP,SA,2,2,3,0.8248413182756903,0.9200342834291398,0.2991074420304676,0.5201580284576474,-0.3335845384594062,-0.2991764217157536,0.6756837390929513,0.7468141745923829,0.6756837390929513,0.7468141745923829
111D_N000PN_NS,111D,N000PN,NS,3,3,3,0.7812430078047559,0.7812430078047559,-0.5425686905035195,-0.7812430078047559,-0.767879020362658,-0.7334709036190052,-0.8464630637058029,-0.8464630637058029,-0.8464630637058029,-0.8464630637058029
111D_N000PN_SA,111D,N000PN,SA,3,3,3,0.8248413182756903,0.9200342834291398,0.020973064679862374,0.5201580284576474,-0.3335845384594062,-0.2991764217157536,0.6801053523050982,0.6801053523050982,0.6801053523050982,0.6801053523050982
111D_N000PP_NS,111D,N000PP,NS,2,2,3,1.0,1.0,0.3333333333333333,1.0,-0.767879020362658,-0.7334709036190052,1.0,1.0,1.0,1.0
111D_N000PP_SA,111D,N000PP,SA,2,2,3,1.0,1.0,0.42857142857142855,1.0,-0.3335845384594062,-0.2991764217157536,1.0,1.0,1.0,1.0
111D_P000NN_NS,111D,P000NN,NS,2,2,3,1.0,1.0,0.0,0.0,-0.767879020362658,-0.7334709036190052,1.0,1.0,1.0,1.0
111D_P000NN_SA,111D,P000NN,SA,2,2,3,1.0,1.0,0.14285714285714285,1.0,-0.3335845384594062,-0.2991764217157536,1.0,1.0,1.0,1.0
111D_P000NP_NS,111D,P000NP,NS,3,3,3,0.7812430078047559,0.7812430078047559,-0.30389437320228324,-0.7812430078047559,-0.767879020362658,-0.7334709036190052,-0.8464630637058029,-0.8464630637058029,-0.8464630637058029,-0.8464630637058029
111D_P000NP_SA,111D,P000NP,SA,2,2,3,0.8248413182756903,0.9200342834291398,0.2838400028024738,0.5201580284576474,-0.3335845384594062,-0.2991764217157536,0.6667777328766216,0.7200961559433936,0.6667777328766216,0.7200961559433936
111D_P000PN_NS,111D,P000PN,NS,3,3,3,0.7812430078047559,0.7812430078047559,-0.02174001863368234,0.0,-0.767879020362658,-0.7334709036190052,-0.8464630637058029,-0.8464630637058029,-0.8464630637058029,-0.8464630637058029
111D_P000PN_SA,111D,P000PN,SA,2,2,3,0.8248413182756903,0.9200342834291398,0.561974380153079,0.9200342834291398,-0.3335845384594062,-0.2991764217157536,0.6667777328766216,0.7200961559433936,0.6667777328766216,0.7200961559433936
111D_P000PP_NS,111D,P000PP,NS,1,1,3,1.0,1.0,1.0,1.0,-0.767879020362658,-0.7334709036190052,1.0,1.0,1.0,1.0
111D_P000PP_SA,111D,P000PP,SA,1,1,3,1.0,1.0,1.0,1.0,-0.3335845384594062,-0.2991764217157536,1.0,1.0,1.0,1.0
111U_0N00NN_NS,111U,0N00NN,NS,2,2,3,1.0,1.0,0.0,0.0,-0.767879020362658,-0.7334709036190052,1.0,1.0,1.0,1.0
111U_0N00NN_SA,111U,0N00NN,SA,2,2,3,1.0,1.0,0.14285714285714285,1.0,-0.3335845384594062,-0.2991764217157535,1.0,1.0,1.0,1.0
111U_0N00NP_NS,111U,0N00NP,NS,3,3,3,0.7812430078047559,0.7812430078047559,-0.5425686905035195,-0.7812430078047559,-0.767879020362658,-0.7334709036190052,-0.8464630637058029,-0.8464630637058029,-0.8464630637058029,-0.8464630637058029
111U_0N00NP_SA,111U,0N00NP,SA,3,3,3,0.8248413182756904,0.9200342834291398,0.020973064679862374,0.5201580284576474,-0.3335845384594062,-0.2991764217157535,0.6801053523050982,0.6801053523050982,0.6801053523050982,0.6801053523050982
111U_0N00PN_NS,111U,0N00PN,NS,3,3,3,0.7812430078047559,0.7812430078047559,-0.26041433593491864,-0.7160229519037089,-0.767879020362658,-0.7334709036190052,-0.8464630637058029,-0.8464630637058029,-0.8464630637058029,-0.8464630637058029
111U_0N00PN_SA,111U,0N00PN,SA,2,2,3,0.8248413182756904,0.9200342834291398,0.2991074420304676,0.5201580284576474,-0.3335845384594062,-0.2991764217157535,0.6756837390929513,0.7468141745923829,0.6756837390929513,0.7468141745923829
111U_0N00PP_NS,111U,0N00PP,NS,2,2,3,1.0,1.0,0.3333333333333333,1.0,-0.767879020362658,-0.7334709036190052,1.0,1.0,1.0,1.0
111U_0N00PP_SA,111U,0N00PP,SA,2,2,3,1.0,1.0,0.42857142857142855,1.0,-0.3335845384594062,-0.2991764217157535,1.0,1.0,1.0,1.0
111U_0P00NN_NS,111U,0P00NN,NS,2,2,3,1.0,1.0,0.0,0.0,-0.767879020362658,-0.7334709036190052,1.0,1.0,1.0,1.0
111U_0P00NN_SA,111U,0P00NN,SA,2,2,3,1.0,1.0,0.14285714285714285,1.0,-0.3335845384594062,-0.2991764217157535,1.0,1.0,1.0,1.0
111U_0P00NP_NS,111U,0P00NP,NS,3,3,3,0.7812430078047559,0.7812430078047559,-0.021740018633682356,0.0,-0.767879020362658,-0.7334709036190052,-0.8464630637058029,-0.8464630637058029,-0.8464630637058029,-0.8464630637058029
111U_0P00NP_SA,111U,0P00NP,SA,2,2,3,0.8248413182756904,0.9200342834291398,0.561974380153079,0.9200342834291398,-0.3335845384594062,-0.2991764217157535,0.6667777328766216,0.7200961559433936,0.6667777328766216,0.7200961559433936
111U_0P00PN_NS,111U,0P00PN,NS,3,3,3,0.7812430078047559,0.7812430078047559,-0.3038943732022833,-0.7812430078047559,-0.767879020362658,-0.7334709036190052,-0.8464630637058029,-0.8464630637058029,-0.8464630637058029,-0.8464630637058029
111U_0P00PN_SA,111U,0P00PN,SA,2,2,3,0.8248413182756904,0.9200342834291398,0.2838400028024738,0.5201580284576474,-0.3335845384594062,-0.2991764217157535,0.6667777328766216,0.7200961559433936,0.6667777328766216,0.7200961559433936
111U_0P00PP_NS,111U,0P00PP,NS,1,1,3,1.0,1.0,1.0,1.0,-0.767879020362658,-0.7334709036190052,1.0,1.0,1.0,1.0
111U_0P00PP_SA,111U,0P00PP,SA,1,1,3,1.0,1.0,1.0,1.0,-0.3335845384594062,-0.2991764217157535,1.0,1.0,1.0,1.0
120C_0NN0NN_NS,120C,0NN0NN,NS,3,3,3,0.7891268124214934,0.929276407682506,-0.13080581497265828,-0.3678794335670394,-0.7350073911137915,-0.7172488313693001,0.0134478955522912,0.0134478955522912,0.0134478955522912,0.0134478955522912
120C_0NN0NN_SA,120C,0NN0NN,SA,3,3,3,0.9329074770238122,0.9916258717319356,0.1179731871859347,0.853585063248033,-0.3007129092105396,-0.2829543494660481,0.9111567580778391,0.9111567580778391,0.9111567580778391,0.9111567580778391
120C_0NN0NP_NS,120C,0NN0NP,NS,3,3,3,0.6473117771820558,0.7239439200289713,-0.28524948526264593,-0.41740643326600985,-0.7350073911137915,-0.7172488313693001,0.023507842358784486,0.023507842358784486,0.023507842358784486,0.023507842358784486
120C_0NN0NP_SA,120C,0NN0NP,SA,3,3,3,0.8340057789608657,0.9244865291999959,-0.15622205948541762,-0.658380908489557,-0.3007129092105396,-0.2829543494660481,0.7085134028131735,0.7085134028131735,0.7085134028131735,0.7085134028131735
120C_0NN0PN_NS,120C,0NN0PN,NS,3,3,3,0.7745294894676436,0.8186584809619423,-0.24344212600257661,-0.6577812079483344,-0.7350073911137915,-0.7172488313693001,-0.8691762152569957,-0.8691762152569957,-0.8691762152569957,-0.8691762152569957
120C_0NN0PN_SA,120C,0NN0PN,SA,3,3,3,0.8340358247115733,0.9163152316009775,0.22315900364425506,0.5054652987203184,-0.3007129092105396,-0.2829543494660481,0.6219187920322647,0.6219187920322647,0.6219187920322647,0.6219187920322647
120C_0NN0PP_NS,120C,0NN0PP,NS,2,2,3,1.0,1.0,0.1111111111111111,1.0,-0.7350073911137915,-0.7172488313693001,1.0,1.0,1.0,1.0
120C_0NN0PP_SA,120C,0NN0PP,SA,2,2,3,1.0,1.0,0.1111111111111111,1.0,-0.3007129092105396,-0.2829543494660481,1.0,1.0,1.0,1.0
120C_0NP0NN_NS,120C,0NP0NN,NS,2,2,3,1.0,1.0,0.1111111111111111,1.0,-0.7350073911137915,-0.7172488313693001,1.0,1.0,1.0,1.0
120C_0NP0NN_SA,120C,0NP0NN,SA,2,2,3,1.0,1.0,0.1111111111111111,1.0,-0.3007129092105396,-0.2829543494660481,1.0,1.0,1.0,1.0
120C_0NP0NP_NS,120C,0NP0NP,NS,3,3,3,0.7745294894676436,0.8186584809619423,-0.3002581790546188,-0.7525761736689165,-0.7350073911137915,-0.7172488313693001,-0.8691762152569957,-0.8691762152569957,-0.8691762152569957,-0.8691762152569957
120C_0NP0NP_SA,120C,0NP0NP,SA,3,3,3,0.8340358247115733,0.9163152316009775,0.20385491127729136,0.5054652987203184,-0.3007129092105396,-0.2829543494660481,0.6219187920322647,0.6219187920322647,0.6219187920322647,0.6219187920322647
120C_0NP0PN_NS,120C,0NP0PN,NS,3,3,3,0.6473117771820558,0.7239439200289713,-0.04843579918000769,-0.41740643326600985,-0.7350073911137915,-0.7172488313693001,0.023507842358784486,0.023507842358784486,0.023507842358784486,0.023507842358784486
120C_0NP0PN_SA,120C,0NP0PN,SA,2,2,3,0.8340057789608657,0.9244865291999959,0.20660384308100913,0.5633910441467535,-0.3007129092105396,-0.2829543494660481,0.7143169403923926,0.7564010676382165,0.7143169403923926,0.7564010676382165
120C_0NP0PP_NS,120C,0NP0PP,NS,2,2,3,0.7891268124214934,0.929276407682506,0.14861105865626875,0.5121659266579994,-0.7350073911137915,-0.7172488313693001,-0.20180812150886962,-0.2359111200005629,-0.20180812150886962,-0.2359111200005629
120C_0NP0PP_SA,120C,0NP0PP,SA,2,2,3,0.9329074770238122,0.9916258717319356,0.4908247594488995,0.9399426054927422,-0.3007129092105396,-0.2829543494660481,0.8722722530980243,0.8967638343703876,0.8722722530980243,0.8967638343703876
120C_0PN0NN_NS,120C,0PN0NN,NS,2,2,3,1.0,1.0,0.1111111111111111,1.0,-0.7350073911137915,-0.7172488313693001,1.0,1.0,1.0,1.0
120C_0PN0NN_SA,120C,0PN0NN,SA,2,2,3,1.0,1.0,0.1111111111111111,1.0,-0.3007129092105396,-0.2829543494660481,1.0,1.0,1.0,1.0
120C_0PN0NP_NS,120C,0PN0NP,NS,3,3,3,0.7745294894676436,0.8186584809619423,-0.3002581790546188,-0.7525761736689165,-0.7350073911137915,-0.7172488313693001,-0.8691762152569957,-0.8691762152569957,-0.8691762152569957,-0.8691762152569957
120C_0PN0NP_SA,120C,0PN0NP,SA,3,3,3,0.8340358247115733,0.9163152316009775,0.20385491127729136,0.5054652987203184,-0.3007129092105396,-0.2829543494660481,0.6219187920322647,0.6219187920322647,0.6219187920322647,0.6219187920322647
120C_0PN0PN_NS,120C,0PN0PN,NS,3,3,3,0.6473117771820558,0.7239439200289713,-0.04843579918000768,-0.41740643326600985,-0.7350073911137915,-0.7172488313693001,0.023507842358784486,0.023507842358784486,0.023507842358784486,0.023507842358784486
120C_0PN0PN_SA,120C,0PN0PN,SA,2,2,3,0.8340057789608657,0.9244865291999959,0.20660384308100913,0.5633910441467535,-0.3007129092105396,-0.2829543494660481,0.7143169403923926,0.7564010676382165,0.7143169403923926,0.7564010676382165
120C_0PN0PP_NS,120C,0PN0PP,NS,2,2,3,0.7891268124214934,0.929276407682506,0.14861105865626878,0.5121659266579994,-0.7350073911137915,-0.7172488313693001,-0.20180812150886962,-0.2359111200005629,-0.20180812150886962,-0.2359111200005629
120C_0PN0PP_SA,120C,0PN0PP,SA,2,2,3,0.9329074770238122,0.9916258717319356,0.4908247594488995,0.9399426054927422,-0.3007129092105396,-0.2829543494660481,0.8722722530980243,0.8967638343703876,0.8722722530980243,0.8967638343703876
120C_0PP0NN_NS,120C,0PP0NN,NS,3,3,3,0.7891268124214934,0.929276407682506,-0.14848577493682436,-0.3678794335670394,-0.7350073911137915,-0.7172488313693001,0.0134478955522912,0.0134478955522912,0.0134478955522912,0.0134478955522912
120C_0PP0NN_SA,120C,0PP0NN,SA,3,3,3,0.9329074770238122,0.9916258717319356,0.11525297135338529,0.853585063248033,-0.3007129092105396,-0.2829543494660481,0.9111567580778391,0.9111567580778391,0.9111567580778391,0.9111567580778391
120C_0PP0NP_NS,120C,0PP0NP,NS,3,3,3,0.6473117771820558,0.7239439200289713,0.41346487343437394,0.7239439200289713,-0.7350073911137915,-0.7172488313693001,0.023507842358784486,0.023507842358784486,0.023507842358784486,0.023507842358784486
120C_0PP0NP_SA,120C,0PP0NP,SA,2,2,3,0.8340057789608657,0.9244865291999959,0.6876989104076308,0.9244865291999959,-0.3007129092105396,-0.2829543494660481,0.7143169403923926,0.7564010676382165,0.7143169403923926,0.7564010676382165
120C_0PP0PN_NS,120C,0PP0PN,NS,3,3,3,0.7745294894676436,0.8186584809619423,-0.3149431362308468,-0.8186584809619423,-0.7350073911137915,-0.7172488313693001,-0.8691762152569957,-0.8691762152569957,-0.8691762152569957,-0.8691762152569957
120C_0PP0PN_SA,120C,0PP0PN,SA,3,3,3,0.8340358247115733,0.9163152316009775,0.198356229844182,0.5054652987203184,-0.3007129092105396,-0.2829543494660481,0.6219187920322647,0.6219187920322647,0.6219187920322647,0.6219187920322647
120C_0PP0PP_NS,120C,0PP0PP,NS,1,1,3,1.0,1.0,1.0,1.0,-0.7350073911137915,-0.7172488313693001,1.0,1.0,1.0,1.0
120C_0PP0PP_SA,120C,0PP0PP,SA,1,1,3,1.0,1.0,1.0,1.0,-0.3007129092105396,-0.2829543494660481,1.0,1.0,1.0,1.0
120D_N0N0NN_NS,120D,N0N0NN,NS,3,3,3,0.7892931445223464,1.0,-0.12262647785567982,-0.3678794335670394,-0.679354660743716,-0.678598086135471,1.0,1.0,1.0,1.0
120D_N0N0NN_SA,120D,N0N0NN,SA,3,3,3,0.9127475058839739,1.0,-0.055604648741116716,-0.6946162705939086,-0.24506017884046427,-0.24430360423221925,1.0,1.0,1.0,1.0
120D_N0N0NP_NS,120D,N0N0NP,NS,3,3,3,0.6840675168483448,0.7366364212431884,-0.4453931995471084,-0.7366364212431884,-0.679354660743716,-0.678598086135471,-0.8464630637058029,-0.8464630637058029,-0.8464630637058029,-0.8464630637058029
120D_N0N0NP_SA,120D,N0N0NP,SA,3,3,3,0.7837539435123391,0.9200342834291398,0.06206043944321371,0.5201580284576474,-0.24506017884046427,-0.24430360423221925,0.6801053523050982,0.6801053523050982,0.6801053523050982,0.6801053523050982
120D_N0N0PP_NS,120D,N0N0PP,NS,2,2,3,1.0,1.0,0.3333333333333333,1.0,-0.679354660743716,-0.678598086135471,1.0,1.0,1.0,1.0
120D_N0N0PP_SA,120D,N0N0PP,SA,2,2,3,1.0,1.0,0.42857142857142855,1.0,-0.24506017884046427,-0.24430360423221925,1.0,1.0,1.0,1.0
120D_N0P0NN_NS,120D,N0P0NN,NS,2,2,3,1.0,1.0,0.0,0.0,-0.679354660743716,-0.678598086135471,1.0,1.0,1.0,1.0
120D_N0P0NN_SA,120D,N0P0NN,SA,2,2,3,1.0,1.0,0.14285714285714285,1.0,-0.24506017884046427,-0.24430360423221925,1.0,1.0,1.0,1.0
120D_N0P0NP_NS,120D,N0P0NP,NS,3,3,3,0.6840675168483448,0.7366364212431884,-0.19297656935288576,-0.4691030655960428,-0.679354660743716,-0.678598086135471,-0.8464630637058029,-0.8464630637058029,-0.8464630637058029,-0.8464630637058029
120D_N0P0NP_SA,120D,N0P0NP,SA,2,2,3,0.7837539435123391,0.9200342834291398,0.333598491310467,0.5201580284576474,-0.24506017884046427,-0.24430360423221925,0.671835882560996,0.735270604996517,0.671835882560996,0.735270604996517
120D_N0P0PP_NS,120D,N0P0PP,NS,2,2,3,0.7892931445223464,1.0,0.6666666666666666,1.0,-0.679354660743716,-0.678598086135471,0.8419698583917599,0.8419698583917599,0.8419698583917599,0.8419698583917599
120D_N0P0PP_SA,120D,N0P0PP,SA,2,2,3,0.9127475058839739,1.0,0.7142857142857143,1.0,-0.24506017884046427,-0.24430360423221925,0.9491027117656514,1.0,0.9491027117656514,1.0
120D_P0N0NP_NS,120D,P0N0NP,NS,3,3,3,0.6840675168483448,0.7366364212431884,-0.3713321397843161,-0.7366364212431884,-0.679354660743716,-0.678598086135471,-0.8464630637058029,-0.8464630637058029,-0.8464630637058029,-0.8464630637058029
120D_P0N0NP_SA,120D,P0N0NP,SA,2,2,3,0.7837539435123391,0.9200342834291398,0.2493489535224744,0.5201580284576474,-0.24506017884046427,-0.24430360423221925,0.6226903188513336,0.5878339138675299,0.6226903188513336,0.5878339138675299
120D_P0P0NN_NS,120D,P0P0NN,NS,2,2,3,0.7892931445223464,1.0,0.12262647785567982,0.3678794335670394,-0.679354660743716,-0.678598086135471,0.8419698583917599,0.8419698583917599,0.8419698583917599,0.8419698583917599
120D_P0P0NN_SA,120D,P0P0NN,SA,2,2,3,0.9127475058839739,1.0,0.34131893445540246,0.6946162705939086,-0.24506017884046427,-0.24430360423221925,0.9491027117656514,1.0,0.9491027117656514,1.0
120D_P0P0NP_NS,120D,P0P0NP,NS,3,3,3,0.6840675168483448,0.7366364212431884,-0.11891550959009355,-0.2469198863076661,-0.679354660743716,-0.678598086135471,-0.8464630637058029,-0.8464630637058029,-0.8464630637058029,-0.8464630637058029
120D_P0P0NP_SA,120D,P0P0NP,SA,2,2,3,0.7837539435123391,0.9200342834291398,0.5208870053897277,0.6555097992774124,-0.24506017884046427,-0.24430360423221925,0.671835882560996,0.735270604996517,0.671835882560996,0.735270604996517
120D_P0P0PP_NS,120D,P0P0PP,NS,1,1,3,1.0,1.0,1.0,1.0,-0.679354660743716,-0.678598086135471,1.0,1.0,1.0,1.0
120D_P0P0PP_SA,120D,P0P0PP,SA,1,1,3,1.0,1.0,1.0,1.0,-0.24506017884046427,-0.24430360423221925,1.0,1.0,1.0,1.0
120U_0N0NNN_NS,120U,0N0NNN,NS,3,3,3,0.7892931445223464,1.0,-0.12262647785567982,-0.3678794335670394,-0.679354660743716,-0.678598086135471,1.0,1.0,1.0,1.0
120U_0N0NNN_SA,120U,0N0NNN,SA,3,3,3,0.9127475058839739,1.0,-0.05560464874111675,-0.6946162705939086,-0.24506017884046427,-0.24430360423221925,1.0,1.0,1.0,1.0
120U_0N0NNP_NS,120U,0N0NNP,NS,3,3,3,0.6840675168483448,0.7366364212431884,-0.4453931995471084,-0.7366364212431884,-0.679354660743716,-0.678598086135471,-0.8464630637058029,-0.8464630637058029,-0.8464630637058029,-0.8464630637058029
120U_0N0NNP_SA,120U,0N0NNP,SA,3,3,3,0.7837539435123391,0.9200342834291398,0.0620604394432137,0.5201580284576474,-0.24506017884046427,-0.24430360423221925,0.6801053523050982,0.6801053523050982,0.6801053523050982,0.6801053523050982
120U_0N0NPP_NS,120U,0N0NPP,NS,2,2,3,1.0,1.0,0.3333333333333333,1.0,-0.679354660743716,-0.678598086135471,1.0,1.0,1.0,1.0
120U_0N0NPP_SA,120U,0N0NPP,SA,2,2,3,1.0,1.0,0.42857142857142855,1.0,-0.24506017884046427,-0.24430360423221925,1.0,1.0,1.0,1.0
120U_0N0PNN_NS,120U,0N0PNN,NS,2,2,3,1.0,1.0,0.0,0.0,-0.679354660743716,-0.678598086135471,1.0,1.0,1.0,1.0
120U_0N0PNN_SA,120U,0N0PNN,SA,2,2,3,1.0,1.0,0.14285714285714285,1.0,-0.24506017884046427,-0.24430360423221925,1.0,1.0,1.0,1.0
120U_0N0PNP_NS,120U,0N0PNP,NS,3,3,3,0.6840675168483448,0.7366364212431884,-0.3713321397843162,-0.7366364212431884,-0.679354660743716,-0.678598086135471,-0.8464630637058029,-0.8464630637058029,-0.8464630637058029,-0.8464630637058029
120U_0N0PNP_SA,120U,0N0PNP,SA,2,2,3,0.7837539435123391,0.9200342834291398,0.24934895352247435,0.5201580284576474,-0.24506017884046427,-0.24430360423221925,0.6226903188513336,0.5878339138675299,0.6226903188513336,0.5878339138675299
120U_0N0PPN_NS,120U,0N0PPN,NS,3,3,3,0.6840675168483448,0.7366364212431884,-0.19297656935288576,-0.4691030655960428,-0.679354660743716,-0.678598086135471,-0.8464630637058029,-0.8464630637058029,-0.8464630637058029,-0.8464630637058029
120U_0N0PPN_SA,120U,0N0PPN,SA,2,2,3,0.7837539435123391,0.9200342834291398,0.3335984913104669,0.5201580284576474,-0.24506017884046427,-0.24430360423221925,0.671835882560996,0.735270604996517,0.671835882560996,0.735270604996517
120U_0N0PPP_NS,120U,0N0PPP,NS,2,2,3,0.7892931445223464,1.0,0.6666666666666666,1.0,-0.679354660743716,-0.678598086135471,0.8419698583917599,0.8419698583917599,0.8419698583917599,0.8419698583917599
120U_0N0PPP_SA,120U,0N0PPP,SA,2,2,3,0.9127475058839739,1.0,0.7142857142857143,1.0,-0.24506017884046427,-0.24430360423221925,0.9491027117656514,1.0,0.9491027117656514,1.0
120U_0P0PNN_NS,120U,0P0PNN,NS,2,2,3,0.7892931445223464,1.0,0.1226264778556798,0.3678794335670394,-0.679354660743716,-0.678598086135471,0.8419698583917599,0.8419698583917599,0.8419698583917599,0.8419698583917599
120U_0P0PNN_SA,120U,0P0PNN,SA,2,2,3,0.9127475058839739,1.0,0.34131893445540246,0.6946162705939086,-0.24506017884046427,-0.24430360423221925,0.9491027117656514,1.0,0.9491027117656514,1.0
120U_0P0PNP_NS,120U,0P0PNP,NS,3,3,3,0.6840675168483448,0.7366364212431884,-0.11891550959009355,-0.2469198863076661,-0.679354660743716,-0.678598086135471,-0.8464630637058029,-0.8464630637058029,-0.8464630637058029,-0.8464630637058029
120U_0P0PNP_SA,120U,0P0PNP,SA,2,2,3,0.7837539435123391,0.9200342834291398,0.5208870053897277,0.6555097992774124,-0.24506017884046427,-0.24430360423221925,0.6226903188513336,0.5878339138675299,0.6226903188513336,0.5878339138675299
120U_0P0PPP_NS,120U,0P0PPP,NS,1,1,3,1.0,1.0,1.0,1.0,-0.679354660743716,-0.678598086135471,1.0,1.0,1.0,1.0
120U_0P0PPP_SA,120U,0P0PPP,SA,1,1,3,1.0,1.0,1.0,1.0,-0.24506017884046427,-0.24430360423221925,1.0,1.0,1.0,1.0
201_00NNNN_NS,201,00NNNN,NS,2,2,3,1.0,1.0,0.1111111111111111,1.0,-0.7055103255158727,-0.6674021585721331,1.0,1.0,1.0,1.0
201_00NNNN_SA,201,00NNNN,SA,2,2,3,1.0,1.0,0.1111111111111111,1.0,-0.27121584361262097,-0.23310767666888138,1.0,1.0,1.0,1.0
201_00NNNP_NS,201,00NNNP,NS,3,3,3,0.7873741085608624,0.8509181464954263,-0.18909292144342804,-0.8509181464954263,-0.7055103255158727,-0.6674021585721331,0.0,0.0,0.0,0.0
201_00NNNP_SA,201,00NNNP,SA,3,3,3,0.8800575381938971,0.940156293316122,0.03593277595671981,0.5176814821584531,-0.27121584361262097,-0.23310767666888138,0.7345691900809075,0.7345691900809075,0.7345691900809075,0.7345691900809075
201_00NNPN_NS,201,00NNPN,NS,3,3,3,0.7873741085608624,0.8509181464954263,-0.18909292144342807,-0.8509181464954263,-0.7055103255158727,-0.6674021585721331,0.0,0.0,0.0,0.0
201_00NNPN_SA,201,00NNPN,SA,3,3,3,0.8800575381938971,0.940156293316122,0.035932775956719815,0.5176814821584531,-0.27121584361262097,-0.23310767666888138,0.7345691900809075,0.7345691900809075,0.7345691900809075,0.7345691900809075
201_00NNPP_NS,201,00NNPP,NS,2,2,3,1.0,1.0,0.1111111111111111,1.0,-0.7055103255158727,-0.6674021585721331,1.0,1.0,1.0,1.0
201_00NNPP_SA,201,00NNPP,SA,2,2,3,1.0,1.0,0.1111111111111111,1.0,-0.27121584361262097,-0.23310767666888138,1.0,1.0,1.0,1.0
201_00NPNP_NS,201,00NPNP,NS,3,3,3,0.78848968068265,0.8464630637058029,-0.47025725761433496,-0.8464630637058029,-0.7055103255158727,-0.6674021585721331,-0.8464630637058029,-0.8464630637058029,-0.8464630637058029,-0.8464630637058029
201_00NPNP_SA,201,00NPNP,SA,3,3,3,0.7667107127993985,0.8823372158929063,-0.05062215516816999,0.40603991439851317,-0.27121584361262097,-0.23310767666888138,0.485908025851572,0.485908025851572,0.485908025851572,0.485908025851572
201_00NPPN_NS,201,00NPPN,NS,3,3,3,0.78848968068265,0.8464630637058029,-0.094051451522867,-0.7160229519037089,-0.7055103255158727,-0.6674021585721331,-0.8464630637058029,-0.8464630637058029,-0.8464630637058029,-0.8464630637058029
201_00NPPN_SA,201,00NPPN,SA,2,2,3,0.7667107127993985,0.8823372158929063,0.374560839069218,0.5258420815781014,-0.27121584361262097,-0.23310767666888138,0.5736459118523127,0.5736459118523127,0.5736459118523127,0.5736459118523127
201_00NPPP_NS,201,00NPPP,NS,3,3,3,0.7873741085608624,0.8509181464954263,0.18909292144342807,0.8509181464954263,-0.7055103255158727,-0.6674021585721331,0.0,0.0,0.0,0.0
201_00NPPP_SA,201,00NPPP,SA,2,2,3,0.8800575381938971,0.940156293316122,0.4537800174305518,0.940156293316122,-0.27121584361262097,-0.23310767666888138,0.7046330754187907,0.7289188877372876,0.7046330754187907,0.7289188877372876
201_00PNPN_NS,201,00PNPN,NS,3,3,3,0.78848968068265,0.8464630637058029,-0.47025725761433496,-0.8464630637058029,-0.7055103255158727,-0.6674021585721331,-0.8464630637058029,-0.8464630637058029,-0.8464630637058029,-0.8464630637058029
201_00PNPN_SA,201,00PNPN,SA,3,3,3,0.7667107127993985,0.8823372158929063,-0.05062215516816996,0.40603991439851317,-0.27121584361262097,-0.23310767666888138,0.485908025851572,0.485908025851572,0.485908025851572,0.485908025851572
201_00PNPP_NS,201,00PNPP,NS,3,3,3,0.7873741085608624,0.8509181464954263,0.18909292144342807,0.8509181464954263,-0.7055103255158727,-0.6674021585721331,0.0,0.0,0.0,0.0
201_00PNPP_SA,201,00PNPP,SA,2,2,3,0.8800575381938971,0.940156293316122,0.4537800174305519,0.940156293316122,-0.27121584361262097,-0.23310767666888138,0.7046330754187907,0.7289188877372876,0.7046330754187907,0.7289188877372876
201_00PPPP_NS,201,00PPPP,NS,1,1,3,1.0,1.0,1.0,1.0,-0.7055103255158727,-0.6674021585721331,1.0,1.0,1.0,1.0
201_00PPPP_SA,201,00PPPP,SA,1,1,3,1.0,1.0,1.0,1.0,-0.27121584361262097,-0.23310767666888138,1.0,1.0,1.0,1.0
210_NNN0NN_NS,210,NNN0NN,NS,3,3,3,0.6075272459602231,0.5121659266579994,-0.050737446498916934,-0.3678794335670394,-0.5930222150636402,-0.6156106032047609,0.5121659266579994,0.5121659266579994,0.5121659266579994,0.5121659266579994
210_NNN0NN_SA,210,NNN0NN,SA,3,3,3,0.8839682343775135,0.9417597634543374,-0.029449159518404704,-0.7071761207835743,-0.15872773316038796,-0.18131612130150873,0.9489923758753251,0.9489923758753251,0.9489923758753251,0.9489923758753251
210_NNN0NP_NS,210,NNN0NP,NS,3,3,3,0.6380093497126986,0.8550474281833116,-0.1891881838913815,-0.2981096048262804,-0.5930222150636402,-0.6156106032047609,0.2323648006032164,0.2323648006032164,0.2323648006032164,0.2323648006032164
210_NNN0NP_SA,210,NNN0NP,SA,3,3,3,0.8270758434505537,0.942129961915588,-0.11440697678621276,-0.6777302623674614,-0.15872773316038796,-0.18131612130150873,0.7549599793579821,0.7549599793579821,0.7549599793579821,0.7549599793579821
210_NNN0PN_NS,210,NNN0PN,NS,3,3,3,0.6769607144603194,0.7866450684367212,-0.1845516130569423,-0.2838835014892264,-0.5930222150636402,-0.6156106032047609,-0.23170593519962232,-0.23170593519962232,-0.23170593519962232,-0.23170593519962232
210_NNN0PN_SA,210,NNN0PN,SA,3,3,3,0.8393414518569711,0.9366621944164509,0.060492913826502986,0.5041652052144713,-0.15872773316038796,-0.18131612130150873,0.70514426099025,0.70514426099025,0.70514426099025,0.70514426099025
210_NNN0PP_NS,210,NNN0PP,NS,2,2,3,1.0,1.0,0.1111111111111111,1.0,-0.5930222150636402,-0.6156106032047609,1.0,1.0,1.0,1.0
210_NNN0PP_SA,210,NNN0PP,SA,2,2,3,1.0,1.0,0.1111111111111111,1.0,-0.15872773316038796,-0.18131612130150873,1.0,1.0,1.0,1.0
210_NNP0NN_NS,210,NNP0NN,NS,2,2,3,1.0,1.0,0.1111111111111111,1.0,-0.5930222150636402,-0.6156106032047609,1.0,1.0,1.0,1.0
210_NNP0NN_SA,210,NNP0NN,SA,2,2,3,1.0,1.0,0.1111111111111111,1.0,-0.15872773316038796,-0.18131612130150873,1.0,1.0,1.0,1.0
210_NNP0NP_NS,210,NNP0NP,NS,3,3,3,0.6769607144603194,0.7866450684367212,-0.20781424817079427,-0.2838835014892264,-0.5930222150636402,-0.6156106032047609,-0.23170593519962232,-0.23170593519962232,-0.23170593519962232,-0.23170593519962232
210_NNP0NP_SA,210,NNP0NP,SA,3,3,3,0.8393414518569711,0.9366621944164509,0.051543798443379515,0.5041652052144713,-0.15872773316038796,-0.18131612130150873,0.70514426099025,0.70514426099025,0.70514426099025,0.70514426099025
210_NNP0PN_NS,210,NNP0PN,NS,3,3,3,0.6380093497126986,0.8550474281833116,-0.04191862596830864,0.23225017102633078,-0.5930222150636402,-0.6156106032047609,0.2323648006032164,0.2323648006032164,0.2323648006032164,0.2323648006032164
210_NNP0PN_SA,210,NNP0PN,SA,2,2,3,0.8270758434505537,0.942129961915588,0.19490023840026377,0.6777302623674614,-0.15872773316038796,-0.18131612130150873,0.756434046722307,0.7691222532746909,0.756434046722307,0.7691222532746909
210_NNP0PP_NS,210,NNP0PP,NS,2,2,3,0.6075272459602231,0.5121659266579994,0.10392454399323979,0.3678794335670394,-0.5930222150636402,-0.6156106032047609,0.5462689251496927,0.5121659266579994,0.5462689251496927,0.5121659266579994
210_NNP0PP_SA,210,NNP0PP,SA,2,2,3,0.8839682343775135,0.9417597634543374,0.2839771710188373,0.7071761207835743,-0.15872773316038796,-0.18131612130150873,0.921732186732877,0.9471842227700782,0.921732186732877,0.9471842227700782
210_NPN0NN_NS,210,NPN0NN,NS,3,3,3,0.6380093497126987,0.8550474281833116,-0.1891881838913815,-0.2981096048262804,-0.5930222150636402,-0.6156106032047609,0.2323648006032164,0.2323648006032164,0.2323648006032164,0.2323648006032164
210_NPN0NN_SA,210,NPN0NN,SA,3,3,3,0.8270758434505537,0.942129961915588,-0.11440697678621276,-0.6777302623674614,-0.15872773316038796,-0.18131612130150873,0.7549599793579821,0.7549599793579821,0.7549599793579821,0.7549599793579821
210_NPN0NP_NS,210,NPN0NP,NS,3,3,3,0.7146401127207084,0.7553984282076629,-0.24043177198378585,-0.7553984282076629,-0.5930222150636402,-0.6156106032047609,-0.8600672048441121,-0.8600672048441121,-0.8600672048441121,-0.8600672048441121
210_NPN0NP_SA,210,NPN0NP,SA,3,3,3,0.7351665185352556,0.8805706690931995,0.1840160051117637,0.509992112994786,-0.15872773316038796,-0.18131612130150873,0.47308678945237936,0.47308678945237936,0.47308678945237936,0.47308678945237936
210_NPN0PN_NS,210,NPN0PN,NS,3,3,3,0.5294480825889297,0.41887903657264286,-0.3196373313335363,-0.4185427972460978,-0.5930222150636402,-0.6156106032047609,-0.4186548770216128,-0.4186548770216128,-0.4186548770216128,-0.4186548770216128
210_NPN0PN_SA,210,NPN0PN,SA,3,3,3,0.7232080093775481,0.646065098506589,-0.03494185739770206,0.43375134824915473,-0.15872773316038796,-0.18131612130150873,0.5217332579161712,0.5217332579161712,0.5217332579161712,0.5217332579161712
210_NPN0PP_NS,210,NPN0PP,NS,3,3,3,0.6769607144603195,0.7866450684367212,0.036171046605038434,0.2838835014892264,-0.5930222150636402,-0.6156106032047609,-0.23170593519962232,-0.23170593519962232,-0.23170593519962232,-0.23170593519962232
210_NPN0PP_SA,210,NPN0PP,SA,2,2,3,0.8393414518569711,0.9366621944164509,0.4140576078728036,0.6746053833398277,-0.15872773316038796,-0.18131612130150873,0.6548994970463053,0.6548994970463053,0.6548994970463053,0.6548994970463053
210_NPP0NN_NS,210,NPP0NN,NS,3,3,3,0.6769607144603195,0.7866450684367212,-0.2078142481707943,-0.2838835014892264,-0.5930222150636402,-0.6156106032047609,-0.23170593519962232,-0.23170593519962232,-0.23170593519962232,-0.23170593519962232
210_NPP0NN_SA,210,NPP0NN,SA,3,3,3,0.8393414518569711,0.9366621944164509,0.05154379844337953,0.5041652052144713,-0.15872773316038796,-0.18131612130150873,0.70514426099025,0.70514426099025,0.70514426099025,0.70514426099025
210_NPP0NP_NS,210,NPP0NP,NS,3,3,3,0.5294480825889297,0.41887903657264286,0.15242080935815402,-0.22032904923682595,-0.5930222150636402,-0.6156106032047609,-0.4186548770216128,-0.4186548770216128,-0.4186548770216128,-0.4186548770216128
210_NPP0NP_SA,210,NPP0NP,SA,2,2,3,0.7232080093775481,0.646065098506589,0.4360679655968419,0.5657242127496794,-0.15872773316038796,-0.18131612130150873,0.5932662886029763,0.588846849715323,0.5932662886029763,0.588846849715323
210_NPP0PN_NS,210,NPP0PN,NS,3,3,3,0.7146401127207084,0.7553984282076629,-0.35466673243123026,-0.7553984282076629,-0.5930222150636402,-0.6156106032047609,-0.8600672048441121,-0.8600672048441121,-0.8600672048441121,-0.8600672048441121
210_NPP0PN_SA,210,NPP0PN,SA,3,3,3,0.7351665185352556,0.8805706690931995,0.12292696135996167,0.509992112994786,-0.15872773316038796,-0.18131612130150873,0.47308678945237936,0.47308678945237936,0.47308678945237936,0.47308678945237936
210_NPP0PP_NS,210,NPP0PP,NS,2,2,3,0.6380093497126987,0.8550474281833116,0.4678620117061994,0.8550474281833116,-0.5930222150636402,-0.6156106032047609,0.12893864992237547,0.20049205344308035,0.12893864992237547,0.20049205344308035
210_NPP0PP_SA,210,NPP0PP,SA,2,2,3,0.8270758434505537,0.942129961915588,0.6764691184800067,0.942129961915588,-0.15872773316038796,-0.18131612130150873,0.756434046722307,0.7691222532746909,0.756434046722307,0.7691222532746909
210_PNN0NN_NS,210,PNN0NN,NS,3,3,3,0.6769607144603195,0.7866450684367212,-0.1845516130569423,-0.2838835014892264,-0.5930222150636402,-0.6156106032047609,-0.23170593519962232,-0.23170593519962232,-0.23170593519962232,-0.23170593519962232
210_PNN0NN_SA,210,PNN0NN,SA,3,3,3,0.8393414518569711,0.9366621944164509,0.060492913826502986,0.5041652052144713,-0.15872773316038796,-0.18131612130150873,0.70514426099025,0.70514426099025,0.70514426099025,0.70514426099025
210_PNN0NP_NS,210,PNN0NP,NS,3,3,3,0.5294480825889297,0.41887903657264286,-0.3196373313335364,-0.4185427972460978,-0.5930222150636402,-0.6156106032047609,-0.4186548770216128,-0.4186548770216128,-0.4186548770216128,-0.4186548770216128
210_PNN0NP_SA,210,PNN0NP,SA,3,3,3,0.7232080093775481,0.646065098506589,-0.03494185739770206,0.43375134824915473,-0.15872773316038796,-0.18131612130150873,0.5217332579161712,0.5217332579161712,0.5217332579161712,0.5217332579161712
210_PNN0PN_NS,210,PNN0PN,NS,3,3,3,0.7146401127207084,0.7553984282076629,-0.19699103627923642,-0.6576567728724267,-0.5930222150636402,-0.6156106032047609,-0.8600672048441121,-0.8600672048441121,-0.8600672048441121,-0.8600672048441121
210_PNN0PN_SA,210,PNN0PN,SA,3,3,3,0.7351665185352556,0.8805706690931995,0.20091245810481878,0.509992112994786,-0.15872773316038796,-0.18131612130150873,0.47308678945237936,0.47308678945237936,0.47308678945237936,0.47308678945237936
210_PNN0PP_NS,210,PNN0PP,NS,2,2,3,0.6380093497126987,0.8550474281833116,0.07306453229111268,0.23225017102633078,-0.5930222150636402,-0.6156106032047609,0.12893864992237547,0.20049205344308035,0.12893864992237547,0.20049205344308035
210_PNN0PP_SA,210,PNN0PP,SA,2,2,3,0.8270758434505537,0.942129961915588,0.24965092571658498,0.6777302623674614,-0.15872773316038796,-0.18131612130150873,0.7312131844252062,0.756025944622177,0.7312131844252062,0.756025944622177
210_PNP0NN_NS,210,PNP0NN,NS,3,3,3,0.6380093497126987,0.8550474281833116,-0.04191862596830863,0.23225017102633078,-0.5930222150636402,-0.6156106032047609,0.2323648006032164,0.2323648006032164,0.2323648006032164,0.2323648006032164
210_PNP0NN_SA,210,PNP0NN,SA,2,2,3,0.8270758434505537,0.942129961915588,0.1949002384002638,0.6777302623674614,-0.15872773316038796,-0.18131612130150873,0.756434046722307,0.7691222532746909,0.756434046722307,0.7691222532746909
210_PNP0NP_NS,210,PNP0NP,NS,3,3,3,0.7146401127207084,0.7553984282076629,-0.3546667324312303,-0.7553984282076629,-0.5930222150636402,-0.6156106032047609,-0.8600672048441121,-0.8600672048441121,-0.8600672048441121,-0.8600672048441121
210_PNP0NP_SA,210,PNP0NP,SA,3,3,3,0.7351665185352556,0.8805706690931995,0.1229269613599617,0.509992112994786,-0.15872773316038796,-0.18131612130150873,0.47308678945237936,0.47308678945237936,0.47308678945237936,0.47308678945237936
210_PNP0PN_NS,210,PNP0PN,NS,3,3,3,0.5294480825889297,0.41887903657264286,-0.07135264938656513,-0.4185427972460978,-0.5930222150636402,-0.6156106032047609,-0.4186548770216128,-0.4186548770216128,-0.4186548770216128,-0.4186548770216128
210_PNP0PN_SA,210,PNP0PN,SA,2,2,3,0.7232080093775481,0.646065098506589,0.3294600930867904,0.5657242127496794,-0.15872773316038796,-0.18131612130150873,0.5932662886029763,0.588846849715323,0.5932662886029763,0.588846849715323
210_PNP0PP_NS,210,PNP0PP,NS,3,3,3,0.6769607144603195,0.7866450684367212,0.04725356768986841,0.2838835014892264,-0.5930222150636402,-0.6156106032047609,-0.23170593519962232,-0.23170593519962232,-0.23170593519962232,-0.23170593519962232
210_PNP0PP_SA,210,PNP0PP,SA,2,2,3,0.8393414518569711,0.9366621944164509,0.4140980278443138,0.6746053833398277,-0.15872773316038796,-0.18131612130150873,0.6548994970463053,0.6548994970463053,0.6548994970463053,0.6548994970463053
210_PPN0NN_NS,210,PPN0NN,NS,2,2,3,1.0,1.0,0.1111111111111111,1.0,-0.5930222150636402,-0.6156106032047609,1.0,1.0,1.0,1.0
210_PPN0NN_SA,210,PPN0NN,SA,2,2,3,1.0,1.0,0.1111111111111111,1.0,-0.15872773316038796,-0.18131612130150873,1.0,1.0,1.0,1.0
210_PPN0NP_NS,210,PPN0NP,NS,3,3,3,0.6769607144603194,0.7866450684367212,0.03617104660503845,0.2838835014892264,-0.5930222150636402,-0.6156106032047609,-0.23170593519962232,-0.23170593519962232,-0.23170593519962232,-0.23170593519962232
210_PPN0NP_SA,210,PPN0NP,SA,2,2,3,0.8393414518569711,0.9366621944164509,0.4140576078728036,0.6746053833398277,-0.15872773316038796,-0.18131612130150873,0.6548994970463053,0.6548994970463053,0.6548994970463053,0.6548994970463053
210_PPN0PN_NS,210,PPN0PN,NS,2,2,3,0.6380093497126986,0.8550474281833116,0.07306453229111265,0.23225017102633078,-0.5930222150636402,-0.6156106032047609,0.12893864992237547,0.20049205344308035,0.12893864992237547,0.20049205344308035
210_PPN0PN_SA,210,PPN0PN,SA,2,2,3,0.8270758434505537,0.942129961915588,0.24965092571658498,0.6777302623674614,-0.15872773316038796,-0.18131612130150873,0.7312131844252061,0.756025944622177,0.7312131844252061,0.756025944622177
210_PPN0PP_NS,210,PPN0PP,NS,2,2,3,0.6075272459602231,0.5121659266579994,0.5257762607231032,0.5121659266579994,-0.5930222150636402,-0.6156106032047609,0.5462689251496927,0.5121659266579994,0.5462689251496927,0.5121659266579994
210_PPN0PP_SA,210,PPN0PP,SA,2,2,3,0.8839682343775135,0.9417597634543374,0.7268179853144969,0.9417597634543374,-0.15872773316038796,-0.18131612130150873,0.9217321867328772,0.9471842227700782,0.9217321867328772,0.9471842227700782
210_PPP0NN_NS,210,PPP0NN,NS,2,2,3,0.6075272459602231,0.5121659266579994,0.10392454399323979,0.3678794335670394,-0.5930222150636402,-0.6156106032047609,0.5462689251496927,0.5121659266579994,0.5462689251496927,0.5121659266579994
210_PPP0NN_SA,210,PPP0NN,SA,2,2,3,0.8839682343775135,0.9417597634543374,0.2839771710188373,0.7071761207835743,-0.15872773316038796,-0.18131612130150873,0.9217321867328772,0.9471842227700782,0.9217321867328772,0.9471842227700782
210_PPP0NP_NS,210,PPP0NP,NS,2,2,3,0.6380093497126986,0.8550474281833116,0.4678620117061994,0.8550474281833116,-0.5930222150636402,-0.6156106032047609,0.12893864992237547,0.20049205344308035,0.12893864992237547,0.20049205344308035
210_PPP0NP_SA,210,PPP0NP,SA,2,2,3,0.8270758434505537,0.942129961915588,0.6764691184800067,0.942129961915588,-0.15872773316038796,-0.18131612130150873,0.7312131844252061,0.756025944622177,0.7312131844252061,0.756025944622177
210_PPP0PN_NS,210,PPP0PN,NS,3,3,3,0.6769607144603194,0.7866450684367212,0.04725356768986841,0.2838835014892264,-0.5930222150636402,-0.6156106032047609,-0.23170593519962232,-0.23170593519962232,-0.23170593519962232,-0.23170593519962232
210_PPP0PN_SA,210,PPP0PN,SA,2,2,3,0.8393414518569711,0.9366621944164509,0.4140980278443138,0.6746053833398277,-0.15872773316038796,-0.18131612130150873,0.6548994970463053,0.6548994970463053,0.6548994970463053,0.6548994970463053
210_PPP0PP_NS,210,PPP0PP,NS,1,1,3,1.0,1.0,1.0,1.0,-0.5930222150636402,-0.6156106032047609,1.0,1.0,1.0,1.0
210_PPP0PP_SA,210,PPP0PP,SA,1,1,3,1.0,1.0,1.0,1.0,-0.15872773316038796,-0.18131612130150873,1.0,1.0,1.0,1.0
300_NNNNNN_NS,300,NNNNNN,NS,3,3,3,0.41597493126402607,0.3678794335670394,-0.07453098015869311,-0.3678794335670394,-0.4342944819032521,-0.4342944819032521,0.5121659266579994,0.5121659266579994,0.5121659266579994,0.5121659266579994
300_NNNNNN_SA,300,NNNNNN,SA,3,3,3,0.7904029187180124,0.7165313217847874,-0.16497217699503744,-0.7165313217847874,0.0,0.0,0.9381461125844627,0.9381461125844627,0.9381461125844627,0.9381461125844627
300_NNNNNP_NS,300,NNNNNP,NS,3,3,3,0.4893480590612924,0.3188755172875508,-0.12795969333170895,-0.3188755172875508,-0.4342944819032521,-0.4342944819032521,0.23853949294339952,0.23853949294339952,0.23853949294339952,0.23853949294339952
300_NNNNNP_SA,300,NNNNNP,SA,3,3,3,0.8121579330556009,0.6907116600234087,-0.07674574000260097,-0.6907116600234087,0.0,0.0,0.7817963647975529,0.7817963647975529,0.7817963647975529,0.7817963647975529
300_NNNNPP_NS,300,NNNNPP,NS,2,2,3,1.0,1.0,0.1111111111111111,1.0,-0.4342944819032521,-0.4342944819032521,1.0,1.0,1.0,1.0
300_NNNNPP_SA,300,NNNNPP,SA,2,2,3,1.0,1.0,0.1111111111111111,1.0,0.0,0.0,1.0,1.0,1.0,1.0
300_NNNPNP_NS,300,NNNPNP,NS,3,3,3,0.41059513834121336,0.27259154497430604,-0.18718711187992462,-0.27259154497430604,-0.4342944819032521,-0.4342944819032521,0.002897887023495971,0.002897887023495971,0.002897887023495971,0.002897887023495971
300_NNNPNP_SA,300,NNNPNP,SA,3,3,3,0.713695928538358,0.6654589945255704,0.0028110601069086744,0.45207251000443965,0.0,0.0,0.6311211532841862,0.6311211532841862,0.6311211532841862,0.6311211532841862
300_NNNPPN_NS,300,NNNPPN,NS,3,3,3,0.5749324998831439,0.8258533013101589,-0.20788658818973998,-0.2552404028273631,-0.4342944819032521,-0.4342944819032521,-0.4534994960176446,-0.4534994960176446,-0.4534994960176446,-0.4534994960176446
300_NNNPPN_SA,300,NNNPPN,SA,3,3,3,0.7501175042242569,0.6608148359571111,0.043656314572852656,0.3929068311556739,0.0,0.0,0.5715121676899654,0.5715121676899654,0.5715121676899654,0.5715121676899654
300_NNNPPP_NS,300,NNNPPP,NS,3,3,3,0.4893480590612924,0.3188755172875508,0.013762758796091432,0.0,-0.4342944819032521,-0.4342944819032521,0.23853949294339952,0.23853949294339952,0.23853949294339952,0.23853949294339952
300_NNNPPP_SA,300,NNNPPP,SA,2,2,3,0.8121579330556009,0.6907116600234087,0.2302372200078029,0.6907116600234087,0.0,0.0,0.7590251886040168,0.7590251886040168,0.7590251886040168,0.7590251886040168
300_NNPNPP_NS,300,NNPNPP,NS,3,3,3,0.4893480590612923,0.3188755172875508,0.01376275879609137,0.0,-0.4342944819032521,-0.4342944819032521,0.23853949294339952,0.23853949294339952,0.23853949294339952,0.23853949294339952
300_NNPNPP_SA,300,NNPNPP,SA,2,2,3,0.8121579330556009,0.6907116600234087,0.2302372200078029,0.6907116600234087,0.0,0.0,0.7590251886040168,0.7590251886040168,0.7590251886040168,0.7590251886040168
300_NNPPPP_NS,300,NNPPPP,NS,2,2,3,0.41597493126402607,0.3678794335670394,0.2524729607897863,0.3678794335670394,-0.4342944819032521,-0.4342944819032521,0.47609430338525943,0.47609430338525943,0.47609430338525943,0.47609430338525943
300_NNPPPP_SA,300,NNPPPP,SA,2,2,3,0.7904029187180124,0.7165313217847874,0.4719445534803291,0.7165313217847874,0.0,0.0,0.8827424148845437,0.8827424148845437,0.8827424148845437,0.8827424148845437
300_NPNPNN_NS,300,NPNPNN,NS,3,3,3,0.4105951383412133,0.27259154497430604,-0.18718711187992468,-0.27259154497430604,-0.4342944819032521,-0.4342944819032521,0.002897887023495971,0.002897887023495971,0.002897887023495971,0.002897887023495971
300_NPNPNN_SA,300,NPNPNN,SA,3,3,3,0.713695928538358,0.6654589945255704,0.0028110601069086683,0.45207251000443965,0.0,0.0,0.6311211532841862,0.6311211532841862,0.6311211532841862,0.6311211532841862
300_NPNPNP_NS,300,NPNPNP,NS,3,3,3,0.5391370424561728,0.6396573791531027,-0.27472597262077986,-0.6396573791531027,-0.4342944819032521,-0.4342944819032521,-0.6396573791531027,-0.6396573791531027,-0.6396573791531027,-0.6396573791531027
300_NPNPNP_SA,300,NPNPNP,SA,3,3,3,0.6543617375055748,0.6361867762466578,0.11321475554432098,0.42741111498057444,0.0,0.0,0.42741111498057444,0.42741111498057444,0.42741111498057444,0.42741111498057444
300_NPNPPP_NS,300,NPNPPP,NS,3,3,3,0.5749324998831439,0.8258533013101589,-0.0944464091553564,-0.22937977465744366,-0.4342944819032521,-0.4342944819032521,-0.4534994960176446,-0.4534994960176446,-0.4534994960176446,-0.4534994960176446
300_NPNPPP_SA,300,NPNPPP,SA,2,2,3,0.7501175042242569,0.6608148359571111,0.3373517972204576,0.6608148359571111,0.0,0.0,0.5268608335563925,0.5268608335563925,0.5268608335563925,0.5268608335563925
300_NPPPPP_NS,300,NPPPPP,NS,3,3,3,0.4893480590612923,0.3188755172875508,0.41848683299739214,0.3188755172875508,-0.4342944819032521,-0.4342944819032521,0.23853949294339952,0.23853949294339952,0.23853949294339952,0.23853949294339952
300_NPPPPP_SA,300,NPPPPP,SA,2,2,3,0.812157933055601,0.6907116600234087,0.6586664530503991,0.6907116600234087,0.0,0.0,0.7590251886040168,0.7590251886040168,0.7590251886040168,0.7590251886040168
300_PNNPPN_NS,300,PNNPPN,NS,3,3,3,0.5391370424561728,0.6396573791531027,-0.028698587675130633,-0.21209606604385256,-0.4342944819032521,-0.4342944819032521,-0.6396573791531027,-0.6396573791531027,-0.6396573791531027,-0.6396573791531027
300_PNNPPN_SA,300,PNNPPN,SA,3,3,3,0.6543617375055748,0.6361867762466578,0.2302372200078029,0.42741111498057444,0.0,0.0,0.42741111498057444,0.42741111498057444,0.42741111498057444,0.42741111498057444
300_PNNPPP_NS,300,PNNPPP,NS,2,2,3,0.4105951383412133,0.27259154497430604,0.18911903656225532,0.23007651456359346,-0.4342944819032521,-0.4342944819032521,0.04346165311127512,0.04346165311127512,0.04346165311127512,0.04346165311127512
300_PNNPPP_SA,300,PNNPPP,SA,2,2,3,0.713695928538358,0.6654589945255704,0.41793637541588213,0.6654589945255704,0.0,0.0,0.6397056135945323,0.6397056135945323,0.6397056135945323,0.6397056135945323
300_PPNPNP_NS,300,PPNPNP,NS,3,3,3,0.5749324998831439,0.8258533013101589,-0.0944464091553564,-0.22937977465744366,-0.4342944819032521,-0.4342944819032521,-0.4534994960176446,-0.4534994960176446,-0.4534994960176446,-0.4534994960176446
300_PPNPNP_SA,300,PPNPNP,SA,2,2,3,0.7501175042242569,0.6608148359571111,0.3373517972204576,0.6608148359571111,0.0,0.0,0.5268608335563925,0.5268608335563925,0.5268608335563925,0.5268608335563925
300_PPPPPP_NS,300,PPPPPP,NS,1,1,3,1.0,1.0,1.0,1.0,-0.4342944819032521,-0.4342944819032521,1.0,1.0,1.0,1.0
300_PPPPPP_SA,300,PPPPPP,SA,1,1,3,1.0,1.0,1.0,1.0,0.0,0.0,1.0,1.0,1.0,1.0
