Network	NodeLevel	GO_ID	GO_Term	FDR	P_value	Study_Count	Pop_Count	Study_Ratio	Pop_Ratio
100226_v2019_sA22-DBSCR15_eStrong	Middle	GO:0003677	DNA binding	1.5650935214728458e-16	4.252971525741429e-19	35	86	0.9459459459459459	0.2975778546712803
100226_v2019_sA22-DBSCR15_eStrong	Middle	GO:0003676	nucleic acid binding	5.641440020514874e-16	3.066000011149388e-18	35	90	0.9459459459459459	0.31141868512110726
100226_v2019_sA22-DBSCR15_eStrong	Middle	GO:0003700	DNA-binding transcription factor activity	3.1717895658056935e-15	2.5856980156024673e-17	31	67	0.8378378378378378	0.23183391003460208
100226_v2019_sA22-DBSCR15_eStrong	Middle	GO:0140110	transcription regulator activity	2.2743701252729156e-14	2.4721414405140385e-16	31	71	0.8378378378378378	0.24567474048442905
100226_v2019_sA22-DBSCR15_eStrong	Middle	GO:0043565	sequence-specific DNA binding	1.563224560297643e-05	2.1239464134478848e-07	17	40	0.4594594594594595	0.1384083044982699
100226_v2019_sA22-DBSCR15_eStrong	Middle	GO:0005488	binding	0.00012221092702510732	2.3246643727601937e-06	35	177	0.9459459459459459	0.6124567474048442
100226_v2019_sA22-DBSCR15_eStrong	Middle	GO:0016987	sigma factor activity	0.0019883082352985916	5.9299737715547534e-05	8	14	0.21621621621621623	0.04844290657439446
100226_v2019_sA22-DBSCR15_eStrong	Middle	GO:1990837	sequence-specific double-stranded DNA binding	0.0019883082352985916	6.483613810756277e-05	13	35	0.35135135135135137	0.12110726643598616
100226_v2019_sA22-DBSCR15_eStrong	Middle	GO:0003690	double-stranded DNA binding	0.0019883082352985916	6.483613810756277e-05	13	35	0.35135135135135137	0.12110726643598616
100226_v2019_sA22-DBSCR15_eStrong	Middle	GO:0001067	transcription regulatory region nucleic acid binding	0.0019883082352985916	6.483613810756277e-05	13	35	0.35135135135135137	0.12110726643598616
100226_v2019_sA22-DBSCR15_eStrong	Middle	GO:0000976	transcription cis-regulatory region binding	0.0019883082352985916	6.483613810756277e-05	13	35	0.35135135135135137	0.12110726643598616
100226_v2019_sA22-DBSCR15_eStrong	Middle	GO:0003824	catalytic activity	4.055160543037939e-05	6.611674798431422e-07	3	127	0.08108108108108109	0.43944636678200694
100226_v2019_sA22-DBSCR15_eStrong	Middle	GO:0043168	anion binding	0.022333280039807186	0.0007889473927105799	0	50	0.0	0.17301038062283736
100226_v2019_sA22-DBSCR15_eStrong	Middle	GO:0043167	ion binding	0.024708540353396972	0.0009399988177922762	3	89	0.08108108108108109	0.3079584775086505
100226_v2019_sA22-DBSCR15_eStrong	Output	GO:0003824	catalytic activity	1.2070014162877672e-13	1.6399475764779443e-15	123	127	0.5616438356164384	0.43944636678200694
100226_v2019_sA22-DBSCR15_eStrong	Output	GO:0016491	oxidoreductase activity	5.019297954487414e-05	1.7731215600091406e-06	45	45	0.2054794520547945	0.15570934256055363
100226_v2019_sA22-DBSCR15_eStrong	Output	GO:1901363	heterocyclic compound binding	0.0013340609176376607	5.075231751882405e-05	50	52	0.228310502283105	0.17993079584775087
100226_v2019_sA22-DBSCR15_eStrong	Output	GO:1901265	nucleoside phosphate binding	0.0018954465681066254	8.718719602166151e-05	47	49	0.2146118721461187	0.1695501730103806
100226_v2019_sA22-DBSCR15_eStrong	Output	GO:0000166	nucleotide binding	0.0018954465681066254	8.718719602166151e-05	47	49	0.2146118721461187	0.1695501730103806
100226_v2019_sA22-DBSCR15_eStrong	Output	GO:0043168	anion binding	0.0018954465681066254	8.756139037449084e-05	48	50	0.2191780821917808	0.17301038062283736
100226_v2019_sA22-DBSCR15_eStrong	Output	GO:0043167	ion binding	0.0031934515129788607	0.00016457530792706593	80	89	0.365296803652968	0.3079584775086505
100226_v2019_sA22-DBSCR15_eStrong	Output	GO:0017076	purine nucleotide binding	0.0035084364763129376	0.00020020969022437957	38	39	0.1735159817351598	0.13494809688581316
100226_v2019_sA22-DBSCR15_eStrong	Output	GO:0036094	small molecule binding	0.004041872958127736	0.0002416337094532886	86	97	0.3926940639269406	0.3356401384083045
100226_v2019_sA22-DBSCR15_eStrong	Output	GO:0097367	carbohydrate derivative binding	0.005188517925847678	0.00034633237148542476	36	37	0.1643835616438356	0.12802768166089964
100226_v2019_sA22-DBSCR15_eStrong	Output	GO:0030554	adenyl nucleotide binding	0.005188517925847678	0.00034633237148542476	36	37	0.1643835616438356	0.12802768166089964
100226_v2019_sA22-DBSCR15_eStrong	Output	GO:0016787	hydrolase activity	0.005188517925847678	0.00035248083735378246	28	28	0.1278538812785388	0.09688581314878893
100226_v2019_sA22-DBSCR15_eStrong	Output	GO:0032553	ribonucleotide binding	0.008497844668804605	0.0006003911994264123	35	36	0.1598173515981735	0.1245674740484429
100226_v2019_sA22-DBSCR15_eStrong	Output	GO:0032555	purine ribonucleotide binding	0.012977356930155955	0.0010075275212226326	33	34	0.1506849315068493	0.11764705882352941
100226_v2019_sA22-DBSCR15_eStrong	Output	GO:0035639	purine ribonucleoside triphosphate binding	0.012977356930155955	0.00102267214938729	32	33	0.1461187214611872	0.11418685121107267
100226_v2019_sA22-DBSCR15_eStrong	Output	GO:0032559	adenyl ribonucleotide binding	0.02067192637196983	0.0016852113890192797	31	32	0.1415525114155251	0.11072664359861592
100226_v2019_sA22-DBSCR15_eStrong	Output	GO:0005524	ATP binding	0.02071002911753141	0.001744594844139874	30	31	0.136986301369863	0.10726643598615918
100226_v2019_sA22-DBSCR15_eStrong	Output	GO:0022857	transmembrane transporter activity	0.034672570364225705	0.003109225059835457	22	22	0.1004566210045662	0.07612456747404844
100226_v2019_sA22-DBSCR15_eStrong	Output	GO:0005215	transporter activity	0.034672570364225705	0.003109225059835457	22	22	0.1004566210045662	0.07612456747404844
100226_v2019_sA22-DBSCR15_eStrong	Output	GO:0003677	DNA binding	9.296810965513807e-30	2.5263073275852737e-32	25	86	0.1141552511415525	0.2975778546712803
100226_v2019_sA22-DBSCR15_eStrong	Output	GO:0140110	transcription regulator activity	2.0061380728017846e-28	1.0902924308705351e-30	16	71	0.0730593607305936	0.24567474048442905
100226_v2019_sA22-DBSCR15_eStrong	Output	GO:0003676	nucleic acid binding	2.786667906737265e-28	2.2717401413619004e-30	29	90	0.1324200913242009	0.31141868512110726
100226_v2019_sA22-DBSCR15_eStrong	Output	GO:0003700	DNA-binding transcription factor activity	6.374020404203083e-28	6.928283048046829e-30	14	67	0.0639269406392694	0.23183391003460208
100226_v2019_sA22-DBSCR15_eStrong	Output	GO:0043565	sequence-specific DNA binding	6.333259016039705e-13	1.0325965787021257e-14	9	40	0.0410958904109589	0.1384083044982699
100226_v2019_sA22-DBSCR15_eStrong	Output	GO:0001067	transcription regulatory region nucleic acid binding	5.35103741705482e-11	1.454086254634462e-12	8	35	0.0365296803652968	0.12110726643598616
100226_v2019_sA22-DBSCR15_eStrong	Output	GO:0000976	transcription cis-regulatory region binding	5.35103741705482e-11	1.454086254634462e-12	8	35	0.0365296803652968	0.12110726643598616
100226_v2019_sA22-DBSCR15_eStrong	Output	GO:1990837	sequence-specific double-stranded DNA binding	5.35103741705482e-11	1.454086254634462e-12	8	35	0.0365296803652968	0.12110726643598616
100226_v2019_sA22-DBSCR15_eStrong	Output	GO:0003690	double-stranded DNA binding	5.35103741705482e-11	1.454086254634462e-12	8	35	0.0365296803652968	0.12110726643598616
100226_v2019_sA22-DBSCR15_eStrong	Output	GO:0005488	binding	9.290260804935854e-08	2.776980131910174e-09	114	177	0.5205479452054794	0.6124567474048442
100226_v2019_sA22-DBSCR15_eStrong	Output	GO:0003674	molecular_function	5.019297954487414e-05	1.7731215600091406e-06	174	244	0.7945205479452054	0.8442906574394463
100226_v2019_sA22-DBSCR15_eStrong	Output	GO:0000156	phosphorelay response regulator activity	0.0031934515129788607	0.00017072089462446098	0	6	0.0	0.020761245674740483
100226_v2019_sA22-DBSCR15_eStrong	Output	GO:0016987	sigma factor activity	0.0031934515129788607	0.0001735571474445033	4	14	0.0182648401826484	0.04844290657439446
100226_v2019_sA22-DBSCR15_eStrong	Output	GO:0060089	molecular transducer activity	0.012977356930155955	0.0009633967092412165	1	7	0.0045662100456621	0.02422145328719723
100226_v2019_sA22-DBSCR15_eStrong	Input	GO:0140110	transcription regulator activity	1.3095873789496442e-07	5.345109176891655e-10	24	71	0.7272727272727273	0.24567474048442905
100226_v2019_sA22-DBSCR15_eStrong	Input	GO:0003677	DNA binding	1.3095873789496442e-07	7.117322711682848e-10	26	86	0.7878787878787878	0.2975778546712803
100226_v2019_sA22-DBSCR15_eStrong	Input	GO:0003676	nucleic acid binding	3.070548945867502e-07	2.5031649015224203e-09	26	90	0.7878787878787878	0.31141868512110726
100226_v2019_sA22-DBSCR15_eStrong	Input	GO:0003700	DNA-binding transcription factor activity	1.2481978437194982e-06	1.3567367866516284e-08	22	67	0.6666666666666666	0.23183391003460208
100226_v2019_sA22-DBSCR15_eStrong	Input	GO:1990837	sequence-specific double-stranded DNA binding	7.745006063859091e-05	1.8941590917046689e-06	14	35	0.42424242424242425	0.12110726643598616
100226_v2019_sA22-DBSCR15_eStrong	Input	GO:0003690	double-stranded DNA binding	7.745006063859091e-05	1.8941590917046689e-06	14	35	0.42424242424242425	0.12110726643598616
100226_v2019_sA22-DBSCR15_eStrong	Input	GO:0001067	transcription regulatory region nucleic acid binding	7.745006063859091e-05	1.8941590917046689e-06	14	35	0.42424242424242425	0.12110726643598616
100226_v2019_sA22-DBSCR15_eStrong	Input	GO:0000976	transcription cis-regulatory region binding	7.745006063859091e-05	1.8941590917046689e-06	14	35	0.42424242424242425	0.12110726643598616
100226_v2019_sA22-DBSCR15_eStrong	Input	GO:0043565	sequence-specific DNA binding	0.00048686811705404544	1.3230111876468625e-05	14	40	0.42424242424242425	0.1384083044982699
100226_v2019_sA22-DBSCR15_eStrong	Input	GO:0000156	phosphorelay response regulator activity	0.0026948542805445156	8.055270947279803e-05	5	6	0.15151515151515152	0.020761245674740483
100226_v2019_sA22-DBSCR15_eStrong	Input	GO:0060089	molecular transducer activity	0.007935343238476956	0.00025876119255903115	5	7	0.15151515151515152	0.02422145328719723
100226_v2019_sA22-DBSCR15_eStrong	Input	GO:0003824	catalytic activity	2.7238108689800287e-06	3.700829985027213e-08	1	127	0.030303030303030304	0.43944636678200694
196627_v2020_s21_eStrong	Middle	GO:0003677	DNA binding	3.875838534306875e-49	3.2352575411576585e-52	59	145	0.7763157894736842	0.08852258852258853
196627_v2020_s21_eStrong	Middle	GO:0140110	transcription regulator activity	4.2505000062490076e-47	1.0643989998954109e-49	47	78	0.618421052631579	0.047619047619047616
196627_v2020_s21_eStrong	Middle	GO:0003700	DNA-binding transcription factor activity	4.2505000062490076e-47	1.0643989998954109e-49	47	78	0.618421052631579	0.047619047619047616
196627_v2020_s21_eStrong	Middle	GO:0003676	nucleic acid binding	6.301516480769995e-35	2.1040121805575944e-37	59	238	0.7763157894736842	0.1452991452991453
196627_v2020_s21_eStrong	Middle	GO:0043565	sequence-specific DNA binding	1.2047055827216127e-14	5.027986572293876e-17	16	24	0.21052631578947367	0.014652014652014652
196627_v2020_s21_eStrong	Middle	GO:0001067	transcription regulatory region nucleic acid binding	8.545962370805591e-13	5.7068196132257706e-15	14	21	0.18421052631578946	0.01282051282051282
196627_v2020_s21_eStrong	Middle	GO:1990837	sequence-specific double-stranded DNA binding	8.545962370805591e-13	5.7068196132257706e-15	14	21	0.18421052631578946	0.01282051282051282
196627_v2020_s21_eStrong	Middle	GO:0000976	transcription cis-regulatory region binding	8.545962370805591e-13	5.7068196132257706e-15	14	21	0.18421052631578946	0.01282051282051282
196627_v2020_s21_eStrong	Middle	GO:0003690	double-stranded DNA binding	2.0143635727955733e-12	1.513294837659446e-14	14	22	0.18421052631578946	0.013431013431013432
196627_v2020_s21_eStrong	Middle	GO:0005488	binding	3.129669620830224e-08	2.8736532411629764e-10	59	699	0.7763157894736842	0.4267399267399267
196627_v2020_s21_eStrong	Middle	GO:0003674	molecular_function	0.0008085812062143208	1.0124138642082481e-05	69	1143	0.9078947368421053	0.6978021978021978
196627_v2020_s21_eStrong	Middle	GO:0000156	phosphorelay response regulator activity	0.0014593453457402842	2.0708573353576655e-05	4	5	0.05263157894736842	0.0030525030525030525
196627_v2020_s21_eStrong	Middle	GO:0060089	molecular transducer activity	0.0014593453457402842	2.0708573353576655e-05	4	5	0.05263157894736842	0.0030525030525030525
196627_v2020_s21_eStrong	Middle	GO:0016987	sigma factor activity	0.0034193178058279992	5.99379581989883e-05	4	6	0.05263157894736842	0.003663003663003663
196627_v2020_s21_eStrong	Middle	GO:0001216	DNA-binding transcription activator activity	0.004607629059299104	9.615252627919666e-05	3	3	0.039473684210526314	0.0018315018315018315
196627_v2020_s21_eStrong	Middle	GO:0035731	dinitrosyl-iron complex binding	0.004607629059299104	9.615252627919666e-05	3	3	0.039473684210526314	0.0018315018315018315
196627_v2020_s21_eStrong	Middle	GO:0015035	protein-disulfide reductase activity	0.03260972475974563	0.0008982645384570999	3	5	0.039473684210526314	0.0030525030525030525
196627_v2020_s21_eStrong	Middle	GO:0015036	disulfide oxidoreductase activity	0.03260972475974563	0.0008982645384570999	3	5	0.039473684210526314	0.0030525030525030525
196627_v2020_s21_eStrong	Middle	GO:0047134	protein-disulfide reductase [NAD(P)H] activity	0.03260972475974563	0.0008982645384570999	3	5	0.039473684210526314	0.0030525030525030525
196627_v2020_s21_eStrong	Middle	GO:0003824	catalytic activity	2.2648233017796418e-11	1.8905035908010364e-13	8	815	0.10526315789473684	0.49755799755799757
196627_v2020_s21_eStrong	Middle	GO:1901363	heterocyclic compound binding	0.00030879625796380056	3.0931177759312245e-06	1	312	0.013157894736842105	0.19047619047619047
196627_v2020_s21_eStrong	Middle	GO:1901265	nucleoside phosphate binding	0.0007196680026112325	8.410143603136273e-06	1	286	0.013157894736842105	0.1746031746031746
196627_v2020_s21_eStrong	Middle	GO:0000166	nucleotide binding	0.0007196680026112325	8.410143603136273e-06	1	286	0.013157894736842105	0.1746031746031746
196627_v2020_s21_eStrong	Middle	GO:0035639	purine ribonucleoside triphosphate binding	0.002197227106111494	3.301342897329457e-05	0	218	0.0	0.1330891330891331
196627_v2020_s21_eStrong	Middle	GO:0005524	ATP binding	0.003234999336635426	5.130633338570375e-05	0	203	0.0	0.12393162393162394
196627_v2020_s21_eStrong	Middle	GO:0016787	hydrolase activity	0.0034193178058279992	5.945573052199514e-05	1	249	0.013157894736842105	0.152014652014652
196627_v2020_s21_eStrong	Middle	GO:0043168	anion binding	0.004298146187651301	7.893089827072506e-05	2	286	0.02631578947368421	0.1746031746031746
196627_v2020_s21_eStrong	Middle	GO:0017076	purine nucleotide binding	0.004607629059299104	9.410807464371672e-05	1	244	0.013157894736842105	0.14896214896214896
196627_v2020_s21_eStrong	Middle	GO:0097367	carbohydrate derivative binding	0.006992961149624949	0.00015176710341423095	1	231	0.013157894736842105	0.14102564102564102
196627_v2020_s21_eStrong	Middle	GO:0032553	ribonucleotide binding	0.010503105784597755	0.00023992881960303156	1	227	0.013157894736842105	0.1385836385836386
196627_v2020_s21_eStrong	Middle	GO:0030554	adenyl nucleotide binding	0.010503105784597755	0.00024548160431447176	1	229	0.013157894736842105	0.1398046398046398
196627_v2020_s21_eStrong	Middle	GO:0032555	purine ribonucleotide binding	0.01599636690001253	0.0003872242404844436	1	220	0.013157894736842105	0.1343101343101343
196627_v2020_s21_eStrong	Middle	GO:0032559	adenyl ribonucleotide binding	0.023546428009058352	0.0005896434392919454	1	205	0.013157894736842105	0.12515262515262515
196627_v2020_s21_eStrong	Output	GO:0003824	catalytic activity	8.720920979127928e-13	4.367740056324505e-15	807	815	0.5186375321336761	0.49755799755799757
196627_v2020_s21_eStrong	Output	GO:1901363	heterocyclic compound binding	7.445326200200119e-05	7.457755793188767e-07	311	312	0.19987146529562982	0.19047619047619047
196627_v2020_s21_eStrong	Output	GO:1901265	nucleoside phosphate binding	0.00027715971739628574	3.4702802679000718e-06	285	286	0.18316195372750643	0.1746031746031746
196627_v2020_s21_eStrong	Output	GO:0000166	nucleotide binding	0.00027715971739628574	3.4702802679000718e-06	285	286	0.18316195372750643	0.1746031746031746
196627_v2020_s21_eStrong	Output	GO:0035639	purine ribonucleoside triphosphate binding	0.0009916412996303333	1.3243957257166389e-05	218	218	0.14010282776349614	0.1330891330891331
196627_v2020_s21_eStrong	Output	GO:0005524	ATP binding	0.0014714627705441326	2.0880523455133768e-05	203	203	0.13046272493573266	0.12393162393162394
196627_v2020_s21_eStrong	Output	GO:0016787	hydrolase activity	0.0016360209980922026	2.4581283777679172e-05	248	249	0.15938303341902313	0.152014652014652
196627_v2020_s21_eStrong	Output	GO:0043168	anion binding	0.001955268426738838	3.427432133682437e-05	284	286	0.18251928020565553	0.1746031746031746
196627_v2020_s21_eStrong	Output	GO:0017076	purine nucleotide binding	0.0021793482082233533	4.002141951662251e-05	243	244	0.15616966580976863	0.14896214896214896
196627_v2020_s21_eStrong	Output	GO:0097367	carbohydrate derivative binding	0.0033202880033267744	6.374509522246729e-05	230	231	0.14781491002570693	0.14102564102564102
196627_v2020_s21_eStrong	Output	GO:0032553	ribonucleotide binding	0.004823421410424571	0.00010180782348027226	226	227	0.14524421593830333	0.1385836385836386
196627_v2020_s21_eStrong	Output	GO:0030554	adenyl nucleotide binding	0.004823421410424571	0.00010468193378216931	228	229	0.14652956298200515	0.1398046398046398
196627_v2020_s21_eStrong	Output	GO:0032555	purine ribonucleotide binding	0.006774371500563568	0.00016398729008042028	219	220	0.14074550128534705	0.1343101343101343
196627_v2020_s21_eStrong	Output	GO:0032559	adenyl ribonucleotide binding	0.010167061536767961	0.00025460087320787884	204	205	0.13110539845758354	0.12515262515262515
196627_v2020_s21_eStrong	Output	GO:0036094	small molecule binding	0.021409946938070575	0.0005616529420573153	499	511	0.32069408740359895	0.31196581196581197
196627_v2020_s21_eStrong	Output	GO:0016740	transferase activity	0.021409946938070575	0.0005718850601154077	260	263	0.16709511568123395	0.16056166056166057
196627_v2020_s21_eStrong	Output	GO:0003677	DNA binding	1.5416072141553318e-52	1.2868173740862537e-55	82	145	0.05269922879177378	0.08852258852258853
196627_v2020_s21_eStrong	Output	GO:0140110	transcription regulator activity	2.358458326423139e-52	5.905989131276642e-55	27	78	0.017352185089974295	0.047619047619047616
196627_v2020_s21_eStrong	Output	GO:0003700	DNA-binding transcription factor activity	2.358458326423139e-52	5.905989131276642e-55	27	78	0.017352185089974295	0.047619047619047616
196627_v2020_s21_eStrong	Output	GO:0003676	nucleic acid binding	4.289578735220112e-37	1.4322466561669823e-39	175	238	0.11246786632390746	0.1452991452991453
196627_v2020_s21_eStrong	Output	GO:0043565	sequence-specific DNA binding	9.00951454378428e-16	3.760231445652871e-18	7	24	0.004498714652956298	0.014652014652014652
196627_v2020_s21_eStrong	Output	GO:0001067	transcription regulatory region nucleic acid binding	2.370013588553275e-12	1.7804776541719097e-14	7	21	0.004498714652956298	0.01282051282051282
196627_v2020_s21_eStrong	Output	GO:1990837	sequence-specific double-stranded DNA binding	2.370013588553275e-12	1.7804776541719097e-14	7	21	0.004498714652956298	0.01282051282051282
196627_v2020_s21_eStrong	Output	GO:0000976	transcription cis-regulatory region binding	2.370013588553275e-12	1.7804776541719097e-14	7	21	0.004498714652956298	0.01282051282051282
196627_v2020_s21_eStrong	Output	GO:0003690	double-stranded DNA binding	5.6359169233467175e-12	4.704438166399597e-14	8	22	0.005141388174807198	0.013431013431013432
196627_v2020_s21_eStrong	Output	GO:0005488	binding	1.521324350027308e-08	1.3968754466027037e-10	636	699	0.4087403598971722	0.4267399267399267
196627_v2020_s21_eStrong	Output	GO:0003674	molecular_function	0.00016692415111126897	1.8113639102224513e-06	1068	1143	0.6863753213367609	0.6978021978021978
196627_v2020_s21_eStrong	Output	GO:0000156	phosphorelay response regulator activity	0.001685928339815574	2.8145715188907746e-05	1	5	0.0006426735218508997	0.0030525030525030525
196627_v2020_s21_eStrong	Output	GO:0060089	molecular transducer activity	0.001685928339815574	2.8145715188907746e-05	1	5	0.0006426735218508997	0.0030525030525030525
196627_v2020_s21_eStrong	Output	GO:0016987	sigma factor activity	0.004054048146759882	8.121632347432151e-05	2	6	0.0012853470437017994	0.003663003663003663
196627_v2020_s21_eStrong	Output	GO:0001216	DNA-binding transcription activator activity	0.005182529332091149	0.00012112756368827392	0	3	0.0	0.0018315018315018315
196627_v2020_s21_eStrong	Output	GO:0035731	dinitrosyl-iron complex binding	0.005182529332091149	0.00012112756368827392	0	3	0.0	0.0018315018315018315
196627_v2020_s21_eStrong	Output	GO:0015035	protein-disulfide reductase activity	0.03851269517770173	0.0011251622130380304	2	5	0.0012853470437017994	0.0030525030525030525
196627_v2020_s21_eStrong	Output	GO:0015036	disulfide oxidoreductase activity	0.03851269517770173	0.0011251622130380304	2	5	0.0012853470437017994	0.0030525030525030525
196627_v2020_s21_eStrong	Output	GO:0047134	protein-disulfide reductase [NAD(P)H] activity	0.03851269517770173	0.0011251622130380304	2	5	0.0012853470437017994	0.0030525030525030525
196627_v2020_s21_eStrong	Input	GO:0140110	transcription regulator activity	0.039836269184814685	6.650462301304622e-05	4	78	0.6666666666666666	0.047619047619047616
196627_v2020_s21_eStrong	Input	GO:0003700	DNA-binding transcription factor activity	0.039836269184814685	6.650462301304622e-05	4	78	0.6666666666666666	0.047619047619047616
208964_v2020_sRPA20_eStrong	Output	GO:0003824	catalytic activity	4.570650646742201e-10	7.44846772061692e-12	266	288	0.5720430107526882	0.5043782837127846
208964_v2020_sRPA20_eStrong	Output	GO:0016491	oxidoreductase activity	4.975588963030082e-08	9.582615780650529e-10	93	93	0.2	0.1628721541155867
208964_v2020_sRPA20_eStrong	Output	GO:0022857	transmembrane transporter activity	0.0002009868713747854	4.76413324740232e-06	80	82	0.17204301075268819	0.1436077057793345
208964_v2020_sRPA20_eStrong	Output	GO:0005215	transporter activity	0.0002009868713747854	4.76413324740232e-06	80	82	0.17204301075268819	0.1436077057793345
208964_v2020_sRPA20_eStrong	Output	GO:0043169	cation binding	0.002493429803848869	6.920301730138502e-05	105	112	0.22580645161290322	0.19614711033274956
208964_v2020_sRPA20_eStrong	Output	GO:0036094	small molecule binding	0.002493429803848869	7.018543151574594e-05	182	202	0.3913978494623656	0.35376532399299476
208964_v2020_sRPA20_eStrong	Output	GO:0046872	metal ion binding	0.005401831330500492	0.00016805697472668197	100	107	0.21505376344086022	0.18739054290718038
208964_v2020_sRPA20_eStrong	Output	GO:0022804	active transmembrane transporter activity	0.02617656383698794	0.0011039736618348732	35	35	0.07526881720430108	0.06129597197898424
208964_v2020_sRPA20_eStrong	Output	GO:0043167	ion binding	0.02617656383698794	0.0011730088638272703	164	184	0.35268817204301073	0.3222416812609457
208964_v2020_sRPA20_eStrong	Output	GO:0003677	DNA binding	1.8912196020770053e-43	2.8018068178918593e-46	20	92	0.043010752688172046	0.16112084063047286
208964_v2020_sRPA20_eStrong	Output	GO:0003676	nucleic acid binding	3.042600499471086e-41	9.01511259102544e-44	28	102	0.060215053763440864	0.1786339754816112
208964_v2020_sRPA20_eStrong	Output	GO:0140110	transcription regulator activity	2.5621736500676114e-38	1.138743844474494e-40	12	73	0.025806451612903226	0.12784588441331
208964_v2020_sRPA20_eStrong	Output	GO:0043565	sequence-specific DNA binding	4.850730027850154e-35	2.8745066831704617e-37	9	64	0.01935483870967742	0.11208406304728546
208964_v2020_sRPA20_eStrong	Output	GO:0003700	DNA-binding transcription factor activity	9.124652695041808e-35	6.759001996327266e-37	12	69	0.025806451612903226	0.12084063047285463
208964_v2020_sRPA20_eStrong	Output	GO:0003690	double-stranded DNA binding	3.389364144729869e-27	3.0127681286487723e-29	9	55	0.01935483870967742	0.09632224168126094
208964_v2020_sRPA20_eStrong	Output	GO:0001067	transcription regulatory region nucleic acid binding	1.603296426208864e-26	2.1377285682784855e-28	9	54	0.01935483870967742	0.09457092819614711
208964_v2020_sRPA20_eStrong	Output	GO:1990837	sequence-specific double-stranded DNA binding	1.603296426208864e-26	2.1377285682784855e-28	9	54	0.01935483870967742	0.09457092819614711
208964_v2020_sRPA20_eStrong	Output	GO:0000976	transcription cis-regulatory region binding	1.603296426208864e-26	2.1377285682784855e-28	9	54	0.01935483870967742	0.09457092819614711
208964_v2020_sRPA20_eStrong	Output	GO:0001216	DNA-binding transcription activator activity	3.4301422702429395e-11	5.081692252211762e-13	4	25	0.008602150537634409	0.043782837127845885
208964_v2020_sRPA20_eStrong	Output	GO:0005488	binding	1.0001773625789892e-08	1.778093089029314e-10	217	302	0.4666666666666667	0.5288966725043783
208964_v2020_sRPA20_eStrong	Output	GO:0001217	DNA-binding transcription repressor activity	0.00019446041743113388	4.033253102275369e-06	4	15	0.008602150537634409	0.02626970227670753
208964_v2020_sRPA20_eStrong	Output	GO:0000987	cis-regulatory region sequence-specific DNA binding	0.0014432549821045992	3.634864399374546e-05	2	10	0.004301075268817204	0.017513134851138354
208964_v2020_sRPA20_eStrong	Output	GO:0000156	phosphorelay response regulator activity	0.0038032257394486997	0.00011268817005773926	3	11	0.0064516129032258064	0.01926444833625219
208964_v2020_sRPA20_eStrong	Output	GO:0003714	transcription corepressor activity	0.02617656383698794	0.0011334285875842613	0	4	0.0	0.0070052539404553416
208964_v2020_sRPA20_eStrong	Output	GO:0060090	molecular adaptor activity	0.02617656383698794	0.0011334285875842613	0	4	0.0	0.0070052539404553416
208964_v2020_sRPA20_eStrong	Output	GO:0030674	protein-macromolecule adaptor activity	0.02617656383698794	0.0011334285875842613	0	4	0.0	0.0070052539404553416
208964_v2020_sRPA20_eStrong	Output	GO:0003712	transcription coregulator activity	0.02617656383698794	0.0011334285875842613	0	4	0.0	0.0070052539404553416
208964_v2020_sRPA20_eStrong	Output	GO:0016989	sigma factor antagonist activity	0.02617656383698794	0.0011334285875842613	0	4	0.0	0.0070052539404553416
208964_v2020_sRPA20_eStrong	Output	GO:0004673	protein histidine kinase activity	0.02617656383698794	0.0012409630263460949	6	14	0.012903225806451613	0.024518388791593695
208964_v2020_sRPA20_eStrong	Output	GO:0016775	phosphotransferase activity, nitrogenous group as acceptor	0.02617656383698794	0.0012409630263460949	6	14	0.012903225806451613	0.024518388791593695
208964_v2020_sRPA20_eStrong	Output	GO:0140299	molecular sensor activity	0.02617656383698794	0.0012409630263460949	6	14	0.012903225806451613	0.024518388791593695
208964_v2020_sRPA20_eStrong	Output	GO:0000155	phosphorelay sensor kinase activity	0.02617656383698794	0.0012409630263460949	6	14	0.012903225806451613	0.024518388791593695
208964_v2020_sRPA20_eStrong	Output	GO:0060089	molecular transducer activity	0.04294538840955074	0.002099552322244703	9	18	0.01935483870967742	0.03152364273204904
208964_v2020_sRPA20_eStrong	Output	GO:0004672	protein kinase activity	0.04467062148777138	0.0022500757490136695	7	15	0.015053763440860216	0.02626970227670753
208964_v2020_sRPA20_eStrong	Middle	GO:0140110	transcription regulator activity	5.658397116170208e-26	8.382810542474383e-29	43	73	0.6615384615384615	0.12784588441331
208964_v2020_sRPA20_eStrong	Middle	GO:0003677	DNA binding	6.731266904677627e-26	1.9944494532378152e-28	47	92	0.7230769230769231	0.16112084063047286
208964_v2020_sRPA20_eStrong	Middle	GO:0003676	nucleic acid binding	1.0180230061932405e-24	4.52454669419218e-27	48	102	0.7384615384615385	0.1786339754816112
208964_v2020_sRPA20_eStrong	Middle	GO:0003700	DNA-binding transcription factor activity	2.8324664169587195e-22	1.678498617457019e-24	39	69	0.6	0.12084063047285463
208964_v2020_sRPA20_eStrong	Middle	GO:0043565	sequence-specific DNA binding	5.293424621583219e-20	3.921055275246829e-22	36	64	0.5538461538461539	0.11208406304728546
208964_v2020_sRPA20_eStrong	Middle	GO:0001067	transcription regulatory region nucleic acid binding	1.0635912554241665e-19	1.2605525990212343e-21	33	54	0.5076923076923077	0.09457092819614711
208964_v2020_sRPA20_eStrong	Middle	GO:0000976	transcription cis-regulatory region binding	1.0635912554241665e-19	1.2605525990212343e-21	33	54	0.5076923076923077	0.09457092819614711
208964_v2020_sRPA20_eStrong	Middle	GO:1990837	sequence-specific double-stranded DNA binding	1.0635912554241665e-19	1.2605525990212343e-21	33	54	0.5076923076923077	0.09457092819614711
208964_v2020_sRPA20_eStrong	Middle	GO:0003690	double-stranded DNA binding	2.2218972001527677e-19	2.9625296002036904e-21	33	55	0.5076923076923077	0.09632224168126094
208964_v2020_sRPA20_eStrong	Middle	GO:0001216	DNA-binding transcription activator activity	1.8054914033856536e-11	2.6748020790898575e-13	18	25	0.27692307692307694	0.043782837127845885
208964_v2020_sRPA20_eStrong	Middle	GO:0001217	DNA-binding transcription repressor activity	9.91634230424655e-07	1.7629052985327198e-08	11	15	0.16923076923076924	0.02626970227670753
208964_v2020_sRPA20_eStrong	Middle	GO:0005488	binding	6.177272661058648e-06	1.1896969569446285e-07	54	302	0.8307692307692308	0.5288966725043783
208964_v2020_sRPA20_eStrong	Middle	GO:0030674	protein-macromolecule adaptor activity	0.004533461588639551	0.0001544735059832736	4	4	0.06153846153846154	0.0070052539404553416
208964_v2020_sRPA20_eStrong	Middle	GO:0003714	transcription corepressor activity	0.004533461588639551	0.0001544735059832736	4	4	0.06153846153846154	0.0070052539404553416
208964_v2020_sRPA20_eStrong	Middle	GO:0003712	transcription coregulator activity	0.004533461588639551	0.0001544735059832736	4	4	0.06153846153846154	0.0070052539404553416
208964_v2020_sRPA20_eStrong	Middle	GO:0060090	molecular adaptor activity	0.004533461588639551	0.0001544735059832736	4	4	0.06153846153846154	0.0070052539404553416
208964_v2020_sRPA20_eStrong	Middle	GO:0016989	sigma factor antagonist activity	0.004533461588639551	0.0001544735059832736	4	4	0.06153846153846154	0.0070052539404553416
208964_v2020_sRPA20_eStrong	Middle	GO:0000987	cis-regulatory region sequence-specific DNA binding	0.007153131708581329	0.0002543335718606695	6	10	0.09230769230769231	0.017513134851138354
208964_v2020_sRPA20_eStrong	Middle	GO:0003824	catalytic activity	6.085411373196504e-09	9.916966682246154e-11	9	288	0.13846153846153847	0.5043782837127846
208964_v2020_sRPA20_eStrong	Middle	GO:0016491	oxidoreductase activity	0.0003691933372766051	7.65734329166292e-06	0	93	0.0	0.1628721541155867
208964_v2020_sRPA20_eStrong	Middle	GO:0022857	transmembrane transporter activity	0.0016463159088252184	3.902378450548666e-05	0	82	0.0	0.1436077057793345
208964_v2020_sRPA20_eStrong	Middle	GO:0005215	transporter activity	0.0016463159088252184	3.902378450548666e-05	0	82	0.0	0.1436077057793345
208964_v2020_sRPA20_eStrong	Middle	GO:0043169	cation binding	0.0035298383236784976	8.88996318556066e-05	2	112	0.03076923076923077	0.19614711033274956
208964_v2020_sRPA20_eStrong	Middle	GO:0046872	metal ion binding	0.004533461588639551	0.00014745172547273033	2	107	0.03076923076923077	0.18739054290718038
208964_v2020_sRPA20_eStrong	Middle	GO:0036094	small molecule binding	0.0075485428586529405	0.0002795756614315904	10	202	0.15384615384615385	0.35376532399299476
208964_v2020_sRPA20_eStrong	Middle	GO:0043167	ion binding	0.0454590945304517	0.001751016974506288	10	184	0.15384615384615385	0.3222416812609457
208964_v2020_sRPA20_eStrong	Input	GO:0003677	DNA binding	4.635696597171742e-09	9.510646760642703e-12	25	92	0.6097560975609756	0.16112084063047286
208964_v2020_sRPA20_eStrong	Input	GO:0003676	nucleic acid binding	4.635696597171742e-09	1.3735397324953309e-11	26	102	0.6341463414634146	0.1786339754816112
208964_v2020_sRPA20_eStrong	Input	GO:0043565	sequence-specific DNA binding	5.479429463091903e-07	2.4353019835964016e-09	19	64	0.4634146341463415	0.11208406304728546
208964_v2020_sRPA20_eStrong	Input	GO:0003700	DNA-binding transcription factor activity	1.3968394330807117e-05	8.277567010848661e-08	18	69	0.43902439024390244	0.12084063047285463
208964_v2020_sRPA20_eStrong	Input	GO:0140110	transcription regulator activity	2.991856221593215e-05	2.216189793772752e-07	18	73	0.43902439024390244	0.12784588441331
208964_v2020_sRPA20_eStrong	Input	GO:0003690	double-stranded DNA binding	0.0038021036012799323	3.379647645582162e-05	13	55	0.3170731707317073	0.09632224168126094
208964_v2020_sRPA20_eStrong	Input	GO:0001067	transcription regulatory region nucleic acid binding	0.010925547504829347	0.00014567396673105797	12	54	0.2926829268292683	0.09457092819614711
208964_v2020_sRPA20_eStrong	Input	GO:0000976	transcription cis-regulatory region binding	0.010925547504829347	0.00014567396673105797	12	54	0.2926829268292683	0.09457092819614711
208964_v2020_sRPA20_eStrong	Input	GO:1990837	sequence-specific double-stranded DNA binding	0.010925547504829347	0.00014567396673105797	12	54	0.2926829268292683	0.09457092819614711
208964_v2020_sRPA20_eStrong	Input	GO:0016491	oxidoreductase activity	0.04978991262122055	0.0007376283351291934	0	93	0.0	0.1628721541155867
224308_v2022_sSW22	Middle	GO:0003676	nucleic acid binding	2.4969327882066524e-100	1.7963545238896782e-103	131	341	0.8851351351351351	0.13738920225624496
224308_v2022_sSW22	Middle	GO:0003677	DNA binding	1.2744551988381934e-95	1.833748487536969e-98	117	253	0.7905405405405406	0.10193392425463337
224308_v2022_sSW22	Middle	GO:0003700	DNA-binding transcription factor activity	2.559716898964105e-84	5.5245688466851185e-87	86	125	0.581081081081081	0.050362610797743755
224308_v2022_sSW22	Middle	GO:0140110	transcription regulator activity	1.759783261381283e-83	5.064124493183548e-86	87	131	0.5878378378378378	0.05278001611603546
224308_v2022_sSW22	Middle	GO:0043565	sequence-specific DNA binding	1.960489885754663e-39	7.052121891203825e-42	45	67	0.30405405405405406	0.026994359387590653
224308_v2022_sSW22	Middle	GO:0005488	binding	3.149347054575353e-38	1.3594303832699366e-40	134	985	0.9054054054054054	0.39685737308622077
224308_v2022_sSW22	Middle	GO:1990837	sequence-specific double-stranded DNA binding	1.013677877568167e-31	5.1048526208468835e-34	36	52	0.24324324324324326	0.020950846091861403
224308_v2022_sSW22	Middle	GO:0001067	transcription regulatory region nucleic acid binding	1.175173730524432e-30	7.609038542963948e-33	35	51	0.23648648648648649	0.02054794520547945
224308_v2022_sSW22	Middle	GO:0000976	transcription cis-regulatory region binding	1.175173730524432e-30	7.609038542963948e-33	35	51	0.23648648648648649	0.02054794520547945
224308_v2022_sSW22	Middle	GO:0003690	double-stranded DNA binding	2.022063554484569e-27	1.454721981643575e-29	36	63	0.24324324324324326	0.025382755842062853
224308_v2022_sSW22	Middle	GO:0016987	sigma factor activity	2.3599969846749893e-17	1.8676235130521498e-19	16	17	0.10810810810810811	0.00684931506849315
224308_v2022_sSW22	Middle	GO:0003674	molecular_function	2.3611479343466542e-11	2.2082678522666548e-13	136	1659	0.918918918918919	0.6684125705076551
224308_v2022_sSW22	Middle	GO:0000987	cis-regulatory region sequence-specific DNA binding	1.8713096772341784e-06	1.8847723367826256e-08	8	11	0.05405405405405406	0.004431909750201451
224308_v2022_sSW22	Middle	GO:0001217	DNA-binding transcription repressor activity	2.2328945559489072e-05	2.4095984416714827e-07	7	10	0.0472972972972973	0.0040290088638195
224308_v2022_sSW22	Middle	GO:0001216	DNA-binding transcription activator activity	2.360020441595019e-05	2.7165702924834753e-07	6	7	0.04054054054054054	0.0028203062046736503
224308_v2022_sSW22	Middle	GO:0098531	ligand-modulated transcription factor activity	0.0008900294116196112	1.2165869655232094e-05	4	4	0.02702702702702703	0.0016116035455278
224308_v2022_sSW22	Middle	GO:0003723	RNA binding	0.02152148962363478	0.00032514480726354705	14	84	0.0945945945945946	0.03384367445608381
224308_v2022_sSW22	Middle	GO:0003824	catalytic activity	4.9751101580009585e-16	4.295059129209461e-18	20	1148	0.13513513513513514	0.46253021756647866
224308_v2022_sSW22	Middle	GO:0016491	oxidoreductase activity	4.5779216561393435e-05	5.598896989522938e-07	0	232	0.0	0.09347300564061241
224308_v2022_sSW22	Middle	GO:0016787	hydrolase activity	0.0005438237899921016	7.042322460329373e-06	6	391	0.04054054054054054	0.15753424657534246
224308_v2022_sSW22	Middle	GO:0036094	small molecule binding	0.008746875901112547	0.00012585432951241074	21	680	0.14189189189189189	0.273972602739726
224308_v2022_sSW22	Middle	GO:0022857	transmembrane transporter activity	0.024155152875546825	0.00040992023260810143	3	235	0.02027027027027027	0.09468170829975826
224308_v2022_sSW22	Middle	GO:0005215	transporter activity	0.024155152875546825	0.00040992023260810143	3	235	0.02027027027027027	0.09468170829975826
224308_v2022_sSW22	Middle	GO:0043167	ion binding	0.024155152875546825	0.00041706738777922575	20	633	0.13513513513513514	0.2550362610797744
224308_v2022_sSW22	Output	GO:0003824	catalytic activity	1.0254049199181055e-25	8.114715193596518e-28	1126	1148	0.4925634295713036	0.46253021756647866
224308_v2022_sSW22	Output	GO:0016491	oxidoreductase activity	3.0161680895798864e-07	3.905829180750932e-09	232	232	0.10148731408573929	0.09347300564061241
224308_v2022_sSW22	Output	GO:0016787	hydrolase activity	1.3305035763963187e-05	1.914393635102617e-07	383	391	0.16754155730533685	0.15753424657534246
224308_v2022_sSW22	Output	GO:0022857	transmembrane transporter activity	0.0003427247359524504	5.424420281261805e-06	232	235	0.10148731408573929	0.09468170829975826
224308_v2022_sSW22	Output	GO:0005215	transporter activity	0.0003427247359524504	5.424420281261805e-06	232	235	0.10148731408573929	0.09468170829975826
224308_v2022_sSW22	Output	GO:0016740	transferase activity	0.0022385182626048048	3.86506750377808e-05	358	369	0.15660542432195976	0.14867042707493958
224308_v2022_sSW22	Output	GO:0036094	small molecule binding	0.004608785319455835	8.289182229237113e-05	649	680	0.28390201224846895	0.273972602739726
224308_v2022_sSW22	Output	GO:0043167	ion binding	0.02355441605927191	0.00044058619966983424	603	633	0.2637795275590551	0.2550362610797744
224308_v2022_sSW22	Output	GO:1901363	heterocyclic compound binding	0.03430331375748313	0.0006910020037478614	374	389	0.16360454943132108	0.15672844480257855
224308_v2022_sSW22	Output	GO:0003677	DNA binding	3.2204891652150944e-152	2.3168986800108593e-155	89	253	0.0389326334208224	0.10193392425463337
224308_v2022_sSW22	Output	GO:0003676	nucleic acid binding	5.620216344077818e-151	8.086642221694702e-154	162	341	0.07086614173228346	0.13738920225624496
224308_v2022_sSW22	Output	GO:0003700	DNA-binding transcription factor activity	5.254480781880839e-121	1.1340606004059364e-123	13	125	0.005686789151356081	0.050362610797743755
224308_v2022_sSW22	Output	GO:0140110	transcription regulator activity	4.552808227613782e-118	1.3101606410399374e-120	18	131	0.007874015748031496	0.05278001611603546
224308_v2022_sSW22	Output	GO:0005488	binding	8.683040975763518e-58	3.123396034447309e-60	803	985	0.35126859142607175	0.39685737308622077
224308_v2022_sSW22	Output	GO:0043565	sequence-specific DNA binding	9.873896994821187e-58	4.2621138107141813e-60	8	67	0.003499562554680665	0.026994359387590653
224308_v2022_sSW22	Output	GO:1990837	sequence-specific double-stranded DNA binding	7.818350671961273e-51	3.937298899548842e-53	3	52	0.0013123359580052493	0.020950846091861403
224308_v2022_sSW22	Output	GO:0001067	transcription regulatory region nucleic acid binding	9.413097904224516e-50	6.094811592663355e-52	3	51	0.0013123359580052493	0.02054794520547945
224308_v2022_sSW22	Output	GO:0000976	transcription cis-regulatory region binding	9.413097904224516e-50	6.094811592663355e-52	3	51	0.0013123359580052493	0.02054794520547945
224308_v2022_sSW22	Output	GO:0003690	double-stranded DNA binding	8.534103851088833e-44	6.1396430583372904e-46	13	63	0.005686789151356081	0.025382755842062853
224308_v2022_sSW22	Output	GO:0003674	molecular_function	8.432959160420892e-19	7.280252512593575e-21	1475	1659	0.6452318460192475	0.6684125705076551
224308_v2022_sSW22	Output	GO:0016987	sigma factor activity	9.987719450332512e-18	9.341032579447672e-20	0	17	0.0	0.00684931506849315
224308_v2022_sSW22	Output	GO:0000987	cis-regulatory region sequence-specific DNA binding	5.6808942897082465e-11	5.721764032799673e-13	0	11	0.0	0.004431909750201451
224308_v2022_sSW22	Output	GO:0001217	DNA-binding transcription repressor activity	7.046752314631649e-10	7.604408972624082e-12	0	10	0.0	0.0040290088638195
224308_v2022_sSW22	Output	GO:0000156	phosphorelay response regulator activity	1.3674813425581744e-09	1.574079243232431e-11	3	15	0.0013123359580052493	0.0060435132957292505
224308_v2022_sSW22	Output	GO:0060089	molecular transducer activity	2.4957948204265734e-07	3.05241093145696e-09	8	20	0.003499562554680665	0.008058017727639
224308_v2022_sSW22	Output	GO:0001216	DNA-binding transcription activator activity	1.267839913404561e-06	1.7330185866681048e-08	0	7	0.0	0.0028203062046736503
224308_v2022_sSW22	Output	GO:0098531	ligand-modulated transcription factor activity	0.0022385182626048048	3.780010207717194e-05	0	4	0.0	0.0016116035455278
224308_v2022_sSW22	Output	GO:0003723	RNA binding	0.03291015477331037	0.0006392619991937986	68	84	0.02974628171478565	0.03384367445608381
224308_v2022_sSW22	Input	GO:0003677	DNA binding	2.437586667308426e-44	1.7536594728837596e-47	47	253	0.9791666666666666	0.10193392425463337
224308_v2022_sSW22	Input	GO:0003676	nucleic acid binding	1.4254989307604719e-40	2.0510775982165064e-43	48	341	1.0	0.13738920225624496
224308_v2022_sSW22	Input	GO:0003700	DNA-binding transcription factor activity	6.61881153112817e-20	1.4285204743442093e-22	26	125	0.5416666666666666	0.050362610797743755
224308_v2022_sSW22	Input	GO:0140110	transcription regulator activity	1.82626942169022e-19	5.255451573209266e-22	26	131	0.5416666666666666	0.05278001611603546
224308_v2022_sSW22	Input	GO:0005488	binding	7.440587666403889e-18	2.676470383598521e-20	48	985	1.0	0.39685737308622077
224308_v2022_sSW22	Input	GO:0003690	double-stranded DNA binding	4.5577897819141463e-10	2.5565351328255813e-12	14	63	0.2916666666666667	0.025382755842062853
224308_v2022_sSW22	Input	GO:0001067	transcription regulatory region nucleic acid binding	4.5577897819141463e-10	2.623188363691595e-12	13	51	0.2708333333333333	0.02054794520547945
224308_v2022_sSW22	Input	GO:0000976	transcription cis-regulatory region binding	4.5577897819141463e-10	2.623188363691595e-12	13	51	0.2708333333333333	0.02054794520547945
224308_v2022_sSW22	Input	GO:1990837	sequence-specific double-stranded DNA binding	5.329882202456572e-10	3.4510028648999383e-12	13	52	0.2708333333333333	0.020950846091861403
224308_v2022_sSW22	Input	GO:0043565	sequence-specific DNA binding	8.824871905787129e-10	6.348828709199374e-12	14	67	0.2916666666666667	0.026994359387590653
224308_v2022_sSW22	Input	GO:0000156	phosphorelay response regulator activity	4.2773621010335216e-07	3.69268670592822e-09	7	15	0.14583333333333334	0.0060435132957292505
224308_v2022_sSW22	Input	GO:0003674	molecular_function	6.091747222566188e-07	5.697317546284924e-09	48	1659	1.0	0.6684125705076551
224308_v2022_sSW22	Input	GO:0060089	molecular transducer activity	4.105347595807449e-06	4.13488247059743e-08	7	20	0.14583333333333334	0.008058017727639
224308_v2022_sSW22	Input	GO:0003824	catalytic activity	1.1878343733603557e-08	9.400128134506411e-11	2	1148	0.041666666666666664	0.46253021756647866
511145_v2022_sRDB22_eStrong	Middle	GO:0003677	DNA binding	5.460389026627968e-140	2.964380579059701e-143	162	309	0.9642857142857143	0.15132223310479923
511145_v2022_sRDB22_eStrong	Middle	GO:0003676	nucleic acid binding	9.804452050551792e-124	1.0645441965854281e-126	164	387	0.9761904761904762	0.18952007835455437
511145_v2022_sRDB22_eStrong	Middle	GO:0003700	DNA-binding transcription factor activity	2.137060764335217e-118	3.4805549907739693e-121	124	168	0.7380952380952381	0.08227228207639568
511145_v2022_sRDB22_eStrong	Middle	GO:0140110	transcription regulator activity	1.3124255950364417e-115	2.8500012921529683e-118	127	185	0.7559523809523809	0.09059745347698335
511145_v2022_sRDB22_eStrong	Middle	GO:0043565	sequence-specific DNA binding	2.4708992136185393e-90	6.707109700376056e-93	103	145	0.6130952380952381	0.07100881488736532
511145_v2022_sRDB22_eStrong	Middle	GO:0003690	double-stranded DNA binding	1.9656284714941194e-73	6.402698604215372e-76	85	116	0.5059523809523809	0.05680705190989226
511145_v2022_sRDB22_eStrong	Middle	GO:1990837	sequence-specific double-stranded DNA binding	1.1628042605899236e-72	4.418908699310242e-75	82	108	0.4880952380952381	0.05288932419196866
511145_v2022_sRDB22_eStrong	Middle	GO:0001067	transcription regulatory region nucleic acid binding	3.8848084454696445e-72	1.898114875636634e-74	81	106	0.48214285714285715	0.05190989226248776
511145_v2022_sRDB22_eStrong	Middle	GO:0000976	transcription cis-regulatory region binding	3.8848084454696445e-72	1.898114875636634e-74	81	106	0.48214285714285715	0.05190989226248776
511145_v2022_sRDB22_eStrong	Middle	GO:0005488	binding	2.956955810160696e-26	1.6052963138765993e-28	164	1300	0.9761904761904762	0.6366307541625857
511145_v2022_sRDB22_eStrong	Middle	GO:0000987	cis-regulatory region sequence-specific DNA binding	5.1801776228594705e-22	3.374708549094118e-24	30	43	0.17857142857142858	0.021057786483839373
511145_v2022_sRDB22_eStrong	Middle	GO:0001217	DNA-binding transcription repressor activity	4.910988877954641e-20	3.4659530626172814e-22	23	27	0.13690476190476192	0.013222331047992164
511145_v2022_sRDB22_eStrong	Middle	GO:0001216	DNA-binding transcription activator activity	1.599106133107884e-17	1.2153901120255362e-19	24	34	0.14285714285714285	0.01665034280117532
511145_v2022_sRDB22_eStrong	Middle	GO:0000156	phosphorelay response regulator activity	4.4337752263661166e-13	3.6105661452492806e-15	18	25	0.10714285714285714	0.012242899118511263
511145_v2022_sRDB22_eStrong	Middle	GO:0003674	molecular_function	5.879713028556855e-09	5.745647910641877e-11	167	1745	0.9940476190476191	0.8545543584720862
511145_v2022_sRDB22_eStrong	Middle	GO:0060089	molecular transducer activity	7.436425286504061e-08	7.670579828641539e-10	18	42	0.10714285714285714	0.02056807051909892
511145_v2022_sRDB22_eStrong	Middle	GO:0030527	structural constituent of chromatin	2.1907169949243045e-05	2.854354390780853e-07	6	6	0.03571428571428571	0.002938295788442703
511145_v2022_sRDB22_eStrong	Middle	GO:0016987	sigma factor activity	0.00013189990188572506	1.8617792882892786e-06	6	7	0.03571428571428571	0.0034280117531831538
511145_v2022_sRDB22_eStrong	Middle	GO:0001046	core promoter sequence-specific DNA binding	0.0013236875299238381	1.9402585943509026e-05	6	9	0.03571428571428571	0.004407443682664055
511145_v2022_sRDB22_eStrong	Middle	GO:0098531	ligand-modulated transcription factor activity	0.00935144837391971	0.00016245730074127617	5	8	0.02976190476190476	0.0039177277179236044
511145_v2022_sRDB22_eStrong	Middle	GO:0001108	bacterial-type RNA polymerase holo enzyme binding	0.011193550494823729	0.0002073684193834819	4	5	0.023809523809523808	0.002448579823702253
511145_v2022_sRDB22_eStrong	Middle	GO:0001098	basal transcription machinery binding	0.011193550494823729	0.0002073684193834819	4	5	0.023809523809523808	0.002448579823702253
511145_v2022_sRDB22_eStrong	Middle	GO:0003680	minor groove of adenine-thymine-rich DNA binding	0.026552838882726304	0.0005477784351485339	3	3	0.017857142857142856	0.0014691478942213516
511145_v2022_sRDB22_eStrong	Middle	GO:0003824	catalytic activity	1.5795616799935536e-24	9.432778762176487e-27	24	1070	0.14285714285714285	0.5239960822722821
511145_v2022_sRDB22_eStrong	Middle	GO:0005215	transporter activity	3.1065240152764413e-10	2.698392195679862e-12	1	327	0.005952380952380952	0.16013712047012732
511145_v2022_sRDB22_eStrong	Middle	GO:0022857	transmembrane transporter activity	4.897221237933621e-10	4.519693867799759e-12	1	322	0.005952380952380952	0.15768854064642507
511145_v2022_sRDB22_eStrong	Middle	GO:0016740	transferase activity	1.7395606026286686e-07	1.8887737270669583e-09	4	337	0.023809523809523808	0.16503428011753182
511145_v2022_sRDB22_eStrong	Middle	GO:0036094	small molecule binding	9.007957754803433e-07	1.0269658678114663e-08	35	841	0.20833333333333334	0.4118511263467189
511145_v2022_sRDB22_eStrong	Middle	GO:0043167	ion binding	2.827354166735377e-06	3.3768616540813404e-08	33	795	0.19642857142857142	0.3893241919686582
511145_v2022_sRDB22_eStrong	Middle	GO:0016491	oxidoreductase activity	1.843560558556802e-05	2.301948580174074e-07	2	239	0.011904761904761904	0.11704211557296768
511145_v2022_sRDB22_eStrong	Middle	GO:0022804	active transmembrane transporter activity	3.5525179053149866e-05	4.821549817202751e-07	0	168	0.0	0.08227228207639568
511145_v2022_sRDB22_eStrong	Middle	GO:0016829	lyase activity	0.0019295152553875138	2.9330307899484465e-05	0	126	0.0	0.061704211557296766
511145_v2022_sRDB22_eStrong	Middle	GO:0046872	metal ion binding	0.0021053273639918386	3.314576197381288e-05	18	472	0.10714285714285714	0.23114593535749264
511145_v2022_sRDB22_eStrong	Middle	GO:0043169	cation binding	0.0024382667759834226	3.971118527660297e-05	19	480	0.1130952380952381	0.23506366307541626
511145_v2022_sRDB22_eStrong	Middle	GO:1901363	heterocyclic compound binding	0.004645766687438724	7.818608431628689e-05	19	473	0.1130952380952381	0.2316356513222331
511145_v2022_sRDB22_eStrong	Middle	GO:0000166	nucleotide binding	0.011193550494823729	0.00021268961309382767	17	424	0.10119047619047619	0.20763956904995104
511145_v2022_sRDB22_eStrong	Middle	GO:0043168	anion binding	0.014921546532881717	0.00029162631660355144	19	450	0.1130952380952381	0.22037218413320275
511145_v2022_sRDB22_eStrong	Middle	GO:1901265	nucleoside phosphate binding	0.023595861568265628	0.00047396681760359836	18	425	0.10714285714285714	0.20812928501469147
511145_v2022_sRDB22_eStrong	Middle	GO:0015075	monoatomic ion transmembrane transporter activity	0.028319111946101743	0.0006085677927958654	0	90	0.0	0.04407443682664055
511145_v2022_sRDB22_eStrong	Middle	GO:0140657	ATP-dependent activity	0.028319111946101743	0.0006149644287969977	0	91	0.0	0.044564152791381
511145_v2022_sRDB22_eStrong	Middle	GO:0016853	isomerase activity	0.044806265502887764	0.0009973164417037992	0	88	0.0	0.043095004897159644
511145_v2022_sRDB22_eStrong	Output	GO:0003824	catalytic activity	2.740282850231157e-30	1.7852005538965192e-32	1041	1070	0.566068515497553	0.5239960822722821
511145_v2022_sRDB22_eStrong	Output	GO:0005215	transporter activity	5.743840333684429e-13	4.9892207024403295e-15	326	327	0.17727025557368134	0.16013712047012732
511145_v2022_sRDB22_eStrong	Output	GO:0022857	transmembrane transporter activity	8.931856905637391e-13	8.243298990001936e-15	321	322	0.17455138662316477	0.15768854064642507
511145_v2022_sRDB22_eStrong	Output	GO:0016740	transferase activity	4.6100942763321416e-09	5.0055312446603053e-11	332	337	0.18053289831430125	0.16503428011753182
511145_v2022_sRDB22_eStrong	Output	GO:0016491	oxidoreductase activity	2.2644954506486728e-07	2.5816723378730795e-09	237	239	0.12887438825448613	0.11704211557296768
511145_v2022_sRDB22_eStrong	Output	GO:0036094	small molecule binding	6.452381213699481e-07	7.706427073908174e-09	795	841	0.43230016313213704	0.4118511263467189
511145_v2022_sRDB22_eStrong	Output	GO:0022804	active transmembrane transporter activity	1.4759402236732788e-06	1.842922103392259e-08	168	168	0.09135399673735727	0.08227228207639568
511145_v2022_sRDB22_eStrong	Output	GO:0043167	ion binding	4.107055124985429e-06	5.3512118892318294e-08	751	795	0.4083741163675911	0.3893241919686582
511145_v2022_sRDB22_eStrong	Output	GO:0016829	lyase activity	0.00012278174713817238	1.799732449908064e-06	126	126	0.06851549755301795	0.061704211557296766
511145_v2022_sRDB22_eStrong	Output	GO:0046872	metal ion binding	0.0014183083067129388	2.3099483822686298e-05	448	472	0.24361065796628603	0.23114593535749264
511145_v2022_sRDB22_eStrong	Output	GO:0043169	cation binding	0.0021707068334849444	3.6531982539648905e-05	455	480	0.24741707449700925	0.23506366307541626
511145_v2022_sRDB22_eStrong	Output	GO:1901363	heterocyclic compound binding	0.002958156801479459	5.1390346171195815e-05	448	473	0.24361065796628603	0.2316356513222331
511145_v2022_sRDB22_eStrong	Output	GO:0015075	monoatomic ion transmembrane transporter activity	0.00538257174458426	9.904627902950935e-05	90	90	0.048939641109298535	0.04407443682664055
511145_v2022_sRDB22_eStrong	Output	GO:0140657	ATP-dependent activity	0.00538257174458426	9.93525729184934e-05	91	91	0.04948341489940185	0.044564152791381
511145_v2022_sRDB22_eStrong	Output	GO:0000166	nucleotide binding	0.006236444103854733	0.00011849920935663174	402	424	0.21859706362153344	0.20763956904995104
511145_v2022_sRDB22_eStrong	Output	GO:0016853	isomerase activity	0.008065844228069241	0.00015763864940851935	88	88	0.0478520935290919	0.043095004897159644
511145_v2022_sRDB22_eStrong	Output	GO:0008324	monoatomic cation transmembrane transporter activity	0.011743576857782772	0.0002381716458174004	82	82	0.044589450788472	0.040156709108716944
511145_v2022_sRDB22_eStrong	Output	GO:0043168	anion binding	0.011743576857782772	0.00024226705786956857	425	450	0.23110386079390974	0.22037218413320275
511145_v2022_sRDB22_eStrong	Output	GO:1901265	nucleoside phosphate binding	0.011958656950190716	0.0002531963197923116	402	425	0.21859706362153344	0.20812928501469147
511145_v2022_sRDB22_eStrong	Output	GO:0015399	primary active transmembrane transporter activity	0.016980494872429863	0.0003687403881092261	78	78	0.04241435562805873	0.03819784524975514
511145_v2022_sRDB22_eStrong	Output	GO:0016772	transferase activity, transferring phosphorus-containing groups	0.01877564525828744	0.00042485220480493384	151	155	0.08210984230560087	0.07590597453476983
511145_v2022_sRDB22_eStrong	Output	GO:0003677	DNA binding	5.893346612234226e-180	3.1994281282487657e-183	112	309	0.06090266449157151	0.15132223310479923
511145_v2022_sRDB22_eStrong	Output	GO:0003700	DNA-binding transcription factor activity	1.7073941598768897e-158	1.853848164904332e-161	17	168	0.009244154431756389	0.08227228207639568
511145_v2022_sRDB22_eStrong	Output	GO:0003676	nucleic acid binding	5.0723338655721036e-157	8.261130074221667e-160	188	387	0.1022294725394236	0.18952007835455437
511145_v2022_sRDB22_eStrong	Output	GO:0140110	transcription regulator activity	2.34414863573841e-151	5.0904422057294465e-154	31	185	0.016856987493202826	0.09059745347698335
511145_v2022_sRDB22_eStrong	Output	GO:0043565	sequence-specific DNA binding	1.368390361905577e-119	3.714414663153032e-122	20	145	0.010875475802066341	0.07100881488736532
511145_v2022_sRDB22_eStrong	Output	GO:0003690	double-stranded DNA binding	6.44515976482129e-100	2.099400574860355e-102	12	116	0.0065252854812398045	0.05680705190989226
511145_v2022_sRDB22_eStrong	Output	GO:1990837	sequence-specific double-stranded DNA binding	4.5804323913617015e-99	1.7406637752188875e-101	8	108	0.004350190320826536	0.05288932419196866
511145_v2022_sRDB22_eStrong	Output	GO:0001067	transcription regulatory region nucleic acid binding	4.846877511611568e-99	2.368181194598486e-101	7	106	0.0038064165307232192	0.05190989226248776
511145_v2022_sRDB22_eStrong	Output	GO:0000976	transcription cis-regulatory region binding	4.846877511611568e-99	2.368181194598486e-101	7	106	0.0038064165307232192	0.05190989226248776
511145_v2022_sRDB22_eStrong	Output	GO:0000987	cis-regulatory region sequence-specific DNA binding	3.3453893966720266e-36	1.8161723108968655e-38	3	43	0.0016313213703099511	0.021057786483839373
511145_v2022_sRDB22_eStrong	Output	GO:0005488	binding	1.1841644356219804e-33	7.071557433138863e-36	1101	1300	0.598694942903752	0.6366307541625857
511145_v2022_sRDB22_eStrong	Output	GO:0001216	DNA-binding transcription activator activity	5.35692661117968e-29	3.7806756756425536e-31	2	34	0.001087547580206634	0.01665034280117532
511145_v2022_sRDB22_eStrong	Output	GO:0001217	DNA-binding transcription repressor activity	8.283007437917362e-22	6.295445392553913e-24	2	27	0.001087547580206634	0.013222331047992164
511145_v2022_sRDB22_eStrong	Output	GO:0000156	phosphorelay response regulator activity	3.6385939770702705e-16	2.9630244112950086e-18	4	25	0.002175095160413268	0.012242899118511263
511145_v2022_sRDB22_eStrong	Output	GO:0003674	molecular_function	1.9299476690094692e-11	1.8859423475662564e-13	1543	1745	0.8390429581294182	0.8545543584720862
511145_v2022_sRDB22_eStrong	Output	GO:0060089	molecular transducer activity	2.638494077342524e-09	2.7215736954130265e-11	21	42	0.011419249592169658	0.02056807051909892
511145_v2022_sRDB22_eStrong	Output	GO:0098531	ligand-modulated transcription factor activity	4.713499040169937e-05	6.397257112065605e-07	1	8	0.000543773790103317	0.0039177277179236044
511145_v2022_sRDB22_eStrong	Output	GO:0030527	structural constituent of chromatin	6.393912087189069e-05	9.025065921113777e-07	0	6	0.0	0.002938295788442703
511145_v2022_sRDB22_eStrong	Output	GO:0001046	core promoter sequence-specific DNA binding	0.0001734379154168189	2.636406966162285e-06	2	9	0.001087547580206634	0.004407443682664055
511145_v2022_sRDB22_eStrong	Output	GO:0016987	sigma factor activity	0.0003679932263174224	5.79359585407451e-06	1	7	0.000543773790103317	0.0034280117531831538
511145_v2022_sRDB22_eStrong	Output	GO:0001098	basal transcription machinery binding	0.01877564525828744	0.00043830225087207377	1	5	0.000543773790103317	0.002448579823702253
511145_v2022_sRDB22_eStrong	Output	GO:0001108	bacterial-type RNA polymerase holo enzyme binding	0.01877564525828744	0.00043830225087207377	1	5	0.000543773790103317	0.002448579823702253
511145_v2022_sRDB22_eStrong	Output	GO:0003680	minor groove of adenine-thymine-rich DNA binding	0.04058368741284994	0.0009694257579616707	0	3	0.0	0.0014691478942213516
511145_v2022_sRDB22_eStrong	Input	GO:0003677	DNA binding	6.605425126455926e-27	3.5860071261975716e-30	35	309	1.0	0.15132223310479923
511145_v2022_sRDB22_eStrong	Input	GO:0003676	nucleic acid binding	1.3211940887089541e-23	1.4345212689565193e-26	35	387	1.0	0.18952007835455437
511145_v2022_sRDB22_eStrong	Input	GO:0003700	DNA-binding transcription factor activity	5.551712977802833e-21	9.041877814011129e-24	27	168	0.7714285714285715	0.08227228207639568
511145_v2022_sRDB22_eStrong	Input	GO:0140110	transcription regulator activity	6.48811601799544e-20	1.4089285598252857e-22	27	185	0.7714285714285715	0.09059745347698335
511145_v2022_sRDB22_eStrong	Input	GO:0043565	sequence-specific DNA binding	2.787918155012302e-15	7.567638857253805e-18	22	145	0.6285714285714286	0.07100881488736532
511145_v2022_sRDB22_eStrong	Input	GO:0003690	double-stranded DNA binding	2.9087602054181163e-13	9.474788942730021e-16	19	116	0.5428571428571428	0.05680705190989226
511145_v2022_sRDB22_eStrong	Input	GO:0001067	transcription regulatory region nucleic acid binding	8.91688807831393e-13	3.872698405348069e-15	18	106	0.5142857142857142	0.05190989226248776
511145_v2022_sRDB22_eStrong	Input	GO:0000976	transcription cis-regulatory region binding	8.91688807831393e-13	3.872698405348069e-15	18	106	0.5142857142857142	0.05190989226248776
511145_v2022_sRDB22_eStrong	Input	GO:1990837	sequence-specific double-stranded DNA binding	1.124632953907129e-12	5.494949286191183e-15	18	108	0.5142857142857142	0.05288932419196866
511145_v2022_sRDB22_eStrong	Input	GO:0000987	cis-regulatory region sequence-specific DNA binding	1.313646438316607e-07	7.131631044064098e-10	10	43	0.2857142857142857	0.021057786483839373
511145_v2022_sRDB22_eStrong	Input	GO:0001216	DNA-binding transcription activator activity	7.098576619676782e-06	4.2391065589817916e-08	8	34	0.22857142857142856	0.01665034280117532
511145_v2022_sRDB22_eStrong	Input	GO:0005488	binding	3.711706793783815e-05	2.418050028523658e-07	35	1300	1.0	0.6366307541625857
511145_v2022_sRDB22_eStrong	Input	GO:0003824	catalytic activity	0.0004755477067361855	3.3561998846744904e-06	5	1070	0.14285714285714285	0.5239960822722821
83332_v2018_s15-16	Input	GO:0003677	DNA binding	2.8846887183934096e-22	4.156611986157651e-25	35	151	0.9459459459459459	0.18641975308641975
83332_v2018_s15-16	Input	GO:0003676	nucleic acid binding	1.76229369742453e-21	5.078656188543314e-24	35	161	0.9459459459459459	0.19876543209876543
83332_v2018_s15-16	Input	GO:0003700	DNA-binding transcription factor activity	3.448982077315211e-10	1.490914442643463e-12	22	98	0.5945945945945946	0.12098765432098765
83332_v2018_s15-16	Input	GO:0043565	sequence-specific DNA binding	3.5351484166490194e-10	2.894615474158018e-12	18	61	0.4864864864864865	0.07530864197530865
83332_v2018_s15-16	Input	GO:0140110	transcription regulator activity	3.5351484166490194e-10	2.956995090763997e-12	22	101	0.5945945945945946	0.12469135802469136
83332_v2018_s15-16	Input	GO:0005488	binding	3.5351484166490194e-10	3.056324279523648e-12	36	366	0.972972972972973	0.45185185185185184
83332_v2018_s15-16	Input	GO:0001067	transcription regulatory region nucleic acid binding	4.7440775734095635e-08	5.468677318051369e-10	15	52	0.40540540540540543	0.06419753086419754
83332_v2018_s15-16	Input	GO:0000976	transcription cis-regulatory region binding	4.7440775734095635e-08	5.468677318051369e-10	15	52	0.40540540540540543	0.06419753086419754
83332_v2018_s15-16	Input	GO:1990837	sequence-specific double-stranded DNA binding	5.722685119747658e-08	7.421349578923476e-10	15	53	0.40540540540540543	0.0654320987654321
83332_v2018_s15-16	Input	GO:0003690	double-stranded DNA binding	6.9385155630978e-08	9.997861041927667e-10	15	54	0.40540540540540543	0.06666666666666667
83332_v2018_s15-16	Input	GO:0003674	molecular_function	0.0009207006781243766	1.591989645171833e-05	36	557	0.972972972972973	0.6876543209876543
83332_v2018_s15-16	Input	GO:0003824	catalytic activity	8.785835834105758e-07	1.3925676394115756e-08	1	358	0.02702702702702703	0.4419753086419753
83332_v2018_s15-16	Output	GO:0003824	catalytic activity	4.274477526181644e-20	6.775108470893096e-22	350	358	0.5057803468208093	0.4419753086419753
83332_v2018_s15-16	Output	GO:0016787	hydrolase activity	1.4522577310618643e-05	2.9296265468106774e-07	109	110	0.157514450867052	0.13580246913580246
83332_v2018_s15-16	Output	GO:1901363	heterocyclic compound binding	9.968035772182411e-05	2.1544745905293395e-06	110	112	0.15895953757225434	0.1382716049382716
83332_v2018_s15-16	Output	GO:1901265	nucleoside phosphate binding	0.0009655331350521561	2.3651388034418807e-05	95	97	0.13728323699421965	0.11975308641975309
83332_v2018_s15-16	Output	GO:0000166	nucleotide binding	0.0009655331350521561	2.3651388034418807e-05	95	97	0.13728323699421965	0.11975308641975309
83332_v2018_s15-16	Output	GO:0043168	anion binding	0.0011435070220958438	2.9658683570209205e-05	106	109	0.1531791907514451	0.1345679012345679
83332_v2018_s15-16	Output	GO:0036094	small molecule binding	0.002264999308683744	6.201006752880568e-05	213	229	0.3078034682080925	0.28271604938271605
83332_v2018_s15-16	Output	GO:0016491	oxidoreductase activity	0.0025861314984556524	7.452828525808796e-05	101	104	0.14595375722543352	0.12839506172839507
83332_v2018_s15-16	Output	GO:0016740	transferase activity	0.003825322851470865	0.00011575184420877257	96	99	0.13872832369942195	0.12222222222222222
83332_v2018_s15-16	Output	GO:0043167	ion binding	0.00630240019494402	0.00019978790243338392	204	220	0.2947976878612717	0.2716049382716049
83332_v2018_s15-16	Output	GO:0017076	purine nucleotide binding	0.01598252980700882	0.0005527099645075096	75	77	0.10838150289017341	0.09506172839506173
83332_v2018_s15-16	Output	GO:0097367	carbohydrate derivative binding	0.02383457749519501	0.0008585942901727309	73	75	0.10549132947976879	0.09259259259259259
83332_v2018_s15-16	Output	GO:0030554	adenyl nucleotide binding	0.03514277833658328	0.00131658823739361	70	72	0.10115606936416185	0.08888888888888889
83332_v2018_s15-16	Output	GO:0140640	catalytic activity, acting on a nucleic acid	0.03975733000914777	0.001546754913900562	45	45	0.06502890173410404	0.05555555555555555
83332_v2018_s15-16	Output	GO:0032553	ribonucleotide binding	0.049811355339335235	0.0020096800425092026	67	69	0.0968208092485549	0.08518518518518518
83332_v2018_s15-16	Output	GO:0003677	DNA binding	1.4226445741219082e-72	2.049920135622346e-75	48	151	0.06936416184971098	0.18641975308641975
83332_v2018_s15-16	Output	GO:0003676	nucleic acid binding	2.6278028124194515e-68	7.572918767779399e-71	58	161	0.0838150289017341	0.19876543209876543
83332_v2018_s15-16	Output	GO:0003700	DNA-binding transcription factor activity	2.4139167289645303e-62	1.0434798540192495e-64	17	98	0.024566473988439308	0.12098765432098765
83332_v2018_s15-16	Output	GO:0140110	transcription regulator activity	2.2592276203369934e-60	1.3021484843440883e-62	20	101	0.028901734104046242	0.12469135802469136
83332_v2018_s15-16	Output	GO:0043565	sequence-specific DNA binding	2.8845199313546216e-32	2.0781843885840215e-34	12	61	0.017341040462427744	0.07530864197530865
83332_v2018_s15-16	Output	GO:1990837	sequence-specific double-stranded DNA binding	1.0333685077629901e-29	8.934021680948042e-32	9	53	0.01300578034682081	0.0654320987654321
83332_v2018_s15-16	Output	GO:0003690	double-stranded DNA binding	4.3262003696134426e-29	4.363602678284452e-31	10	54	0.014450867052023121	0.06666666666666667
83332_v2018_s15-16	Output	GO:0001067	transcription regulatory region nucleic acid binding	5.784922400373692e-29	7.502060749764153e-31	9	52	0.01300578034682081	0.06419753086419754
83332_v2018_s15-16	Output	GO:0000976	transcription cis-regulatory region binding	5.784922400373692e-29	7.502060749764153e-31	9	52	0.01300578034682081	0.06419753086419754
83332_v2018_s15-16	Output	GO:0005488	binding	5.522784129848927e-25	7.957902204393266e-27	261	366	0.37716763005780346	0.45185185185185184
83332_v2018_s15-16	Output	GO:0003674	molecular_function	7.117534350850989e-11	1.23069758227971e-12	446	557	0.6445086705202312	0.6876543209876543
83332_v2018_s15-16	Output	GO:0016987	sigma factor activity	3.943022001494561e-10	7.386064267929293e-12	0	13	0.0	0.016049382716049384
83332_v2018_s15-16	Output	GO:0035731	dinitrosyl-iron complex binding	0.009746077527307467	0.0003229968056600457	1	6	0.001445086705202312	0.007407407407407408
83332_v2018_s15-16	Middle	GO:0003700	DNA-binding transcription factor activity	8.097123737194428e-42	1.1667325269732605e-44	59	98	0.7283950617283951	0.12098765432098765
83332_v2018_s15-16	Middle	GO:0140110	transcription regulator activity	5.357475730496373e-41	1.5439411327078884e-43	59	101	0.7283950617283951	0.12469135802469136
83332_v2018_s15-16	Middle	GO:0003677	DNA binding	1.2397601687598532e-40	5.359193813082939e-43	68	151	0.8395061728395061	0.18641975308641975
83332_v2018_s15-16	Middle	GO:0003676	nucleic acid binding	2.2909506388325558e-38	1.3204326448602627e-40	68	161	0.8395061728395061	0.19876543209876543
83332_v2018_s15-16	Middle	GO:0043565	sequence-specific DNA binding	9.606077006560158e-16	7.673140912737778e-18	31	61	0.38271604938271603	0.07530864197530865
83332_v2018_s15-16	Middle	GO:1990837	sequence-specific double-stranded DNA binding	9.606077006560158e-16	8.30496571172348e-18	29	53	0.35802469135802467	0.0654320987654321
83332_v2018_s15-16	Middle	GO:0003690	double-stranded DNA binding	1.6607703651754962e-15	1.675128610407561e-17	29	54	0.35802469135802467	0.06666666666666667
83332_v2018_s15-16	Middle	GO:0001067	transcription regulatory region nucleic acid binding	5.02842577049918e-15	6.521013247045046e-17	28	52	0.345679012345679	0.06419753086419754
83332_v2018_s15-16	Middle	GO:0000976	transcription cis-regulatory region binding	5.02842577049918e-15	6.521013247045046e-17	28	52	0.345679012345679	0.06419753086419754
83332_v2018_s15-16	Middle	GO:0005488	binding	3.998212831624047e-13	5.761113590236379e-15	69	366	0.8518518518518519	0.45185185185185184
83332_v2018_s15-16	Middle	GO:0016987	sigma factor activity	2.5145144027378855e-12	3.985541560535554e-14	13	13	0.16049382716049382	0.016049382716049384
83332_v2018_s15-16	Middle	GO:0003674	molecular_function	5.70179782349123e-06	1.0680601110286164e-07	75	557	0.9259259259259259	0.6876543209876543
83332_v2018_s15-16	Middle	GO:0003824	catalytic activity	1.808457699316298e-11	3.1270161947832243e-13	7	358	0.08641975308641975	0.4419753086419753
83332_v2018_s15-16	Middle	GO:0016787	hydrolase activity	0.005297043306941894	0.00010685678140804974	1	110	0.012345679012345678	0.13580246913580246
83332_v2018_s15-16	Middle	GO:1901363	heterocyclic compound binding	0.026074865577304995	0.0005635777862529898	2	112	0.024691358024691357	0.1382716049382716
83332_v2018_s15-16	Middle	GO:0036094	small molecule binding	0.026884910491730873	0.0006198250257459566	10	229	0.12345679012345678	0.28271604938271605
83332_v2018_s15-16	Middle	GO:0043168	anion binding	0.03589109698497621	0.0008791767272976881	2	109	0.024691358024691357	0.1345679012345679
