id,source,target,Effect,Evidence
PA5085-PA5083,PA5085,PA5083,+,Strong
PA5085-PA5082,PA5085,PA5082,+,Strong
PA5085-dadA2,PA5085,dadA2,+,Strong
cifR-morB,cifR,morB,-,Strong
cifR-cifR,cifR,cifR,-,Strong
cifR-cif,cifR,cif,-,Strong
cmpX-exoS,cmpX,exoS,+,Strong
cmpX-rsmY,cmpX,rsmY,-,Strong
cmpX-oprF,cmpX,oprF,+,Strong
cmpX-sigX,cmpX,sigX,+,Strong
mvfR-PA2874,mvfR,PA2874,?,Strong
mvfR-aruI,mvfR,aruI,?,Strong
mvfR-PA4112,mvfR,PA4112,?,Strong
mvfR-PA4340,mvfR,PA4340,?,Strong
mvfR-PA0540,mvfR,PA0540,?,Strong
mvfR-eddB,mvfR,eddB,?,Strong
mvfR-PA4676,mvfR,PA4676,?,Strong
mvfR-pchG,mvfR,pchG,?,Strong
mvfR-PA1200,mvfR,PA1200,?,Strong
mvfR-phnB,mvfR,phnB,+,Strong
mvfR-phnA,mvfR,phnA,+,Strong
mvfR-PA3740,mvfR,PA3740,?,Strong
mvfR-pelC,mvfR,pelC,?,Strong
mvfR-PA4611,mvfR,PA4611,?,Strong
mvfR-PA3067,mvfR,PA3067,?,Strong
mvfR-PA4987,mvfR,PA4987,?,Strong
mvfR-PA0138,mvfR,PA0138,?,Strong
mvfR-PA4735,mvfR,PA4735,?,Strong
mvfR-PA0851,mvfR,PA0851,?,Strong
mvfR-PA3759,mvfR,PA3759,?,Strong
mvfR-pqsD,mvfR,pqsD,+,Strong
mvfR-pqsE,mvfR,pqsE,+,Strong
mvfR-PA0557,mvfR,PA0557,?,Strong
mvfR-PA4291,mvfR,PA4291,?,Strong
mvfR-pqsA,mvfR,pqsA,+,Strong
mvfR-pqsB,mvfR,pqsB,+,Strong
mvfR-pqsC,mvfR,pqsC,+,Strong
mvfR-sigX,mvfR,sigX,?,Strong
mvfR-lpdV,mvfR,lpdV,?,Strong
mvfR-PA0570,mvfR,PA0570,?,Strong
mvfR-PA0874,mvfR,PA0874,?,Strong
mvfR-femI,mvfR,femI,?,Strong
mvfR-lysC,mvfR,lysC,?,Strong
mvfR-PA0157,mvfR,PA0157,?,Strong
mvfR-PA2864,mvfR,PA2864,?,Strong
mvfR-mvfR,mvfR,mvfR,-,Strong
mvfR-rlmF,mvfR,rlmF,?,Strong
mvfR-amiC,mvfR,amiC,?,Strong
mvfR-rhlI,mvfR,rhlI,+,Strong
mvfR-xcpT,mvfR,xcpT,?,Strong
mvfR-rhlR,mvfR,rhlR,?,Strong
mvfR-PA0643,mvfR,PA0643,?,Strong
mvfR-PA5543,mvfR,PA5543,?,Strong
mvfR-PA3375,mvfR,PA3375,?,Strong
mvfR-PA0422,mvfR,PA0422,?,Strong
mvfR-pelB,mvfR,pelB,?,Strong
mvfR-PA5136,mvfR,PA5136,?,Strong
mvfR-amiR,mvfR,amiR,?,Strong
mvfR-PA4992,mvfR,PA4992,?,Strong
mvfR-PA3077,mvfR,PA3077,?,Strong
mvfR-PA5210,mvfR,PA5210,?,Strong
mvfR-PA3592,mvfR,PA3592,?,Strong
mvfR-PA3214,mvfR,PA3214,?,Strong
mvfR-PA2004,mvfR,PA2004,?,Strong
mvfR-PA3313,mvfR,PA3313,?,Strong
mvfR-PA3761,mvfR,PA3761,?,Strong
mvfR-PA0802,mvfR,PA0802,?,Strong
mvfR-PA4289,mvfR,PA4289,?,Strong
mvfR-PA0883,mvfR,PA0883,?,Strong
mvfR-PA1295,mvfR,PA1295,?,Strong
mvfR-aguR,mvfR,aguR,?,Strong
mvfR-algU,mvfR,algU,?,Strong
lrp-lrp,lrp,lrp,+,Strong
lrp-dadA1,lrp,dadA1,+,Strong
lrp-dadX,lrp,dadX,+,Strong
PA2100-PA5159,PA2100,PA5159,+,Strong
PA2100-PA5160,PA2100,PA5160,+,Strong
PA2100-mexB,PA2100,mexB,-,Strong
PA2100-oprM,PA2100,oprM,-,Strong
PA2100-mexA,PA2100,mexA,-,Strong
amgR-mexB,amgR,mexB,+,Strong
amgR-oprM,amgR,oprM,+,Strong
amgR-mexA,amgR,mexA,+,Strong
cyaB-exsA,cyaB,exsA,+,Strong
aguR-aguB,aguR,aguB,-,Strong
aguR-aguA,aguR,aguA,-,Strong
bexR-aprA,bexR,aprA,+,Strong
bexR-bexR,bexR,bexR,+,Strong
bexR-PA1202,bexR,PA1202,+,Strong
bexR-PA1203,bexR,PA1203,+,Strong
bexR-PA1204,bexR,PA1204,+,Strong
bexR-PA1205,bexR,PA1205,+,Strong
bexR-PA0572,bexR,PA0572,+,Strong
cdhR-PA5384,cdhR,PA5384,+,Strong
cdhR-cdhC,cdhR,cdhC,+,Strong
cdhR-cdhB,cdhR,cdhB,+,Strong
cdhR-PA5388,cdhR,PA5388,+,Strong
cdhR-cdhR,cdhR,cdhR,-,Strong
cdhR-lcdH,cdhR,lcdH,+,Strong
sigX-PA1196,sigX,PA1196,?,Strong
sigX-PA4132,sigX,PA4132,?,Strong
sigX-narL,sigX,narL,?,Strong
sigX-psrA,sigX,psrA,?,Strong
sigX-anr,sigX,anr,?,Strong
sigX-gacA,sigX,gacA,?,Strong
sigX-PA5440,sigX,PA5440,?,Strong
sigX-PA3899,sigX,PA3899,?,Strong
sigX-roxS,sigX,roxS,?,Strong
sigX-dnr,sigX,dnr,?,Strong
sigX-PA3225,sigX,PA3225,?,Strong
sigX-lasR,sigX,lasR,?,Strong
sigX-mexZ,sigX,mexZ,?,Strong
sigX-PA4781,sigX,PA4781,?,Strong
sigX-rhlR,sigX,rhlR,?,Strong
sigX-amrZ,sigX,amrZ,?,Strong
sigX-fliA,sigX,fliA,?,Strong
sigX-kdpD,sigX,kdpD,?,Strong
sigX-PA5506,sigX,PA5506,?,Strong
sigX-PA3458,sigX,PA3458,?,Strong
sigX-vreR,sigX,vreR,?,Strong
sigX-PA2384,sigX,PA2384,?,Strong
sigX-pprB,sigX,pprB,?,Strong
sigX-PrrF1,sigX,PrrF1,?,Strong
sigX-cbrB,sigX,cbrB,?,Strong
sigX-aguR,sigX,aguR,?,Strong
rpoS-exsE,rpoS,exsE,+,Strong
rpoS-coIII,rpoS,coIII,+,Strong
rpoS-exsC,rpoS,exsC,+,Strong
rpoS-exsA,rpoS,exsA,+,Strong
rpoS-cioA,rpoS,cioA,+,Strong
rpoS-PA1351,rpoS,PA1351,?,Strong
rpoS-cioB,rpoS,cioB,+,Strong
rpoS-rhlI,rpoS,rhlI,-,Strong
rpoS-PA0107,rpoS,PA0107,+,Strong
rpoS-coxB,rpoS,coxB,+,Strong
rpoS-exsB,rpoS,exsB,+,Strong
rpoS-coxA,rpoS,coxA,+,Strong
rpoS-azu,rpoS,azu,+,Strong
clpX-algU,clpX,algU,-,Strong
cysB-algJ,cysB,algJ,+,Strong
cysB-algX,cysB,algX,+,Strong
cysB-msuD,cysB,msuD,+,Strong
cysB-algG,cysB,algG,+,Strong
cysB-cysH,cysB,cysH,+,Strong
cysB-msuC,cysB,msuC,+,Strong
cysB-mvfR,cysB,mvfR,+-,Strong
cysB-alg8,cysB,alg8,+,Strong
cysB-cysB,cysB,cysB,-,Strong
cysB-retS,cysB,retS,-,Strong
cysB-algK,cysB,algK,+,Strong
cysB-algI,cysB,algI,+,Strong
cysB-pvdS,cysB,pvdS,+,Strong
cysB-algL,cysB,algL,+,Strong
cysB-alg44,cysB,alg44,+,Strong
cysB-algA,cysB,algA,+,Strong
cysB-algF,cysB,algF,+,Strong
cysB-msuE,cysB,msuE,+,Strong
cysB-algD,cysB,algD,+,Strong
cysB-algE,cysB,algE,+,Strong
rpoN-PA1196,rpoN,PA1196,+,Strong
rpoN-lasR,rpoN,lasR,+,Strong
rpoN-nirD,rpoN,nirD,+,Strong
rpoN-PA1785,rpoN,PA1785,+,Strong
rpoN-nirB,rpoN,nirB,+,Strong
rpoN-glnK,rpoN,glnK,+,Strong
rpoN-rsaL,rpoN,rsaL,+,Strong
rpoN-amtB,rpoN,amtB,+,Strong
rpoN-PA2449,rpoN,PA2449,+,Strong
rpoN-pqsD,rpoN,pqsD,+,Strong
rpoN-pqsE,rpoN,pqsE,+,Strong
rpoN-pqsA,rpoN,pqsA,+,Strong
rpoN-pqsB,rpoN,pqsB,+,Strong
rpoN-nosY,rpoN,nosY,+,Strong
rpoN-pqsH,rpoN,pqsH,+,Strong
rpoN-nosR,rpoN,nosR,+,Strong
rpoN-mvfR,rpoN,mvfR,+,Strong
rpoN-nosZ,rpoN,nosZ,+,Strong
rpoN-pqsC,rpoN,pqsC,+,Strong
rpoN-mifR,rpoN,mifR,+,Strong
rpoN-nasA,rpoN,nasA,+,Strong
rpoN-nosD,rpoN,nosD,+,Strong
rpoN-nosF,rpoN,nosF,+,Strong
rpoN-algB,rpoN,algB,+,Strong
rpoN-lasI,rpoN,lasI,+,Strong
rpoN-nosL,rpoN,nosL,+,Strong
rpoN-hcpA,rpoN,hcpA,+,Strong
rpoN-PA1786,rpoN,PA1786,+,Strong
rpoN-PA2005,rpoN,PA2005,+,Strong
gltR-oprB,gltR,oprB,-,Strong
gltR-glk,gltR,glk,-,Strong
gltR-edd,gltR,edd,-,Strong
gltR-eta,gltR,eta,-,Strong
bfiS-gacA,bfiS,gacA,+,Strong
bfiS-gacS,bfiS,gacS,+,Strong
bfiS-cafA,bfiS,cafA,+,Strong
PA1196-PA1195,PA1196,PA1195,+,Strong
PA2047-mexF,PA2047,mexF,+,Strong
PA2047-mexE,PA2047,mexE,+,Strong
PA2047-oprN,PA2047,oprN,+,Strong
gbuR-gbuA,gbuR,gbuA,+-,Strong
gbuR-glpR,gbuR,glpR,+,Strong
rsaL-PA5324,rsaL,PA5324,?,Strong
rsaL-PA3669,rsaL,PA3669,?,Strong
rsaL-PA3774,rsaL,PA3774,?,Strong
rsaL-PA0845,rsaL,PA0845,?,Strong
rsaL-gyrA,rsaL,gyrA,?,Strong
rsaL-PA0158,rsaL,PA0158,?,Strong
rsaL-tilS,rsaL,tilS,?,Strong
rsaL-PA2228,rsaL,PA2228,?,Strong
rsaL-retS,rsaL,retS,?,Strong
rsaL-PA3722,rsaL,PA3722,?,Strong
rsaL-glyA2,rsaL,glyA2,?,Strong
rsaL-PA2226,rsaL,PA2226,?,Strong
rsaL-PA3342,rsaL,PA3342,?,Strong
rsaL-ratA,rsaL,ratA,?,Strong
rsaL-acpP1,rsaL,acpP1,?,Strong
rsaL-PA1333,rsaL,PA1333,?,Strong
rsaL-pqsH,rsaL,pqsH,?,Strong
rsaL-PA5517,rsaL,PA5517,?,Strong
rsaL-PA3513,rsaL,PA3513,?,Strong
acoR-acoB,acoR,acoB,+,Strong
acoR-PA4148,acoR,PA4148,+,Strong
acoR-PA4149,acoR,PA4149,+,Strong
acoR-PA4150,acoR,PA4150,+,Strong
acoR-PA4153,acoR,PA4153,+,Strong
acoR-PA4152,acoR,PA4152,+,Strong
dnr-narK2,dnr,narK2,+,Strong
dnr-narK1,dnr,narK1,+,Strong
dnr-nirQ,dnr,nirQ,+,Strong
dnr-narX,dnr,narX,+,Strong
dnr-nirS,dnr,nirS,+,Strong
dnr-nirE,dnr,nirE,+,Strong
dnr-nirD,dnr,nirD,+,Strong
dnr-nirG,dnr,nirG,+,Strong
dnr-nirF,dnr,nirF,+,Strong
dnr-narI,dnr,narI,+,Strong
dnr-narH,dnr,narH,+,Strong
dnr-nirC,dnr,nirC,+,Strong
dnr-narJ,dnr,narJ,+,Strong
dnr-nirM,dnr,nirM,+,Strong
dnr-nirL,dnr,nirL,+,Strong
dnr-narG,dnr,narG,+,Strong
dnr-nirN,dnr,nirN,+,Strong
dnr-nirH,dnr,nirH,+,Strong
dnr-nirJ,dnr,nirJ,+,Strong
dnr-dnr,dnr,dnr,+,Strong
dnr-norB,dnr,norB,+,Strong
dnr-nosR,dnr,nosR,+,Strong
dnr-nosY,dnr,nosY,+,Strong
dnr-nosZ,dnr,nosZ,+,Strong
dnr-nosD,dnr,nosD,+,Strong
dnr-nosF,dnr,nosF,+,Strong
dnr-nosL,dnr,nosL,+,Strong
dnr-norC,dnr,norC,+,Strong
dnr-hemN,dnr,hemN,+,Strong
dnr-narL,dnr,narL,+,Strong
dnr-hemA,dnr,hemA,+,Strong
dnr-hemF,dnr,hemF,+,Strong
dnr-anr,dnr,anr,+,Strong
dnr-aroE,dnr,aroE,+,Strong
pmrB-pmrA,pmrB,pmrA,+,Strong
cbrB-aotP,cbrB,aotP,+,Strong
cbrB-aotQ,cbrB,aotQ,+,Strong
cbrB-spuH,cbrB,spuH,+,Strong
cbrB-spuI,cbrB,spuI,+,Strong
cbrB-spuF,cbrB,spuF,+,Strong
cbrB-spuG,cbrB,spuG,+,Strong
cbrB-pmrA,cbrB,pmrA,-,Strong
cbrB-spuE,cbrB,spuE,+,Strong
cbrB-spuB,cbrB,spuB,+,Strong
cbrB-spuC,cbrB,spuC,+,Strong
cbrB-spuA,cbrB,spuA,+,Strong
cbrB-csrA,cbrB,csrA,+,Strong
cbrB-lip,cbrB,lip,+,Strong
cbrB-spuD,cbrB,spuD,+,Strong
cbrB-aotM,cbrB,aotM,+,Strong
cbrB-PA4726.11,cbrB,PA4726.11,+,Strong
cbrB-hutU,cbrB,hutU,+,Strong
cbrB-aotJ,cbrB,aotJ,+,Strong
cbrB-cbrB,cbrB,cbrB,+,Strong
phoQ-phoQ,phoQ,phoQ,+,Strong
phoQ-phoP,phoQ,phoP,+,Strong
phoQ-oprH,phoQ,oprH,+,Strong
phoP-phoQ,phoP,phoQ,+,Strong
phoP-PA3559,phoP,PA3559,+,Strong
phoP-oprH,phoP,oprH,+,Strong
phoP-phoP,phoP,phoP,+,Strong
phoP-arnT,phoP,arnT,+,Strong
phoP-arnC,phoP,arnC,+,Strong
phoP-arnB,phoP,arnB,+,Strong
phoP-arnA,phoP,arnA,+,Strong
phoP-arnF,phoP,arnF,+,Strong
phoP-arnE,phoP,arnE,+,Strong
phoP-arnD,phoP,arnD,+,Strong
fpvR-fpvI,fpvR,fpvI,-,Strong
fpvR-pvdS,fpvR,pvdS,-,Strong
phoB-PA3835,phoB,PA3835,?,Strong
phoB-PA0165,phoB,PA0165,?,Strong
phoB-rcpC,phoB,rcpC,?,Strong
phoB-PA4139,phoB,PA4139,?,Strong
phoB-pstC,phoB,pstC,?,Strong
phoB-PA3520,phoB,PA3520,?,Strong
phoB-PA0691,phoB,PA0691,?,Strong
phoB-PA4202,phoB,PA4202,?,Strong
phoB-rplC,phoB,rplC,?,Strong
phoB-phzD1,phoB,phzD1,?,Strong
phoB-wbpH,phoB,wbpH,?,Strong
phoB-phzF2,phoB,phzF2,?,Strong
phoB-phzB1,phoB,phzB1,?,Strong
phoB-wbpG,phoB,wbpG,?,Strong
phoB-PA0959,phoB,PA0959,?,Strong
phoB-opgG,phoB,opgG,?,Strong
phoB-PA2793,phoB,PA2793,?,Strong
phoB-cupB3,phoB,cupB3,?,Strong
phoB-ctpL,phoB,ctpL,?,Strong
phoB-PA3044,phoB,PA3044,?,Strong
phoB-PA3045,phoB,PA3045,?,Strong
phoB-phnC2,phoB,phnC2,?,Strong
phoB-phzA1,phoB,phzA1,?,Strong
phoB-PA4080,phoB,PA4080,?,Strong
phoB-rhlR,phoB,rhlR,?,Strong
phoB-PA3519,phoB,PA3519,?,Strong
phoB-amrZ,phoB,amrZ,?,Strong
phoB-oprP,phoB,oprP,?,Strong
phoB-algD,phoB,algD,?,Strong
phoB-qscR,phoB,qscR,?,Strong
phoB-PA3327,phoB,PA3327,?,Strong
phoB-phzG1,phoB,phzG1,?,Strong
phoB-PA3190,phoB,PA3190,?,Strong
phoB-PA2667,phoB,PA2667,?,Strong
phoB-phzC1,phoB,phzC1,?,Strong
phoB-phzE1,phoB,phzE1,?,Strong
phoB-PA2459,phoB,PA2459,?,Strong
phoB-vreI,phoB,vreI,?,Strong
phoB-PA4087,phoB,PA4087,?,Strong
phoB-arnB,phoB,arnB,?,Strong
amrZ-PA4033,amrZ,PA4033,-,Strong
amrZ-lecA,amrZ,lecA,+,Strong
amrZ-nirS,amrZ,nirS,+,Strong
amrZ-PA4222,amrZ,PA4222,-,Strong
amrZ-PA0149,amrZ,PA0149,?,Strong
amrZ-PA1941,amrZ,PA1941,-,Strong
amrZ-PA0082,amrZ,PA0082,+,Strong
amrZ-pstC,amrZ,pstC,?,Strong
amrZ-PA1680,amrZ,PA1680,-,Strong
amrZ-PA1340,amrZ,PA1340,-,Strong
amrZ-lecB,amrZ,lecB,+,Strong
amrZ-wbpM,amrZ,wbpM,?,Strong
amrZ-PA2567,amrZ,PA2567,-,Strong
amrZ-PA1159,amrZ,PA1159,?,Strong
amrZ-pauA,amrZ,pauA,?,Strong
amrZ-mutY,amrZ,mutY,?,Strong
amrZ-ctpL,amrZ,ctpL,-,Strong
amrZ-oprJ,amrZ,oprJ,?,Strong
amrZ-PA4625,amrZ,PA4625,+,Strong
amrZ-PA1199,amrZ,PA1199,-,Strong
amrZ-PA2867,amrZ,PA2867,-,Strong
amrZ-pslA,amrZ,pslA,-,Strong
amrZ-PA3353,amrZ,PA3353,-,Strong
amrZ-PA2471,amrZ,PA2471,?,Strong
amrZ-hemH,amrZ,hemH,-,Strong
amrZ-PA1069,amrZ,PA1069,+,Strong
amrZ-PA3592,amrZ,PA3592,?,Strong
amrZ-adcA,amrZ,adcA,-,Strong
amrZ-fleQ,amrZ,fleQ,-,Strong
amrZ-PA3110,amrZ,PA3110,?,Strong
amrZ-PA3401,amrZ,PA3401,-,Strong
amrZ-PA0494,amrZ,PA0494,-,Strong
amrZ-PA2229,amrZ,PA2229,?,Strong
amrZ-PA1738,amrZ,PA1738,-,Strong
amrZ-PA3959,amrZ,PA3959,?,Strong
amrZ-PA0165,amrZ,PA0165,?,Strong
amrZ-PA3951,amrZ,PA3951,-,Strong
amrZ-hasAp,amrZ,hasAp,+,Strong
amrZ-pchG,amrZ,pchG,-,Strong
amrZ-PA0472,amrZ,PA0472,-,Strong
amrZ-PA1107,amrZ,PA1107,?,Strong
amrZ-ampDh3,amrZ,ampDh3,?,Strong
amrZ-cobO,amrZ,cobO,?,Strong
amrZ-cobH,amrZ,cobH,?,Strong
amrZ-pelB,amrZ,pelB,+,Strong
amrZ-PA1736,amrZ,PA1736,?,Strong
amrZ-xcpP,amrZ,xcpP,?,Strong
amrZ-PA3367,amrZ,PA3367,-,Strong
amrZ-PA2462,amrZ,PA2462,-,Strong
amrZ-PA2461,amrZ,PA2461,?,Strong
amrZ-PA4392,amrZ,PA4392,?,Strong
amrZ-PA0938,amrZ,PA0938,-,Strong
amrZ-sigX,amrZ,sigX,?,Strong
amrZ-PA1664,amrZ,PA1664,-,Strong
amrZ-PA0172,amrZ,PA0172,-,Strong
amrZ-PA0263.1,amrZ,PA0263.1,?,Strong
amrZ-PA4488,amrZ,PA4488,?,Strong
amrZ-phzA1,amrZ,phzA1,-,Strong
amrZ-asd,amrZ,asd,?,Strong
amrZ-algD,amrZ,algD,+,Strong
amrZ-PA1088,amrZ,PA1088,-,Strong
amrZ-prtN,amrZ,prtN,+,Strong
amrZ-ispF,amrZ,ispF,-,Strong
amrZ-PA0947,amrZ,PA0947,?,Strong
amrZ-PA1657,amrZ,PA1657,-,Strong
amrZ-PA3836,amrZ,PA3836,?,Strong
amrZ-putP,amrZ,putP,?,Strong
amrZ-PA4677,amrZ,PA4677,-,Strong
amrZ-PA5167,amrZ,PA5167,-,Strong
amrZ-lldA,amrZ,lldA,?,Strong
amrZ-PA1784,amrZ,PA1784,+,Strong
amrZ-pvdS,amrZ,pvdS,?,Strong
amrZ-PA1055,amrZ,PA1055,?,Strong
amrZ-PA0691,amrZ,PA0691,?,Strong
amrZ-PA0102,amrZ,PA0102,+,Strong
amrZ-PA1383,amrZ,PA1383,?,Strong
amrZ-PA4980,amrZ,PA4980,-,Strong
amrZ-PA4987,amrZ,PA4987,?,Strong
amrZ-PA1668,amrZ,PA1668,-,Strong
amrZ-PA1913,amrZ,PA1913,-,Strong
amrZ-gbdR,amrZ,gbdR,?,Strong
amrZ-femI,amrZ,femI,?,Strong
amrZ-rhlE,amrZ,rhlE,?,Strong
amrZ-rhlA,amrZ,rhlA,+,Strong
amrZ-PA3722,amrZ,PA3722,-,Strong
amrZ-PA3413,amrZ,PA3413,-,Strong
amrZ-rhlR,amrZ,rhlR,-,Strong
amrZ-amrZ,amrZ,amrZ,-,Strong
amrZ-fliF,amrZ,fliF,-,Strong
amrZ-fpvI,amrZ,fpvI,?,Strong
amrZ-flp,amrZ,flp,-,Strong
amrZ-pys2,amrZ,pys2,+,Strong
amrZ-dnaE,amrZ,dnaE,?,Strong
amrZ-PA1473,amrZ,PA1473,?,Strong
amrZ-PA3019,amrZ,PA3019,-,Strong
amrZ-pctC,amrZ,pctC,-,Strong
amrZ-PA3854,amrZ,PA3854,?,Strong
amrZ-PA3691,amrZ,PA3691,-,Strong
amrZ-nosR,amrZ,nosR,+,Strong
amrZ-PA4324,amrZ,PA4324,-,Strong
amrZ-PA1131,amrZ,PA1131,?,Strong
amrZ-PA2504,amrZ,PA2504,?,Strong
amrZ-PA1363,amrZ,PA1363,?,Strong
amrZ-PA1939,amrZ,PA1939,-,Strong
amrZ-PA1211,amrZ,PA1211,?,Strong
amrZ-PA3533,amrZ,PA3533,?,Strong
amrZ-PA5138,amrZ,PA5138,-,Strong
amrZ-PA0038,amrZ,PA0038,-,Strong
amrZ-PA4683,amrZ,PA4683,-,Strong
amrZ-surA,amrZ,surA,?,Strong
amrZ-flgG,amrZ,flgG,-,Strong
amrZ-flgE,amrZ,flgE,-,Strong
amrZ-vreA,amrZ,vreA,+,Strong
amrZ-PA3235,amrZ,PA3235,-,Strong
amrZ-PA3234,amrZ,PA3234,-,Strong
fpvI-PrrF1,fpvI,PrrF1,?,Strong
fpvI-fpvA,fpvI,fpvA,+,Strong
bfmR-PA0691,bfmR,PA0691,+,Strong
bfmR-rhlR,bfmR,rhlR,-,Strong
ihfB-narK2,ihfB,narK2,+,Strong
ihfB-narK1,ihfB,narK1,+,Strong
ihfB-hemA,ihfB,hemA,+,Strong
ihfB-pchP,ihfB,pchP,+,Strong
ihfB-algX,ihfB,algX,+,Strong
ihfB-moeB,ihfB,moeB,+,Strong
ihfB-narI,ihfB,narI,+,Strong
ihfB-narH,ihfB,narH,+,Strong
ihfB-narJ,ihfB,narJ,+,Strong
ihfB-narG,ihfB,narG,+,Strong
ihfB-murI,ihfB,murI,+,Strong
ihfB-alg8,ihfB,alg8,+,Strong
ihfB-prmC,ihfB,prmC,+,Strong
ihfB-gbdR,ihfB,gbdR,+,Strong
ihfB-lasR,ihfB,lasR,+,Strong
ihfB-oprE,ihfB,oprE,+,Strong
ihfB-alg44,ihfB,alg44,+,Strong
ihfB-algJ,ihfB,algJ,+,Strong
ihfB-algK,ihfB,algK,+,Strong
ihfB-algI,ihfB,algI,+,Strong
ihfB-algL,ihfB,algL,+,Strong
ihfB-algB,ihfB,algB,+,Strong
ihfB-fliD,ihfB,fliD,+,Strong
ihfB-algA,ihfB,algA,+,Strong
ihfB-algF,ihfB,algF,+,Strong
ihfB-algG,ihfB,algG,+,Strong
ihfB-algD,ihfB,algD,+,Strong
ihfB-algE,ihfB,algE,+,Strong
ihfB-fleS,ihfB,fleS,+,Strong
ihfB-fleR,ihfB,fleR,+,Strong
PA2780-rsmZ,PA2780,rsmZ,+,Strong
PA0739-sdsA1,PA0739,sdsA1,+,Strong
PA0739-PA0739,PA0739,PA0739,+,Strong
PA2588-PA4340,PA2588,PA4340,?,Strong
PA2588-PA3854,PA2588,PA3854,?,Strong
PA2588-PA0845,PA2588,PA0845,?,Strong
PA2588-PA4676,PA2588,PA4676,?,Strong
PA2588-tilS,PA2588,tilS,?,Strong
PA2588-PA2588,PA2588,PA2588,?,Strong
PA2588-PA1333,PA2588,PA1333,?,Strong
PA2588-lpdV,PA2588,lpdV,?,Strong
PA2588-mutY,PA2588,mutY,?,Strong
PA2588-amiR,PA2588,amiR,?,Strong
PA5438-PA2634,PA5438,PA2634,?,Strong
foxR-foxI,foxR,foxI,-,Strong
PA0601-PA0603,PA0601,PA0603,+,Strong
PA0601-PA0605,PA0601,PA0605,+,Strong
PA0601-PA0604,PA0601,PA0604,+,Strong
PA0601-PA0606,PA0601,PA0606,+,Strong
agmR-exaA,agmR,exaA,+,Strong
agmR-exaB,agmR,exaB,+,Strong
agmR-exaC,agmR,exaC,+,Strong
agmR-pqqB,agmR,pqqB,+,Strong
agmR-pqqC,agmR,pqqC,+,Strong
agmR-pqqA,agmR,pqqA,+,Strong
agmR-eraR,agmR,eraR,+,Strong
agmR-eraS,agmR,eraS,+,Strong
agmR-pqqD,agmR,pqqD,+,Strong
agmR-pqqE,agmR,pqqE,+,Strong
agmR-pqqH,agmR,pqqH,+,Strong
mgtE-gacS,mgtE,gacS,+,Strong
mgtE-exsA,mgtE,exsA,-,Strong
cbrA-csrA,cbrA,csrA,+,Strong
hfq-foxI,hfq,foxI,?,Strong
hfq-PA1300,hfq,PA1300,?,Strong
hfq-PA0714.1,hfq,PA0714.1,+,Strong
hfq-PA0149,hfq,PA0149,?,Strong
hfq-PA1363,hfq,PA1363,?,Strong
hfq-femI,hfq,femI,?,Strong
hfq-sigX,hfq,sigX,?,Strong
hfq-rsmY,hfq,rsmY,+,Strong
hfq-pvdS,hfq,pvdS,?,Strong
PA2511-antA,PA2511,antA,+,Strong
PA2511-PA2511,PA2511,PA2511,+,Strong
PA2511-antC,PA2511,antC,+,Strong
PA2511-antB,PA2511,antB,+,Strong
clpP1-algU,clpP1,algU,-,Strong
PA2657-rhlA,PA2657,rhlA,+,Strong
PA2657-rhlB,PA2657,rhlB,+,Strong
PA2657-pqsA,PA2657,pqsA,+,Strong
PA2657-phnA,PA2657,phnA,+,Strong
PA5166-PA0886,PA5166,PA0886,+,Strong
PA5166-PA0885,PA5166,PA0885,+,Strong
PA5166-PA0884,PA5166,PA0884,+,Strong
PA5166-dctA2,PA5166,dctA2,+,Strong
fleQ-PA3836,fleQ,PA3836,?,Strong
fleQ-PA3835,fleQ,PA3835,?,Strong
fleQ-phzC1,fleQ,phzC1,?,Strong
fleQ-PA4080,fleQ,PA4080,?,Strong
fleQ-PA0042,fleQ,PA0042,?,Strong
fleQ-PA5087,fleQ,PA5087,?,Strong
fleQ-PA4139,fleQ,PA4139,?,Strong
fleQ-PA5446,fleQ,PA5446,?,Strong
fleQ-flhB,fleQ,flhB,+,Strong
fleQ-nuoA2,fleQ,nuoA2,?,Strong
fleQ-flhA,fleQ,flhA,+,Strong
fleQ-wbpE,fleQ,wbpE,?,Strong
fleQ-PA0981,fleQ,PA0981,?,Strong
fleQ-pelA,fleQ,pelA,+-,Strong
fleQ-fliG,fleQ,fliG,+,Strong
fleQ-pelB,fleQ,pelB,-,Strong
fleQ-PA2373,fleQ,PA2373,?,Strong
fleQ-wbpJ,fleQ,wbpJ,?,Strong
fleQ-phzD1,fleQ,phzD1,?,Strong
fleQ-PA2569,fleQ,PA2569,?,Strong
fleQ-aprA,fleQ,aprA,?,Strong
fleQ-hisF2,fleQ,hisF2,?,Strong
fleQ-pys2,fleQ,pys2,?,Strong
fleQ-phzF2,fleQ,phzF2,?,Strong
fleQ-phzB1,fleQ,phzB1,?,Strong
fleQ-wbpA,fleQ,wbpA,?,Strong
fleQ-phzE1,fleQ,phzE1,?,Strong
fleQ-PA2461,fleQ,PA2461,?,Strong
fleQ-PA5546,fleQ,PA5546,?,Strong
fleQ-PA0959,fleQ,PA0959,?,Strong
fleQ-mrcA,fleQ,mrcA,?,Strong
fleQ-PA3489,fleQ,PA3489,?,Strong
fleQ-acpP1,fleQ,acpP1,?,Strong
fleQ-arcD,fleQ,arcD,?,Strong
fleQ-wzy,fleQ,wzy,?,Strong
fleQ-PA2793,fleQ,PA2793,?,Strong
fleQ-tyrS2,fleQ,tyrS2,?,Strong
fleQ-PA3047,fleQ,PA3047,?,Strong
fleQ-PA3045,fleQ,PA3045,?,Strong
fleQ-PA0041a,fleQ,PA0041a,?,Strong
fleQ-oprI,fleQ,oprI,?,Strong
fleQ-PA0172,fleQ,PA0172,?,Strong
fleQ-PA3866,fleQ,PA3866,?,Strong
fleQ-phoA2,fleQ,phoA2,-,Strong
fleQ-fliQ,fleQ,fliQ,+,Strong
fleQ-fliP,fleQ,fliP,+,Strong
fleQ-PA0643,fleQ,PA0643,?,Strong
fleQ-fliR,fleQ,fliR,+,Strong
fleQ-rpoC,fleQ,rpoC,?,Strong
fleQ-phzA1,fleQ,phzA1,?,Strong
fleQ-fliO,fleQ,fliO,+,Strong
fleQ-fliN,fleQ,fliN,+,Strong
fleQ-fliI,fleQ,fliI,+,Strong
fleQ-fliJ,fleQ,fliJ,+,Strong
fleQ-fliE,fleQ,fliE,+,Strong
fleQ-fliD,fleQ,fliD,+,Strong
fleQ-PA3291,fleQ,PA3291,?,Strong
fleQ-fliF,fleQ,fliF,+,Strong
fleQ-cupC3,fleQ,cupC3,?,Strong
fleQ-wzz,fleQ,wzz,?,Strong
fleQ-fliM,fleQ,fliM,+,Strong
fleQ-PA4523,fleQ,PA4523,?,Strong
fleQ-fur,fleQ,fur,-,Strong
fleQ-fimV,fleQ,fimV,?,Strong
fleQ-fliL,fleQ,fliL,+,Strong
fleQ-phzG1,fleQ,phzG1,?,Strong
fleQ-fleS,fleQ,fleS,+,Strong
fleQ-fleR,fleQ,fleR,+,Strong
fleQ-PA1372,fleQ,PA1372,?,Strong
fleQ-dusA,fleQ,dusA,?,Strong
fleQ-PA1370,fleQ,PA1370,?,Strong
fleQ-PA1371,fleQ,PA1371,?,Strong
fleQ-clpP2,fleQ,clpP2,?,Strong
fleQ-PA0986,fleQ,PA0986,?,Strong
fleQ-PA3290,fleQ,PA3290,?,Strong
fleQ-PA2226,fleQ,PA2226,?,Strong
fleQ-PA0499,fleQ,PA0499,?,Strong
fleQ-PA2223,fleQ,PA2223,?,Strong
fleQ-PA4087,fleQ,PA4087,?,Strong
fleQ-imm2,fleQ,imm2,?,Strong
fleQ-clpS,fleQ,clpS,?,Strong
fleQ-pslA,fleQ,pslA,?,Strong
fleQ-PA0718,fleQ,PA0718,?,Strong
PA1438-PA1438,PA1438,PA1438,-,Strong
PA1438-PA1437,PA1438,PA1437,-,Strong
fleN-fleQ,fleN,fleQ,-,Strong
fleN-phoA2,fleN,phoA2,-,Strong
PA2896-PA2896,PA2896,PA2896,+,Strong
PA2896-PA0167,PA2896,PA0167,?,Strong
PA2896-bexR,PA2896,bexR,?,Strong
PA2896-PA1494,PA2896,PA1494,?,Strong
PA2896-PA0839,PA2896,PA0839,?,Strong
PA2895-PA2896,PA2895,PA2896,-,Strong
PA3347-PA3343,PA3347,PA3343,+,Strong
PA3347-flgM,PA3347,flgM,-,Strong
PA5471-mexZ,PA5471,mexZ,-,Strong
PA5471-mexX,PA5471,mexX,+,Strong
PA5471-algD,PA5471,algD,+,Strong
PA5471-mexY,PA5471,mexY,+,Strong
metR-PA4223,metR,PA4223,+,Strong
metR-pvdD,metR,pvdD,+,Strong
metR-PA0848,metR,PA0848,-,Strong
metR-pvdH,metR,pvdH,+,Strong
metR-atuF,metR,atuF,+,Strong
metR-PA4144,metR,PA4144,+,Strong
metR-PA0633,metR,PA0633,-,Strong
metR-metH,metR,metH,+,Strong
metR-ntrC,metR,ntrC,-,Strong
roxS-ccoO1,roxS,ccoO1,+,Strong
roxS-ccoN2,roxS,ccoN2,+,Strong
roxS-ccoN1,roxS,ccoN1,+,Strong
roxS-coIII,roxS,coIII,+,Strong
roxS-coxA,roxS,coxA,+,Strong
roxS-cioA,roxS,cioA,+,Strong
roxS-cioB,roxS,cioB,+,Strong
roxS-cyoD,roxS,cyoD,+,Strong
roxS-ccoQ2,roxS,ccoQ2,+,Strong
roxS-ccoQ1,roxS,ccoQ1,+,Strong
roxS-ccoO2,roxS,ccoO2,+,Strong
roxS-coxB,roxS,coxB,+,Strong
roxS-PA0107,roxS,PA0107,+,Strong
roxS-cyoC,roxS,cyoC,+,Strong
roxS-cyoB,roxS,cyoB,+,Strong
roxS-cyoA,roxS,cyoA,+,Strong
roxS-ccoP1,roxS,ccoP1,+,Strong
roxS-ccoP2,roxS,ccoP2,+,Strong
roxS-cyoE2,roxS,cyoE2,+,Strong
roxR-ccoO1,roxR,ccoO1,+,Strong
roxR-ccoN2,roxR,ccoN2,+,Strong
roxR-ccoN1,roxR,ccoN1,+,Strong
roxR-coIII,roxR,coIII,+,Strong
roxR-coxA,roxR,coxA,+,Strong
roxR-cioA,roxR,cioA,+,Strong
roxR-cioB,roxR,cioB,+,Strong
roxR-cyoD,roxR,cyoD,+,Strong
roxR-ccoQ2,roxR,ccoQ2,+,Strong
roxR-ccoQ1,roxR,ccoQ1,+,Strong
roxR-ccoO2,roxR,ccoO2,+,Strong
roxR-coxB,roxR,coxB,+,Strong
roxR-PA0107,roxR,PA0107,+,Strong
roxR-cyoC,roxR,cyoC,+,Strong
roxR-cyoB,roxR,cyoB,+,Strong
roxR-cyoA,roxR,cyoA,+,Strong
roxR-ccoP1,roxR,ccoP1,+,Strong
roxR-ccoP2,roxR,ccoP2,+,Strong
roxR-cyoE2,roxR,cyoE2,+,Strong
dauR-dauR,dauR,dauR,-,Strong
dauR-dauB,dauR,dauB,-,Strong
dauR-dauA,dauR,dauA,-,Strong
oxyR-pvdS,oxyR,pvdS,?,Strong
argP-PA4182,argP,PA4182,+,Strong
argP-PA4181,argP,PA4181,+,Strong
argP-PA4365,argP,PA4365,+,Strong
argR-astA,argR,astA,+,Strong
argR-astB,argR,astB,+,Strong
argR-astD,argR,astD,+,Strong
argR-astE,argR,astE,+,Strong
argR-sstT,argR,sstT,+,Strong
argR-PA3934,argR,PA3934,+,Strong
argR-alr,argR,alr,-,Strong
argR-dauR,argR,dauR,+,Strong
argR-aotP,argR,aotP,+,Strong
argR-aotQ,argR,aotQ,+,Strong
argR-PA4757,argR,PA4757,-,Strong
argR-PA4754,argR,PA4754,-,Strong
argR-dauB,argR,dauB,+,Strong
argR-dauA,argR,dauA,+,Strong
argR-aotM,argR,aotM,+,Strong
argR-aotO,argR,aotO,+,Strong
argR-PA0328,argR,PA0328,+,Strong
argR-aotJ,argR,aotJ,+,Strong
argR-argG,argR,argG,-,Strong
argR-PA5152,argR,PA5152,+,Strong
argR-PA5153,argR,PA5153,+,Strong
argR-PA0900,argR,PA0900,+,Strong
argR-PA5154,argR,PA5154,+,Strong
argR-PA5155,argR,PA5155,+,Strong
argR-braZ,argR,braZ,+,Strong
argR-oprD,argR,oprD,+,Strong
argR-aruG,argR,aruG,+,Strong
argR-gdhA,argR,gdhA,-,Strong
argR-greA,argR,greA,-,Strong
argR-gdhB,argR,gdhB,+,Strong
argR-lysP,argR,lysP,-,Strong
argR-PA3538,argR,PA3538,-,Strong
argR-aruH,argR,aruH,-,Strong
argR-gltB,argR,gltB,-,Strong
argR-argR,argR,argR,+,Strong
argR-arcD,argR,arcD,+,Strong
argR-arcA,argR,arcA,+,Strong
argR-arcB,argR,arcB,+,Strong
argR-arcC,argR,arcC,+,Strong
argR-carB,argR,carB,-,Strong
argR-carA,argR,carA,-,Strong
argR-gltD,argR,gltD,-,Strong
argR-argF,argR,argF,-,Strong
argR-aruC,argR,aruC,+,Strong
PA2206-PA0472,PA2206,PA0472,?,Strong
PA2206-femI,PA2206,femI,?,Strong
PA2206-pvdS,PA2206,pvdS,?,Strong
PA4853-exsB,PA4853,exsB,+,Strong
PA4853-exsA,PA4853,exsA,+,Strong
fhpR-hmp,fhpR,hmp,+,Strong
fhpR-fhpR,fhpR,fhpR,-,Strong
PA1261-PA1268,PA1261,PA1268,+,Strong
PA1261-PA1258,PA1261,PA1258,+,Strong
PA1261-PA1260,PA1261,PA1260,+,Strong
PA1261-PA1257,PA1261,PA1257,+,Strong
PA1261-PA1256,PA1261,PA1256,+,Strong
PA1261-PA1266,PA1261,PA1266,+,Strong
PA1261-PA1267,PA1261,PA1267,+,Strong
PA1261-PA1266.1,PA1261,PA1266.1,+,Strong
gntR-gnuT,gntR,gnuT,-,Strong
algW-mucA,algW,mucA,+,Strong
algW-algD,algW,algD,+,Strong
algW-algU,algW,algU,+,Strong
PA1182-dctA2,PA1182,dctA2,-,Strong
PA4354-xenB,PA4354,xenB,+,Strong
PA4354-PA4355,PA4354,PA4355,+,Strong
PA4354-PA4354,PA4354,PA4354,+,Strong
PA3898-PA5159,PA3898,PA5159,+,Strong
PA3898-PA5160,PA3898,PA5160,+,Strong
PA3898-mexB,PA3898,mexB,-,Strong
PA3898-oprM,PA3898,oprM,-,Strong
PA3898-mexA,PA3898,mexA,-,Strong
PA2667-cupA1,PA2667,cupA1,-,Strong
PA2667-aotJ,PA2667,aotJ,-,Strong
PA2050-PA2384,PA2050,PA2384,?,Strong
PA5295-pslO,PA5295,pslO,-,Strong
PA5295-pslA,PA5295,pslA,-,Strong
PA5295-pelA,PA5295,pelA,-,Strong
PA5295-pelB,PA5295,pelB,-,Strong
anr-narK2,anr,narK2,+,Strong
anr-narK1,anr,narK1,+,Strong
anr-nirQ,anr,nirQ,+,Strong
anr-narX,anr,narX,+,Strong
anr-nirS,anr,nirS,+,Strong
anr-PA2896,anr,PA2896,?,Strong
anr-plcH,anr,plcH,-,Strong
anr-norC,anr,norC,+,Strong
anr-narL,anr,narL,+,Strong
anr-narI,anr,narI,+,Strong
anr-narH,anr,narH,+,Strong
anr-anr,anr,anr,+,Strong
anr-narJ,anr,narJ,+,Strong
anr-narG,anr,narG,+,Strong
anr-PA1300,anr,PA1300,?,Strong
anr-PA0521,anr,PA0521,+,Strong
anr-murI,anr,murI,+-,Strong
anr-ccoO2,anr,ccoO2,+,Strong
anr-PA1746,anr,PA1746,+,Strong
anr-prmC,anr,prmC,+-,Strong
anr-PA3899,anr,PA3899,?,Strong
anr-adhA,anr,adhA,-,Strong
anr-dnr,anr,dnr,+,Strong
anr-hcnA,anr,hcnA,+,Strong
anr-hcnC,anr,hcnC,+,Strong
anr-hcnB,anr,hcnB,+,Strong
anr-ccoP2,anr,ccoP2,+,Strong
anr-PA4352,anr,PA4352,+,Strong
anr-prfA,anr,prfA,+,Strong
anr-PA0522,anr,PA0522,+,Strong
anr-cioA,anr,cioA,-,Strong
anr-cioB,anr,cioB,-,Strong
anr-oprE,anr,oprE,+,Strong
anr-PA3305.1,anr,PA3305.1,+,Strong
anr-PA1571,anr,PA1571,+,Strong
anr-ccmB,anr,ccmB,+,Strong
anr-ccoN2,anr,ccoN2,+,Strong
anr-glpT,anr,glpT,+,Strong
anr-aer,anr,aer,+,Strong
anr-hemN,anr,hemN,+,Strong
anr-norB,anr,norB,+,Strong
anr-hemA,anr,hemA,+,Strong
anr-hemF,anr,hemF,+,Strong
anr-arcD,anr,arcD,+,Strong
anr-ccoQ2,anr,ccoQ2,+,Strong
anr-moeB,anr,moeB,+-,Strong
anr-arcA,anr,arcA,+,Strong
anr-arcB,anr,arcB,+,Strong
anr-arcC,anr,arcC,+,Strong
anr-coxB,anr,coxB,-,Strong
anr-coxA,anr,coxA,-,Strong
anr-azu,anr,azu,+,Strong
anr-aroE,anr,aroE,+,Strong
PA0367-calB,PA0367,calB,-,Strong
PA0367-PA0365,PA0367,PA0365,-,Strong
PA0367-PA0364,PA0367,PA0364,-,Strong
PA4595-exsD,PA4595,exsD,-,Strong
PA4595-exsE,PA4595,exsE,-,Strong
PA4595-exsB,PA4595,exsB,-,Strong
PA4595-exsC,PA4595,exsC,-,Strong
PA4595-exsA,PA4595,exsA,-,Strong
PA4595-exoS,PA4595,exoS,-,Strong
PA4595-pscJ,PA4595,pscJ,-,Strong
PA4595-pscH,PA4595,pscH,-,Strong
PA4595-pscI,PA4595,pscI,-,Strong
PA4595-pscL,PA4595,pscL,-,Strong
PA4595-pscB,PA4595,pscB,-,Strong
PA4595-pscC,PA4595,pscC,-,Strong
PA4595-exoY,PA4595,exoY,-,Strong
PA4595-pscF,PA4595,pscF,-,Strong
PA4595-pscG,PA4595,pscG,-,Strong
PA4595-pscD,PA4595,pscD,-,Strong
PA4595-pscE,PA4595,pscE,-,Strong
PA4596-oprJ,PA4596,oprJ,-,Strong
PA4596-mexD,PA4596,mexD,-,Strong
PA4596-mexC,PA4596,mexC,-,Strong
liuR-liuR,liuR,liuR,-,Strong
liuR-liuB,liuR,liuB,-,Strong
liuR-liuC,liuR,liuC,-,Strong
liuR-liuA,liuR,liuA,-,Strong
liuR-liuD,liuR,liuD,-,Strong
liuR-liuE,liuR,liuE,-,Strong
erdR-acsA1,erdR,acsA1,+,Strong
PA4878-phoQ,PA4878,phoQ,-,Strong
PA4878-phoP,PA4878,phoP,-,Strong
PA4878-oprH,PA4878,oprH,-,Strong
PA4878-oprN,PA4878,oprN,+,Strong
PA4878-oprM,PA4878,oprM,+,Strong
PA4878-PA1875,PA4878,PA1875,+,Strong
PA4878-PA1874,PA4878,PA1874,+,Strong
PA4878-PA1877,PA4878,PA1877,+,Strong
PA4878-PA1876,PA4878,PA1876,+,Strong
PA4878-mexF,PA4878,mexF,+,Strong
PA4878-mexE,PA4878,mexE,+,Strong
PA4878-mexB,PA4878,mexB,+,Strong
PA4878-mexA,PA4878,mexA,+,Strong
vfr-lasR,vfr,lasR,+,Strong
vfr-exsA,vfr,exsA,+,Strong
vfr-cpdA,vfr,cpdA,+,Strong
vfr-ptxR,vfr,ptxR,+,Strong
vfr-algR,vfr,algR,+,Strong
vfr-fleQ,vfr,fleQ,-,Strong
vfr-eta,vfr,eta,+,Strong
vfr-rhlR,vfr,rhlR,+,Strong
vfr-toxR,vfr,toxR,+,Strong
vfr-amrZ,vfr,amrZ,+,Strong
vfr-vfr,vfr,vfr,+,Strong
toxR-orf1,toxR,orf1,+,Strong
toxR-tolR,toxR,tolR,+,Strong
toxR-tolQ,toxR,tolQ,+,Strong
toxR-eta,toxR,eta,+,Strong
toxR-tolB,toxR,tolB,+,Strong
toxR-tolA,toxR,tolA,+,Strong
toxR-pal,toxR,pal,+,Strong
PA2082-PA2082,PA2082,PA2082,+,Strong
PA2082-kynU,PA2082,kynU,+,Strong
PA2082-kynB,PA2082,kynB,+,Strong
PA2082-PA2079,PA2082,PA2079,+,Strong
PA2082-kynA,PA2082,kynA,+,Strong
betI-betB,betI,betB,-,Strong
betI-betA,betI,betA,-,Strong
betI-gbdR,betI,gbdR,-,Strong
trpI-trpB,trpI,trpB,+,Strong
trpI-trpA,trpI,trpA,+,Strong
nalC-armR,nalC,armR,-,Strong
nalC-mexA,nalC,mexA,-,Strong
PA0149-PA2384,PA0149,PA2384,?,Strong
PA3204-mexB,PA3204,mexB,+,Strong
PA3204-oprM,PA3204,oprM,+,Strong
PA3204-mexA,PA3204,mexA,+,Strong
PA5324-PA4139,PA5324,PA4139,?,Strong
PA5324-PA5088,PA5324,PA5088,?,Strong
PA5324-PA5087,PA5324,PA5087,?,Strong
PA5324-PA3327,PA5324,PA3327,?,Strong
PA5324-PA3520,PA5324,PA3520,?,Strong
PA5324-PA5324,PA5324,PA5324,?,Strong
PA5324-PA2569,PA5324,PA2569,?,Strong
PA5324-wzz,PA5324,wzz,?,Strong
PA5324-wbpM,PA5324,wbpM,?,Strong
PA5324-phzB1,PA5324,phzB1,?,Strong
PA5324-clpS,PA5324,clpS,?,Strong
PA5324-wbpE,PA5324,wbpE,?,Strong
PA5324-PA3047,PA5324,PA3047,?,Strong
PA5324-PA3044,PA5324,PA3044,?,Strong
PA5324-PA3045,PA5324,PA3045,?,Strong
PA5324-oprI,PA5324,oprI,?,Strong
PA5324-PA0643,PA5324,PA0643,?,Strong
PA5324-atpI,PA5324,atpI,?,Strong
PA5324-PA5546,PA5324,PA5546,?,Strong
PA5324-PA3519,PA5324,PA3519,?,Strong
PA5324-PA3291,PA5324,PA3291,?,Strong
PA5324-oprP,PA5324,oprP,?,Strong
PA5324-PA2793,PA5324,PA2793,?,Strong
PA5324-PA0845,PA5324,PA0845,?,Strong
PA5324-adcA,PA5324,adcA,?,Strong
PA5324-PA3190,PA5324,PA3190,?,Strong
PA5324-phzC1,PA5324,phzC1,?,Strong
PA5324-PA0499,PA5324,PA0499,?,Strong
PA5324-PA2223,PA5324,PA2223,?,Strong
PA5324-imm2,PA5324,imm2,?,Strong
PA5324-PA2229,PA5324,PA2229,?,Strong
PA5324-PA0718,PA5324,PA0718,?,Strong
PA5324-aroQ,PA5324,aroQ,?,Strong
PA5324-pys2,PA5324,pys2,?,Strong
PA5324-rplC,PA5324,rplC,?,Strong
PA5324-PA2698,PA5324,PA2698,?,Strong
PA5324-PA2461,PA5324,PA2461,?,Strong
PA5324-mrcA,PA5324,mrcA,?,Strong
PA5324-tyrS2,PA5324,tyrS2,?,Strong
PA5324-PA1383,PA5324,PA1383,?,Strong
PA5324-PA5446,PA5324,PA5446,?,Strong
PA5324-wbpJ,PA5324,wbpJ,?,Strong
PA5324-rpoC,PA5324,rpoC,?,Strong
PA5324-phzA1,PA5324,phzA1,?,Strong
PA5324-PA4080,PA5324,PA4080,?,Strong
PA5324-PA4087,PA5324,PA4087,?,Strong
PA5324-algD,PA5324,algD,?,Strong
PA5324-qscR,PA5324,qscR,?,Strong
PA5324-wbpA,PA5324,wbpA,?,Strong
PA5324-PA1656,PA5324,PA1656,?,Strong
PA5324-rpsG,PA5324,rpsG,?,Strong
PA5324-PA3835,PA5324,PA3835,?,Strong
PA5324-nuoA2,PA5324,nuoA2,?,Strong
PA5324-PA0691,PA5324,PA0691,?,Strong
PA5324-PA2373,PA5324,PA2373,?,Strong
PA5324-hisF2,PA5324,hisF2,?,Strong
PA5324-phzF2,PA5324,phzF2,?,Strong
PA5324-PA0959,PA5324,PA0959,?,Strong
PA5324-PA3489,PA5324,PA3489,?,Strong
PA5324-cupB3,PA5324,cupB3,?,Strong
PA5324-bfrB,PA5324,bfrB,?,Strong
PA5324-arnB,PA5324,arnB,?,Strong
PA5324-amrZ,PA5324,amrZ,?,Strong
PA5324-PA2459,PA5324,PA2459,?,Strong
PA5324-phzG1,PA5324,phzG1,?,Strong
PA5324-flp,PA5324,flp,?,Strong
PA5324-PA1372,PA5324,PA1372,?,Strong
PA5324-PA1370,PA5324,PA1370,?,Strong
PA5324-PA1371,PA5324,PA1371,?,Strong
PA5324-dnaA,PA5324,dnaA,?,Strong
PA5324-cupC3,PA5324,cupC3,?,Strong
PA5324-PA0042,PA5324,PA0042,?,Strong
PA5324-phzE1,PA5324,phzE1,?,Strong
PA5324-PA4202,PA5324,PA4202,?,Strong
PA5324-phzD1,PA5324,phzD1,?,Strong
PA5324-aprA,PA5324,aprA,?,Strong
PA5324-hisH2,PA5324,hisH2,?,Strong
PA5324-acpP1,PA5324,acpP1,?,Strong
PA5324-phzH,PA5324,phzH,?,Strong
PA5324-PA0874,PA5324,PA0874,?,Strong
PA5324-PA0041a,PA5324,PA0041a,?,Strong
PA5324-gyrA,PA5324,gyrA,?,Strong
PA5324-PA3866,PA5324,PA3866,?,Strong
PA5324-PA3309,PA5324,PA3309,?,Strong
PA5324-PA4523,PA5324,PA4523,?,Strong
PA5324-fimV,PA5324,fimV,?,Strong
PA5324-PA0984,PA5324,PA0984,?,Strong
PA5324-dusA,PA5324,dusA,?,Strong
PA5324-PA0981,PA5324,PA0981,?,Strong
PA5324-PA3290,PA5324,PA3290,?,Strong
PA2449-gcvP1,PA2449,gcvP1,+,Strong
PA2449-gcvH1,PA2449,gcvH1,+,Strong
PA2449-glyA2,PA2449,glyA2,+,Strong
PA2449-gcvT2,PA2449,gcvT2,+,Strong
PA2449-sdaA,PA2449,sdaA,+,Strong
iscR-hscB,iscR,hscB,-,Strong
iscR-iscU,iscR,iscU,-,Strong
iscR-hscA,iscR,hscA,-,Strong
iscR-nfuA,iscR,nfuA,+,Strong
iscR-iscS,iscR,iscS,-,Strong
iscR-iscA,iscR,iscA,-,Strong
iscR-PA3808,iscR,PA3808,-,Strong
iscR-fdx,iscR,fdx,-,Strong
iscR-PA4615,iscR,PA4615,+,Strong
pilA-pilA,pilA,pilA,-,Strong
csrA-foxI,csrA,foxI,?,Strong
csrA-PA3899,csrA,PA3899,?,Strong
csrA-PA0472,csrA,PA0472,?,Strong
csrA-femI,csrA,femI,?,Strong
csrA-PA1300,csrA,PA1300,?,Strong
csrA-pvdS,csrA,pvdS,?,Strong
gpuR-gpuR,gpuR,gpuR,+,Strong
gpuR-gpuP,gpuR,gpuP,+,Strong
gpuR-gpuA,gpuR,gpuA,+,Strong
pchR-PA3836,pchR,PA3836,?,Strong
pchR-PA3835,pchR,PA3835,?,Strong
pchR-PA5088,pchR,PA5088,?,Strong
pchR-PA3691,pchR,PA3691,?,Strong
pchR-PA0042,pchR,PA0042,?,Strong
pchR-PA5087,pchR,PA5087,?,Strong
pchR-PA4139,pchR,PA4139,?,Strong
pchR-dusA,pchR,dusA,?,Strong
pchR-PA3327,pchR,PA3327,?,Strong
pchR-PA3520,pchR,PA3520,?,Strong
pchR-rsmY,pchR,rsmY,?,Strong
pchR-wbpG,pchR,wbpG,?,Strong
pchR-phzD1,pchR,phzD1,?,Strong
pchR-wbpH,pchR,wbpH,?,Strong
pchR-wzz,pchR,wzz,?,Strong
pchR-hisF2,pchR,hisF2,?,Strong
pchR-wbpM,pchR,wbpM,?,Strong
pchR-phzF2,pchR,phzF2,?,Strong
pchR-phzB1,pchR,phzB1,?,Strong
pchR-PA2698,pchR,PA2698,?,Strong
pchR-hisH2,pchR,hisH2,?,Strong
pchR-phzE1,pchR,phzE1,?,Strong
pchR-acpP1,pchR,acpP1,?,Strong
pchR-phzH,pchR,phzH,?,Strong
pchR-PA3044,pchR,PA3044,?,Strong
pchR-PA3045,pchR,PA3045,?,Strong
pchR-PA0041a,pchR,PA0041a,?,Strong
pchR-PA3866,pchR,PA3866,?,Strong
pchR-PA0643,pchR,PA0643,?,Strong
pchR-rpoC,pchR,rpoC,?,Strong
pchR-phzA1,pchR,phzA1,?,Strong
pchR-PA4080,pchR,PA4080,?,Strong
pchR-PA4087,pchR,PA4087,?,Strong
pchR-PA3290,pchR,PA3290,?,Strong
pchR-algD,pchR,algD,?,Strong
pchR-bfrB,pchR,bfrB,?,Strong
pchR-fimV,pchR,fimV,?,Strong
pchR-phzG1,pchR,phzG1,?,Strong
pchR-PA0986,pchR,PA0986,?,Strong
pchR-PA2667,pchR,PA2667,?,Strong
pchR-phzC1,pchR,phzC1,?,Strong
pchR-PA1372,pchR,PA1372,?,Strong
pchR-PA5232,pchR,PA5232,?,Strong
pchR-PA0981,pchR,PA0981,?,Strong
pchR-arcD,pchR,arcD,?,Strong
pchR-PA3190,pchR,PA3190,?,Strong
pchR-PA0499,pchR,PA0499,?,Strong
pchR-PA0984,pchR,PA0984,?,Strong
pchR-arnB,pchR,arnB,?,Strong
atuR-atuD,atuR,atuD,-,Strong
atuR-atuE,atuR,atuE,-,Strong
atuR-atuF,atuR,atuF,-,Strong
atuR-atuG,atuR,atuG,-,Strong
atuR-atuA,atuR,atuA,-,Strong
atuR-atuB,atuR,atuB,-,Strong
atuR-atuC,atuR,atuC,-,Strong
atuR-atuH,atuR,atuH,-,Strong
PA3345-PA3347,PA3345,PA3347,+,Strong
PA3345-PA3346,PA3345,PA3346,-,Strong
pmrA-PA3559,pmrA,PA3559,+,Strong
pmrA-arnT,pmrA,arnT,+,Strong
pmrA-pmrB,pmrA,pmrB,+,Strong
pmrA-pmrA,pmrA,pmrA,+,Strong
pmrA-arnC,pmrA,arnC,+,Strong
pmrA-arnB,pmrA,arnB,+,Strong
pmrA-arnA,pmrA,arnA,+,Strong
pmrA-arnF,pmrA,arnF,+,Strong
pmrA-arnE,pmrA,arnE,+,Strong
pmrA-arnD,pmrA,arnD,+,Strong
lasR-aroQ,lasR,aroQ,?,Strong
lasR-plcB,lasR,plcB,+,Strong
lasR-hvn,lasR,hvn,+,Strong
lasR-PA4677,lasR,PA4677,?,Strong
lasR-PA2588,lasR,PA2588,+,Strong
lasR-kynU,lasR,kynU,+,Strong
lasR-inh,lasR,inh,+,Strong
lasR-pvdS,lasR,pvdS,+,Strong
lasR-nuh,lasR,nuh,+,Strong
lasR-rhlB,lasR,rhlB,+,Strong
lasR-flp,lasR,flp,+,Strong
lasR-aprE,lasR,aprE,+,Strong
lasR-aprD,lasR,aprD,+,Strong
lasR-phzD1,lasR,phzD1,+,Strong
lasR-aprF,lasR,aprF,+,Strong
lasR-aprA,lasR,aprA,+,Strong
lasR-xcpQ,lasR,xcpQ,+,Strong
lasR-xcpP,lasR,xcpP,+,Strong
lasR-phzB1,lasR,phzB1,+,Strong
lasR-rhlA,lasR,rhlA,+,Strong
lasR-PA3535.1,lasR,PA3535.1,-,Strong
lasR-PA1159,lasR,PA1159,?,Strong
lasR-pqsD,lasR,pqsD,+,Strong
lasR-pqsE,lasR,pqsE,+,Strong
lasR-acpP1,lasR,acpP1,+,Strong
lasR-pqsA,lasR,pqsA,+,Strong
lasR-pqsB,lasR,pqsB,+,Strong
lasR-pqsC,lasR,pqsC,+,Strong
lasR-hcnA,lasR,hcnA,+,Strong
lasR-hcnC,lasR,hcnC,+,Strong
lasR-hcnB,lasR,hcnB,+,Strong
lasR-pqsH,lasR,pqsH,+,Strong
lasR-aprX,lasR,aprX,+,Strong
lasR-phzM,lasR,phzM,+,Strong
lasR-pslK,lasR,pslK,+,Strong
lasR-rhlG,lasR,rhlG,+,Strong
lasR-pslI,lasR,pslI,+,Strong
lasR-pslH,lasR,pslH,+,Strong
lasR-phnC2,lasR,phnC2,+,Strong
lasR-pslL,lasR,pslL,+,Strong
lasR-pslC,lasR,pslC,+,Strong
lasR-pslB,lasR,pslB,+,Strong
lasR-pslA,lasR,pslA,+,Strong
lasR-rpoS,lasR,rpoS,+,Strong
lasR-pslF,lasR,pslF,+,Strong
lasR-pslE,lasR,pslE,+,Strong
lasR-pslD,lasR,pslD,+,Strong
lasR-phzA1,lasR,phzA1,+,Strong
lasR-lasB,lasR,lasB,+,Strong
lasR-rhlR,lasR,rhlR,+,Strong
lasR-amrZ,lasR,amrZ,?,Strong
lasR-PA3535,lasR,PA3535,?,Strong
lasR-lasI,lasR,lasI,+,Strong
lasR-pslG,lasR,pslG,+,Strong
lasR-rhlI,lasR,rhlI,+,Strong
lasR-lap,lasR,lap,?,Strong
lasR-lpdV,lasR,lpdV,+,Strong
lasR-rsaL,lasR,rsaL,+,Strong
lasR-pslJ,lasR,pslJ,+,Strong
lasR-mexR,lasR,mexR,+,Strong
lasR-bphP,lasR,bphP,+,Strong
lasR-phzC1,lasR,phzC1,+,Strong
lasR-phzF1,lasR,phzF1,+,Strong
lasR-PA5232,lasR,PA5232,?,Strong
lasR-clpP2,lasR,clpP2,?,Strong
lasR-mvfR,lasR,mvfR,+,Strong
lasR-clpP1,lasR,clpP1,+,Strong
lasR-vqsR,lasR,vqsR,+,Strong
lasR-bphO,lasR,bphO,+,Strong
lasR-tpbA,lasR,tpbA,+,Strong
lasR-kynB,lasR,kynB,+,Strong
lasR-PA1656,lasR,PA1656,?,Strong
lasR-PA0028,lasR,PA0028,?,Strong
bauR-bauD,bauR,bauD,+,Strong
bauR-bauA,bauR,bauA,+,Strong
bauR-bauB,bauR,bauB,+,Strong
bauR-bauC,bauR,bauC,+,Strong
bauR-bauR,bauR,bauR,+,Strong
bauR-PA1566,bauR,PA1566,+,Strong
mucC-algU,mucC,algU,-,Strong
mucB-algU,mucB,algU,-,Strong
mucD-algU,mucD,algU,-,Strong
exsD-exsA,exsD,exsA,-,Strong
exsE-exsC,exsE,exsC,-,Strong
exsC-exsD,exsC,exsD,-,Strong
exsA-PA0456,exsA,PA0456,?,Strong
exsA-pscJ,exsA,pscJ,+,Strong
exsA-pscK,exsA,pscK,+,Strong
exsA-pscH,exsA,pscH,+,Strong
exsA-pscI,exsA,pscI,+,Strong
exsA-pscL,exsA,pscL,+,Strong
exsA-pscB,exsA,pscB,+,Strong
exsA-pscC,exsA,pscC,+,Strong
exsA-pscF,exsA,pscF,+,Strong
exsA-pscG,exsA,pscG,+,Strong
exsA-pscD,exsA,pscD,+,Strong
exsA-pscE,exsA,pscE,+,Strong
exsA-exsD,exsA,exsD,+,Strong
exsA-exsE,exsA,exsE,+,Strong
exsA-exsB,exsA,exsB,+,Strong
exsA-exsC,exsA,exsC,+,Strong
exsA-exsA,exsA,exsA,+,Strong
exsA-pqsD,exsA,pqsD,?,Strong
exsA-pqsE,exsA,pqsE,?,Strong
exsA-pqsA,exsA,pqsA,?,Strong
exsA-pqsB,exsA,pqsB,?,Strong
exsA-pqsC,exsA,pqsC,?,Strong
exsA-PA3843,exsA,PA3843,+,Strong
exsA-orf1,exsA,orf1,+,Strong
exsA-surA,exsA,surA,?,Strong
exsA-PA2004,exsA,PA2004,?,Strong
exsA-exoT,exsA,exoT,+,Strong
exsA-exoS,exsA,exoS,+,Strong
pruR-putA,pruR,putA,+,Strong
rhlR-lecA,rhlR,lecA,+,Strong
rhlR-lecB,rhlR,lecB,+,Strong
rhlR-PA0165,rhlR,PA0165,?,Strong
rhlR-pchF,rhlR,pchF,?,Strong
rhlR-PA1131,rhlR,PA1131,+,Strong
rhlR-PA3564,rhlR,PA3564,?,Strong
rhlR-pqsD,rhlR,pqsD,-,Strong
rhlR-pqsE,rhlR,pqsE,-,Strong
rhlR-pqsA,rhlR,pqsA,-,Strong
rhlR-pqsB,rhlR,pqsB,-,Strong
rhlR-pqsC,rhlR,pqsC,-,Strong
rhlR-hcnA,rhlR,hcnA,+,Strong
rhlR-hcnC,rhlR,hcnC,+,Strong
rhlR-hcnB,rhlR,hcnB,+,Strong
rhlR-rhlB,rhlR,rhlB,+,Strong
rhlR-rhlA,rhlR,rhlA,+,Strong
rhlR-mvfR,rhlR,mvfR,-,Strong
rhlR-rhlI,rhlR,rhlI,+,Strong
rhlR-rmlC,rhlR,rmlC,+,Strong
rhlR-rmlB,rhlR,rmlB,+,Strong
rhlR-lasB,rhlR,lasB,+,Strong
rhlR-PA0883,rhlR,PA0883,?,Strong
rhlR-rmlD,rhlR,rmlD,+,Strong
rhlR-rmlA,rhlR,rmlA,+,Strong
rhlR-PA1473,rhlR,PA1473,?,Strong
rhlR-desB,rhlR,desB,?,Strong
fur-foxI,fur,foxI,-,Strong
fur-phuR,fur,phuR,+,Strong
fur-pchR,fur,pchR,-,Strong
fur-gbuR,fur,gbuR,-,Strong
fur-phuT,fur,phuT,+,Strong
fur-tolR,fur,tolR,-,Strong
fur-tolQ,fur,tolQ,-,Strong
fur-PA0149,fur,PA0149,?,Strong
fur-hasAp,fur,hasAp,-,Strong
fur-pchF,fur,pchF,-,Strong
fur-PA2050,fur,PA2050,?,Strong
fur-pchD,fur,pchD,-,Strong
fur-pchC,fur,pchC,-,Strong
fur-pchB,fur,pchB,-,Strong
fur-pchA,fur,pchA,-,Strong
fur-pvdQ,fur,pvdQ,+,Strong
fur-tolB,fur,tolB,-,Strong
fur-tolA,fur,tolA,-,Strong
fur-foxR,fur,foxR,-,Strong
fur-piuC,fur,piuC,-,Strong
fur-rplA,fur,rplA,+,Strong
fur-PA1300,fur,PA1300,?,Strong
fur-PA3899,fur,PA3899,?,Strong
fur-rplJ,fur,rplJ,+,Strong
fur-femI,fur,femI,?,Strong
fur-pal,fur,pal,-,Strong
fur-pfeR,fur,pfeR,-,Strong
fur-fpvR,fur,fpvR,+,Strong
fur-fptB,fur,fptB,+,Strong
fur-PA3410,fur,PA3410,?,Strong
fur-PA3530,fur,PA3530,-,Strong
fur-fptA,fur,fptA,+,Strong
fur-fpvI,fur,fpvI,-,Strong
fur-fagA,fur,fagA,-,Strong
fur-PA0472,fur,PA0472,?,Strong
fur-PA4896,fur,PA4896,?,Strong
fur-pchE,fur,pchE,-,Strong
fur-eta,fur,eta,-,Strong
fur-rplL,fur,rplL,+,Strong
fur-PrrF2,fur,PrrF2,+,Strong
fur-PrrF1,fur,PrrF1,+,Strong
fur-icmP,fur,icmP,+,Strong
fur-hasR,fur,hasR,+,Strong
fur-pvdS,fur,pvdS,-,Strong
ptxR-kguT,ptxR,kguT,+,Strong
ptxR-eta,ptxR,eta,+,Strong
ptxR-ptxS,ptxR,ptxS,+,Strong
ptxR-pvcD,ptxR,pvcD,+,Strong
ptxR-pvcC,ptxR,pvcC,+,Strong
ptxR-pvcB,ptxR,pvcB,+,Strong
ptxR-pvcA,ptxR,pvcA,+,Strong
ptxR-kguE,ptxR,kguE,+,Strong
ptxR-kguK,ptxR,kguK,+,Strong
ptxR-PA2265,ptxR,PA2265,+,Strong
ptxR-kguD,ptxR,kguD,+,Strong
ptxS-kguT,ptxS,kguT,+,Strong
ptxS-ptxR,ptxS,ptxR,-,Strong
ptxS-kguE,ptxS,kguE,+,Strong
ptxS-kguD,ptxS,kguD,+,Strong
ptxS-kguK,ptxS,kguK,+,Strong
ptxS-PA2265,ptxS,PA2265,+,Strong
armR-mexR,armR,mexR,-,Strong
PA3398-PA3398,PA3398,PA3398,-,Strong
PA3398-fpr,PA3398,fpr,+,Strong
foxI-foxA,foxI,foxA,+,Strong
gacS-gacA,gacS,gacA,+,Strong
soxR-cobB2,soxR,cobB2,?,Strong
soxR-PA4340,soxR,PA4340,?,Strong
soxR-PA4676,soxR,PA4676,?,Strong
soxR-PA4586,soxR,PA4586,?,Strong
soxR-PA1200,soxR,PA1200,?,Strong
soxR-PA4570,soxR,PA4570,?,Strong
soxR-glnD,soxR,glnD,?,Strong
soxR-PA0344,soxR,PA0344,?,Strong
soxR-ppgL,soxR,ppgL,?,Strong
soxR-PA3328,soxR,PA3328,?,Strong
soxR-PA2502,soxR,PA2502,?,Strong
soxR-PA4987,soxR,PA4987,?,Strong
soxR-PA3892,soxR,PA3892,?,Strong
soxR-PA4510,soxR,PA4510,?,Strong
soxR-PA4735,soxR,PA4735,?,Strong
soxR-PA1012,soxR,PA1012,?,Strong
soxR-PA3759,soxR,PA3759,?,Strong
soxR-PA4291,soxR,PA4291,?,Strong
soxR-acpP1,soxR,acpP1,?,Strong
soxR-PA5149.1,soxR,PA5149.1,?,Strong
soxR-lpdV,soxR,lpdV,?,Strong
soxR-PA0570,soxR,PA0570,?,Strong
soxR-PA0874,soxR,PA0874,?,Strong
soxR-lysC,soxR,lysC,?,Strong
soxR-opmD,soxR,opmD,?,Strong
soxR-rhlR,soxR,rhlR,?,Strong
soxR-amiC,soxR,amiC,?,Strong
soxR-mexH,soxR,mexH,?,Strong
soxR-mexI,soxR,mexI,?,Strong
soxR-pyrG,soxR,pyrG,?,Strong
soxR-mexG,soxR,mexG,?,Strong
soxR-amiR,soxR,amiR,?,Strong
soxR-PA4685,soxR,PA4685,?,Strong
soxR-PA3592,soxR,PA3592,?,Strong
soxR-PA2004,soxR,PA2004,?,Strong
soxR-PA3761,soxR,PA3761,?,Strong
soxR-cat,soxR,cat,?,Strong
soxR-PA2274,soxR,PA2274,+,Strong
soxR-PA4289,soxR,PA4289,?,Strong
gacA-PA2874,gacA,PA2874,?,Strong
gacA-PA3973,gacA,PA3973,?,Strong
gacA-cobB2,gacA,cobB2,?,Strong
gacA-PA0557,gacA,PA0557,?,Strong
gacA-PA0028,gacA,PA0028,?,Strong
gacA-speH,gacA,speH,?,Strong
gacA-rsmZ,gacA,rsmZ,+,Strong
gacA-rsmY,gacA,rsmY,+,Strong
gacA-PA3328,gacA,PA3328,?,Strong
gacA-PA0851,gacA,PA0851,?,Strong
gacA-PA1012,gacA,PA1012,?,Strong
gacA-PA5149.1,gacA,PA5149.1,?,Strong
gacA-pauA,gacA,pauA,?,Strong
gacA-mutY,gacA,mutY,?,Strong
gacA-pslJ,gacA,pslJ,?,Strong
gacA-PA0157,gacA,PA0157,?,Strong
gacA-PA2864,gacA,PA2864,?,Strong
gacA-PA0158,gacA,PA0158,?,Strong
gacA-PA5543,gacA,PA5543,?,Strong
gacA-PA3510,gacA,PA3510,?,Strong
gacA-PA4312,gacA,PA4312,?,Strong
gacA-PA2471,gacA,PA2471,?,Strong
gacA-PA1069,gacA,PA1069,?,Strong
gacA-PA3592,gacA,PA3592,?,Strong
gacA-PA3214,gacA,PA3214,?,Strong
gacA-PA4896,gacA,PA4896,?,Strong
gacA-PA3325,gacA,PA3325,?,Strong
gacA-PA3761,gacA,PA3761,?,Strong
gacA-PA3110,gacA,PA3110,?,Strong
gacA-csrA,gacA,csrA,+,Strong
gacA-aguR,gacA,aguR,?,Strong
gacA-desB,gacA,desB,?,Strong
gacA-PA0277,gacA,PA0277,?,Strong
gacA-PA4019,gacA,PA4019,?,Strong
gacA-PA4654,gacA,PA4654,?,Strong
gacA-PA0165,gacA,PA0165,?,Strong
gacA-pchG,gacA,pchG,?,Strong
gacA-pchF,gacA,pchF,?,Strong
gacA-PA3342,gacA,PA3342,?,Strong
gacA-cobH,gacA,cobH,?,Strong
gacA-ppgL,gacA,ppgL,?,Strong
gacA-pelC,gacA,pelC,?,Strong
gacA-pelB,gacA,pelB,?,Strong
gacA-xcpT,gacA,xcpT,?,Strong
gacA-PA3892,gacA,PA3892,?,Strong
gacA-PA0344,gacA,PA0344,?,Strong
gacA-PA3899,gacA,PA3899,?,Strong
gacA-PA1300,gacA,PA1300,?,Strong
gacA-PA3457,gacA,PA3457,?,Strong
gacA-lasR,gacA,lasR,+,Strong
gacA-PA0172,gacA,PA0172,?,Strong
gacA-PA4488,gacA,PA4488,?,Strong
gacA-PA4948,gacA,PA4948,?,Strong
gacA-PA3375,gacA,PA3375,?,Strong
gacA-PA3077,gacA,PA3077,?,Strong
gacA-PA3572,gacA,PA3572,?,Strong
gacA-recD,gacA,recD,?,Strong
gacA-PA4340,gacA,PA4340,?,Strong
gacA-PA4171,gacA,PA4171,?,Strong
gacA-eddB,gacA,eddB,?,Strong
gacA-PA4676,gacA,PA4676,?,Strong
gacA-PA5167,gacA,PA5167,?,Strong
gacA-lldA,gacA,lldA,?,Strong
gacA-pvdS,gacA,pvdS,?,Strong
gacA-PA1055,gacA,PA1055,?,Strong
gacA-PA0691,gacA,PA0691,?,Strong
gacA-PA0102,gacA,PA0102,?,Strong
gacA-PA5517,gacA,PA5517,?,Strong
gacA-PA3959,gacA,PA3959,?,Strong
gacA-tonB,gacA,tonB,?,Strong
gacA-exsB,gacA,exsB,?,Strong
gacA-PA4987,gacA,PA4987,?,Strong
gacA-PA3564,gacA,PA3564,?,Strong
gacA-PA4475,gacA,PA4475,?,Strong
gacA-lpdV,gacA,lpdV,?,Strong
gacA-rhlE,gacA,rhlE,?,Strong
gacA-rhlR,gacA,rhlR,?,Strong
gacA-greB,gacA,greB,?,Strong
gacA-PA4586,gacA,PA4586,?,Strong
gacA-aruI,gacA,aruI,?,Strong
gacA-PA4992,gacA,PA4992,?,Strong
gacA-PA5210,gacA,PA5210,?,Strong
gacA-PA2958.1,gacA,PA2958.1,+,Strong
gacA-PA3313,gacA,PA3313,?,Strong
gacA-PA1107,gacA,PA1107,?,Strong
gacA-PA1473,gacA,PA1473,?,Strong
gacA-PA2301,gacA,PA2301,?,Strong
gacA-PA0802,gacA,PA0802,?,Strong
gacA-foxI,gacA,foxI,?,Strong
gacA-PA4112,gacA,PA4112,?,Strong
gacA-PA2588,gacA,PA2588,?,Strong
gacA-PA5342,gacA,PA5342,?,Strong
gacA-PA1200,gacA,PA1200,?,Strong
gacA-cyoA,gacA,cyoA,?,Strong
gacA-PA4611,gacA,PA4611,?,Strong
gacA-aprE,gacA,aprE,?,Strong
gacA-PA2502,gacA,PA2502,?,Strong
gacA-PA3309,gacA,PA3309,?,Strong
gacA-PA4510,gacA,PA4510,?,Strong
gacA-PA1363,gacA,PA1363,?,Strong
gacA-glnD,gacA,glnD,?,Strong
gacA-PA4925,gacA,PA4925,?,Strong
gacA-PA4291,gacA,PA4291,?,Strong
gacA-hcnA,gacA,hcnA,+,Strong
gacA-hcnC,gacA,hcnC,+,Strong
gacA-hcnB,gacA,hcnB,+,Strong
gacA-dsbE,gacA,dsbE,?,Strong
gacA-PA1287,gacA,PA1287,?,Strong
gacA-PA0874,gacA,PA0874,?,Strong
gacA-PA0041a,gacA,PA0041a,?,Strong
gacA-PA0703,gacA,PA0703,?,Strong
gacA-amiC,gacA,amiC,?,Strong
gacA-PA0138,gacA,PA0138,?,Strong
gacA-PA1211,gacA,PA1211,?,Strong
gacA-PA3533,gacA,PA3533,?,Strong
gacA-PA0540,gacA,PA0540,?,Strong
gacA-liuE,gacA,liuE,?,Strong
gacA-pyrG,gacA,pyrG,?,Strong
gacA-PA2504,gacA,PA2504,?,Strong
gacA-PA0422,gacA,PA0422,?,Strong
gacA-PA5136,gacA,PA5136,?,Strong
gacA-amiR,gacA,amiR,?,Strong
gacA-PA4685,gacA,PA4685,?,Strong
gacA-PA3669,gacA,PA3669,?,Strong
gacA-PA3749,gacA,PA3749,?,Strong
gacA-vreI,gacA,vreI,?,Strong
gacA-PA4289,gacA,PA4289,?,Strong
gacA-PA1295,gacA,PA1295,?,Strong
mexR-nalC,mexR,nalC,-,Strong
mexR-mexT,mexR,mexT,-,Strong
mexR-mexB,mexR,mexB,-,Strong
mexR-oprM,mexR,oprM,-,Strong
mexR-mexA,mexR,mexA,-,Strong
ampR-PA2896,ampR,PA2896,?,Strong
ampR-poxB,ampR,poxB,+,Strong
ampR-PA0149,ampR,PA0149,?,Strong
ampR-mexF,ampR,mexF,+,Strong
ampR-pvdS,ampR,pvdS,?,Strong
ampR-ampDh2,ampR,ampDh2,+,Strong
ampR-ampDh3,ampR,ampDh3,+,Strong
ampR-rsmZ,ampR,rsmZ,+,Strong
ampR-creD,ampR,creD,-,Strong
ampR-nagZ,ampR,nagZ,+,Strong
ampR-femI,ampR,femI,?,Strong
ampR-ampC,ampR,ampC,+,Strong
ampR-rpoS,ampR,rpoS,+,Strong
ampR-lasR,ampR,lasR,-,Strong
ampR-oprN,ampR,oprN,+,Strong
ampR-mvfR,ampR,mvfR,+,Strong
ampR-mexT,ampR,mexT,-,Strong
ampR-ampG,ampR,ampG,+,Strong
ampR-ampD,ampR,ampD,+,Strong
ampR-algU,ampR,algU,-,Strong
ampR-lasA,ampR,lasA,-,Strong
ampR-lasB,ampR,lasB,+,Strong
ampR-rhlR,ampR,rhlR,+,Strong
ampR-algB,ampR,algB,-,Strong
ampR-lasI,ampR,lasI,-,Strong
ampR-mexE,ampR,mexE,+,Strong
ampR-prtR,ampR,prtR,+,Strong
ampR-PA4218,ampR,PA4218,+,Strong
crc-rpoS,crc,rpoS,-,Strong
crc-PA1182,crc,PA1182,-,Strong
crc-PA5530,crc,PA5530,+,Strong
crc-prpC,crc,prpC,-,Strong
crc-nirS,crc,nirS,+,Strong
crc-PA2486,crc,PA2486,+,Strong
crc-cpdA,crc,cpdA,-,Strong
crc-ptrB,crc,ptrB,-,Strong
crc-gltR,crc,gltR,-,Strong
crc-PA0886,crc,PA0886,-,Strong
crc-PA0885,crc,PA0885,-,Strong
crc-PA0884,crc,PA0884,-,Strong
crc-acsA1,crc,acsA1,-,Strong
crc-fimL,crc,fimL,-,Strong
pprB-PA4652,pprB,PA4652,+,Strong
pprB-PA4653,pprB,PA4653,+,Strong
pprB-PA4650,pprB,PA4650,+,Strong
pprB-PA4651,pprB,PA4651,+,Strong
pprB-rcpA,pprB,rcpA,+,Strong
pprB-rcpC,pprB,rcpC,+,Strong
pprB-PA1875,pprB,PA1875,+,Strong
pprB-PA1874,pprB,PA1874,+,Strong
pprB-PA4294,pprB,PA4294,+,Strong
pprB-PA1876,pprB,PA1876,+,Strong
pprB-tadG,pprB,tadG,+,Strong
pprB-PA4299,pprB,PA4299,+,Strong
pprB-tadA,pprB,tadA,+,Strong
pprB-tadC,pprB,tadC,+,Strong
pprB-tadB,pprB,tadB,+,Strong
pprB-PA1877,pprB,PA1877,+,Strong
pprB-PA4649,pprB,PA4649,+,Strong
pprB-PA4648,pprB,PA4648,+,Strong
pprB-PA4298,pprB,PA4298,+,Strong
pprB-flp,pprB,flp,+,Strong
pprB-pprB,pprB,pprB,-,Strong
pprB-pprA,pprB,pprA,+,Strong
vreI-vreR,vreI,vreR,?,Strong
vreI-PA2384,vreI,PA2384,?,Strong
vreI-PA0149,vreI,PA0149,?,Strong
vreI-PA5403,vreI,PA5403,?,Strong
flgM-fliA,flgM,fliA,-,Strong
flgM-fliC,flgM,fliC,-,Strong
PA2010-hmgA,PA2010,hmgA,-,Strong
mvaT-oprN,mvaT,oprN,-,Strong
mvaT-ptxS,mvaT,ptxS,+,Strong
mvaT-oprD,mvaT,oprD,+,Strong
mvaT-rsmZ,mvaT,rsmZ,-,Strong
mvaT-cupA1,mvaT,cupA1,-,Strong
mvaT-aotJ,mvaT,aotJ,-,Strong
mvaT-sigX,mvaT,sigX,?,Strong
mvaT-mexF,mvaT,mexF,-,Strong
mvaT-cupC1,mvaT,cupC1,-,Strong
mvaT-mexE,mvaT,mexE,-,Strong
mvaT-cupB1,mvaT,cupB1,-,Strong
mexZ-mexX,mexZ,mexX,-,Strong
mexZ-mexY,mexZ,mexY,-,Strong
mifR-PA5530,mifR,PA5530,+,Strong
mexT-lldP,mexT,lldP,-,Strong
mexT-PA2486,mexT,PA2486,+,Strong
mexT-phnA,mexT,phnA,-,Strong
mexT-PA1942,mexT,PA1942,+,Strong
mexT-phnB,mexT,phnB,-,Strong
mexT-PA2812,mexT,PA2812,+,Strong
mexT-PA2813,mexT,PA2813,+,Strong
mexT-PA2811,mexT,PA2811,+,Strong
mexT-xenB,mexT,xenB,+,Strong
mexT-pscE,mexT,pscE,-,Strong
mexT-PA3205,mexT,PA3205,+,Strong
mexT-PA2759,mexT,PA2759,+,Strong
mexT-PA4772,mexT,PA4772,-,Strong
mexT-PA4881,mexT,PA4881,+,Strong
mexT-rhlA,mexT,rhlA,-,Strong
mexT-fabH,mexT,fabH,-,Strong
mexT-pqsD,mexT,pqsD,-,Strong
mexT-pqsE,mexT,pqsE,-,Strong
mexT-cbpD,mexT,cbpD,-,Strong
mexT-pqsA,mexT,pqsA,-,Strong
mexT-pqsB,mexT,pqsB,-,Strong
mexT-pqsC,mexT,pqsC,-,Strong
mexT-hcnA,mexT,hcnA,-,Strong
mexT-hcnC,mexT,hcnC,-,Strong
mexT-hcnB,mexT,hcnB,-,Strong
mexT-exsA,mexT,exsA,-,Strong
mexT-PA2491,mexT,PA2491,+,Strong
mexT-PA4623,mexT,PA4623,+,Strong
mexT-oprN,mexT,oprN,+,Strong
mexT-PA4355,mexT,PA4355,+,Strong
mexT-PA4354,mexT,PA4354,+,Strong
mexT-PA1970,mexT,PA1970,+,Strong
mexT-mexT,mexT,mexT,+,Strong
mexT-acpP2,mexT,acpP2,-,Strong
mexT-oprD,mexT,oprD,-,Strong
mexT-rhlI,mexT,rhlI,+,Strong
mexT-pvdA,mexT,pvdA,+,Strong
mexT-PA1333,mexT,PA1333,+,Strong
mexT-PA3530,mexT,PA3530,+,Strong
mexT-mexF,mexT,mexF,+,Strong
mexT-mexE,mexT,mexE,+,Strong
mexT-PA4141,mexT,PA4141,+,Strong
mexT-PA3331,mexT,PA3331,-,Strong
mexT-PA3332,mexT,PA3332,-,Strong
mexT-PA1744,mexT,PA1744,+,Strong
mexT-lasB,mexT,lasB,-,Strong
mexT-clpP2,mexT,clpP2,-,Strong
mexT-PA1658,mexT,PA1658,-,Strong
mexT-lldD,mexT,lldD,-,Strong
mexT-PA3229,mexT,PA3229,+,Strong
mexT-PA1657,mexT,PA1657,-,Strong
mucA-algU,mucA,algU,+,Strong
deaD-exsA,deaD,exsA,+,Strong
PA2251-ansA,PA2251,ansA,+,Strong
PA2251-PA2252,PA2251,PA2252,+,Strong
algZ-algZ,algZ,algZ,-,Strong
algZ-alg8,algZ,alg8,+,Strong
algZ-exsA,algZ,exsA,-,Strong
algZ-fleQ,algZ,fleQ,-,Strong
algZ-algX,algZ,algX,+,Strong
algZ-alg44,algZ,alg44,+,Strong
algZ-algJ,algZ,algJ,+,Strong
algZ-algK,algZ,algK,+,Strong
algZ-algI,algZ,algI,+,Strong
algZ-algL,algZ,algL,+,Strong
algZ-algC,algZ,algC,+,Strong
algZ-algA,algZ,algA,+,Strong
algZ-algF,algZ,algF,+,Strong
algZ-algG,algZ,algG,+,Strong
algZ-algD,algZ,algD,+,Strong
algZ-algE,algZ,algE,+,Strong
ladS-gacA,ladS,gacA,+,Strong
ladS-gacS,ladS,gacS,+,Strong
ladS-rsaL,ladS,rsaL,+,Strong
algR-pilW,algR,pilW,+,Strong
algR-pilV,algR,pilV,+,Strong
algR-pilX,algR,pilX,+,Strong
algR-alc,algR,alc,?,Strong
algR-PA3325,algR,PA3325,?,Strong
algR-PA3774,algR,PA3774,?,Strong
algR-phzB1,algR,phzB1,?,Strong
algR-PA4735,algR,PA4735,?,Strong
algR-PA3676,algR,PA3676,?,Strong
algR-PA4676,algR,PA4676,?,Strong
algR-PA1819,algR,PA1819,+,Strong
algR-PA5152,algR,PA5152,+,Strong
algR-PA5153,algR,PA5153,+,Strong
algR-PA2867,algR,PA2867,?,Strong
algR-alg44,algR,alg44,+,Strong
algR-PA1333,algR,PA1333,?,Strong
algR-atpI,algR,atpI,?,Strong
algR-phzC1,algR,phzC1,?,Strong
algR-PA3761,algR,PA3761,?,Strong
algR-PA1736,algR,PA1736,?,Strong
algR-csrA,algR,csrA,+,Strong
algR-PA1159,algR,PA1159,?,Strong
algR-PA0277,algR,PA0277,?,Strong
algR-PA4019,algR,PA4019,?,Strong
algR-PA4654,algR,PA4654,?,Strong
algR-ldcA,algR,ldcA,+,Strong
algR-ampDh3,algR,ampDh3,?,Strong
algR-cobO,algR,cobO,?,Strong
algR-nrdA,algR,nrdA,+,Strong
algR-nrdB,algR,nrdB,+,Strong
algR-xcpT,algR,xcpT,?,Strong
algR-PA1727,algR,PA1727,+,Strong
algR-opgG,algR,opgG,?,Strong
algR-PA4392,algR,PA4392,?,Strong
algR-sigX,algR,sigX,?,Strong
algR-PA0839,algR,PA0839,?,Strong
algR-algZ,algR,algZ,-,Strong
algR-algX,algR,algX,+,Strong
algR-algR,algR,algR,+,Strong
algR-braZ,algR,braZ,+,Strong
algR-PA0263.1,algR,PA0263.1,?,Strong
algR-algJ,algR,algJ,+,Strong
algR-algK,algR,algK,+,Strong
algR-lasB,algR,lasB,?,Strong
algR-algI,algR,algI,+,Strong
algR-algL,algR,algL,+,Strong
algR-asd,algR,asd,?,Strong
algR-algC,algR,algC,+,Strong
algR-algA,algR,algA,+,Strong
algR-algF,algR,algF,+,Strong
algR-algG,algR,algG,+,Strong
algR-algD,algR,algD,+,Strong
algR-algE,algR,algE,+,Strong
algR-phzA1,algR,phzA1,?,Strong
algR-phzF2,algR,phzF2,?,Strong
algR-PA3572,algR,PA3572,?,Strong
algR-PrrF2,algR,PrrF2,+,Strong
algR-argB,algR,argB,+,Strong
algR-PA0947,algR,PA0947,?,Strong
algR-argG,algR,argG,-,Strong
algR-maeA,algR,maeA,?,Strong
algR-PA4340,algR,PA4340,?,Strong
algR-putP,algR,putP,?,Strong
algR-PA4171,algR,PA4171,?,Strong
algR-rcpC,algR,rcpC,?,Strong
algR-PA3535,algR,PA3535,?,Strong
algR-sstT,algR,sstT,+,Strong
algR-PA4570,algR,PA4570,?,Strong
algR-pvdS,algR,pvdS,-,Strong
algR-PA0456,algR,PA0456,?,Strong
algR-PA3934,algR,PA3934,+,Strong
algR-PA0691,algR,PA0691,?,Strong
algR-tonB,algR,tonB,?,Strong
algR-PA2523,algR,PA2523,+,Strong
algR-exsA,algR,exsA,+,Strong
algR-PA4475,algR,PA4475,?,Strong
algR-pqsD,algR,pqsD,?,Strong
algR-pqsE,algR,pqsE,?,Strong
algR-glyA2,algR,glyA2,?,Strong
algR-pqsA,algR,pqsA,?,Strong
algR-pqsB,algR,pqsB,?,Strong
algR-pqsC,algR,pqsC,?,Strong
algR-femI,algR,femI,?,Strong
algR-rhlB,algR,rhlB,-,Strong
algR-rhlA,algR,rhlA,-,Strong
algR-rlmF,algR,rlmF,?,Strong
algR-rhlI,algR,rhlI,-,Strong
algR-fliL,algR,fliL,?,Strong
algR-gdhA,algR,gdhA,-,Strong
algR-PA3740,algR,PA3740,?,Strong
algR-phzG1,algR,phzG1,?,Strong
algR-PA1107,algR,PA1107,?,Strong
algR-cat,algR,cat,?,Strong
algR-dnaA,algR,dnaA,?,Strong
algR-dnaE,algR,dnaE,?,Strong
algR-PA2301,algR,PA2301,?,Strong
algR-oprJ,algR,oprJ,?,Strong
algR-PA0328,algR,PA0328,+,Strong
algR-PA1131,algR,PA1131,?,Strong
algR-PA4320,algR,PA4320,?,Strong
algR-cyoA,algR,cyoA,?,Strong
algR-PA4357,algR,PA4357,?,Strong
algR-phzD1,algR,phzD1,?,Strong
algR-lip,algR,lip,-,Strong
algR-hcnA,algR,hcnA,-,Strong
algR-dsbE,algR,dsbE,?,Strong
algR-PA1287,algR,PA1287,?,Strong
algR-PA0703,algR,PA0703,?,Strong
algR-alg8,algR,alg8,+,Strong
algR-PA4948,algR,PA4948,?,Strong
algR-PA3067,algR,PA3067,?,Strong
algR-liuE,algR,liuE,?,Strong
algR-pyrG,algR,pyrG,?,Strong
algR-lap,algR,lap,?,Strong
algR-fimU,algR,fimU,+,Strong
algR-fimV,algR,fimV,?,Strong
algR-PA3722,algR,PA3722,?,Strong
algR-phzE1,algR,phzE1,?,Strong
algR-arcD,algR,arcD,+,Strong
algR-arcA,algR,arcA,+,Strong
algR-arcB,algR,arcB,+,Strong
algR-arcC,algR,arcC,+,Strong
algP-rhlR,algP,rhlR,-,Strong
algQ-lasR,algQ,lasR,-,Strong
algQ-rhlR,algQ,rhlR,-,Strong
algQ-rpoD,algQ,rpoD,-,Strong
algU-PA4033,algU,PA4033,+,Strong
algU-algL,algU,algL,+,Strong
algU-phuR,algU,phuR,+,Strong
algU-lasR,algU,lasR,?,Strong
algU-PA3952,algU,PA3952,+,Strong
algU-PA1053,algU,PA1053,+,Strong
algU-PA3819,algU,PA3819,+,Strong
algU-anr,algU,anr,?,Strong
algU-tal,algU,tal,+,Strong
algU-mucB,algU,mucB,+,Strong
algU-mucA,algU,mucA,+,Strong
algU-ivy,algU,ivy,+,Strong
algU-alg8,algU,alg8,+,Strong
algU-algA,algU,algA,+,Strong
algU-PA5291,algU,PA5291,+,Strong
algU-ppyR,algU,ppyR,?,Strong
algU-algU,algU,algU,+,Strong
algU-PA2177,algU,PA2177,?,Strong
algU-PA3262,algU,PA3262,+,Strong
algU-cbrB,algU,cbrB,?,Strong
algU-algZ,algU,algZ,+,Strong
algU-osmC,algU,osmC,+,Strong
algU-kinB,algU,kinB,?,Strong
algU-algR,algU,algR,+,Strong
algU-oprF,algU,oprF,+,Strong
algU-pyrR,algU,pyrR,?,Strong
algU-algJ,algU,algJ,+,Strong
algU-algK,algU,algK,+,Strong
algU-PA0856,algU,PA0856,+,Strong
algU-amrZ,algU,amrZ,+,Strong
algU-algB,algU,algB,+,Strong
algU-algC,algU,algC,+,Strong
algU-alg44,algU,alg44,+,Strong
algU-rpoH,algU,rpoH,+,Strong
algU-algF,algU,algF,+,Strong
algU-algG,algU,algG,+,Strong
algU-algD,algU,algD,+,Strong
algU-algE,algU,algE,+,Strong
algU-bolA,algU,bolA,+,Strong
algU-PA5181.1,algU,PA5181.1,?,Strong
algU-PA5492.1,algU,PA5492.1,+,Strong
algU-fleQ,algU,fleQ,-,Strong
algU-gltR,algU,gltR,?,Strong
algU-lptA,algU,lptA,+,Strong
algU-csrA,algU,csrA,+,Strong
algU-algI,algU,algI,+,Strong
algU-PA1592,algU,PA1592,+,Strong
algU-dksA,algU,dksA,+,Strong
algU-algX,algU,algX,+,Strong
algU-lptF,algU,lptF,+,Strong
algU-vfr,algU,vfr,?,Strong
algU-lptB,algU,lptB,+,Strong
algB-algD,algB,algD,+,Strong
qscR-PA1300,qscR,PA1300,?,Strong
PA2523-czcB,PA2523,czcB,+,Strong
PA2523-czcC,PA2523,czcC,+,Strong
PA2523-czcA,PA2523,czcA,+,Strong
PA2523-oprD,PA2523,oprD,-,Strong
PA2523-phzA1,PA2523,phzA1,-,Strong
PA2523-lasI,PA2523,lasI,-,Strong
PA3343-rsmY,PA3343,rsmY,+,Strong
pvdS-mvfR,pvdS,mvfR,?,Strong
pvdS-lasR,pvdS,lasR,?,Strong
pvdS-rhlR,pvdS,rhlR,?,Strong
pvdS-ptxR,pvdS,ptxR,?,Strong
pvdS-PA2383,pvdS,PA2383,?,Strong
hexR-zwf,hexR,zwf,-,Strong
lon-hfq,lon,hfq,-,Strong
lon-hmp,lon,hmp,+,Strong
lon-mexX,lon,mexX,+,Strong
lon-mexY,lon,mexY,+,Strong
PA4778-PA3523,PA4778,PA3523,+,Strong
gbdR-rpsG,gbdR,rpsG,?,Strong
gbdR-PA3836,gbdR,PA3836,?,Strong
gbdR-PA3835,gbdR,PA3835,?,Strong
gbdR-dgcA,gbdR,dgcA,+,Strong
gbdR-pchP,gbdR,pchP,+,Strong
gbdR-soxB,gbdR,soxB,+,Strong
gbdR-wbpG,gbdR,wbpG,?,Strong
gbdR-soxA,gbdR,soxA,+,Strong
gbdR-soxG,gbdR,soxG,+,Strong
gbdR-soxD,gbdR,soxD,+,Strong
gbdR-PA5388,gbdR,PA5388,-,Strong
gbdR-phzD1,gbdR,phzD1,?,Strong
gbdR-hisF2,gbdR,hisF2,?,Strong
gbdR-phzF2,gbdR,phzF2,?,Strong
gbdR-phzB1,gbdR,phzB1,?,Strong
gbdR-wbpA,gbdR,wbpA,?,Strong
gbdR-PA2698,gbdR,PA2698,?,Strong
gbdR-glyA1,gbdR,glyA1,+,Strong
gbdR-dgcB,gbdR,dgcB,+,Strong
gbdR-gbdR,gbdR,gbdR,+,Strong
gbdR-plcH,gbdR,plcH,+-,Strong
gbdR-cupB3,gbdR,cupB3,?,Strong
gbdR-PA3044,gbdR,PA3044,?,Strong
gbdR-PA3045,gbdR,PA3045,?,Strong
gbdR-oprI,gbdR,oprI,?,Strong
gbdR-sdaB,gbdR,sdaB,+,Strong
gbdR-bfrB,gbdR,bfrB,?,Strong
gbdR-phzA1,gbdR,phzA1,?,Strong
gbdR-PA4087,gbdR,PA4087,?,Strong
gbdR-PA3291,gbdR,PA3291,?,Strong
gbdR-PA3290,gbdR,PA3290,?,Strong
gbdR-phzE1,gbdR,phzE1,?,Strong
gbdR-PA4139,gbdR,PA4139,?,Strong
gbdR-fimV,gbdR,fimV,?,Strong
gbdR-phzG1,gbdR,phzG1,?,Strong
gbdR-wzy,gbdR,wzy,?,Strong
gbdR-dusA,gbdR,dusA,?,Strong
gbdR-PA2459,gbdR,PA2459,?,Strong
gbdR-phzC1,gbdR,phzC1,?,Strong
gbdR-gbcB,gbdR,gbcB,+,Strong
gbdR-gbcA,gbdR,gbcA,+,Strong
gbdR-arnB,gbdR,arnB,?,Strong
ihfA-narK2,ihfA,narK2,+,Strong
ihfA-narK1,ihfA,narK1,+,Strong
ihfA-hemA,ihfA,hemA,+,Strong
ihfA-pchP,ihfA,pchP,+,Strong
ihfA-algX,ihfA,algX,+,Strong
ihfA-moeB,ihfA,moeB,+,Strong
ihfA-narI,ihfA,narI,+,Strong
ihfA-narH,ihfA,narH,+,Strong
ihfA-narJ,ihfA,narJ,+,Strong
ihfA-narG,ihfA,narG,+,Strong
ihfA-murI,ihfA,murI,+,Strong
ihfA-alg8,ihfA,alg8,+,Strong
ihfA-prmC,ihfA,prmC,+,Strong
ihfA-gbdR,ihfA,gbdR,+,Strong
ihfA-lasR,ihfA,lasR,+,Strong
ihfA-oprE,ihfA,oprE,+,Strong
ihfA-alg44,ihfA,alg44,+,Strong
ihfA-algJ,ihfA,algJ,+,Strong
ihfA-algK,ihfA,algK,+,Strong
ihfA-algI,ihfA,algI,+,Strong
ihfA-algL,ihfA,algL,+,Strong
ihfA-algB,ihfA,algB,+,Strong
ihfA-fliD,ihfA,fliD,+,Strong
ihfA-algA,ihfA,algA,+,Strong
ihfA-algF,ihfA,algF,+,Strong
ihfA-algG,ihfA,algG,+,Strong
ihfA-algD,ihfA,algD,+,Strong
ihfA-algE,ihfA,algE,+,Strong
ihfA-fleS,ihfA,fleS,+,Strong
ihfA-fleR,ihfA,fleR,+,Strong
fliA-fliL,fliA,fliL,+,Strong
fliA-bifA,fliA,bifA,+,Strong
fliA-fliC,fliA,fliC,+,Strong
fliA-flgM,fliA,flgM,+,Strong
fliC-exoS,fliC,exoS,-,Strong
fliC-exoY,fliC,exoY,-,Strong
fliC-exoT,fliC,exoT,-,Strong
PA2384-PA4896,PA2384,PA4896,?,Strong
PA2384-PA3410,PA2384,PA3410,?,Strong
PA2384-vreI,PA2384,vreI,?,Strong
PA2384-pvdS,PA2384,pvdS,?,Strong
PA2384-sigX,PA2384,sigX,?,Strong
PA2384-PA1300,PA2384,PA1300,?,Strong
rocA1-cupC1,rocA1,cupC1,+,Strong
rocA1-cupB1,rocA1,cupB1,+,Strong
dhcR-dhcA,dhcR,dhcA,+,Strong
dhcR-dhcB,dhcR,dhcB,+,Strong
vqsR-foxI,vqsR,foxI,?,Strong
vqsR-PA3973,vqsR,PA3973,?,Strong
vqsR-PA4357,vqsR,PA4357,?,Strong
vqsR-greB,vqsR,greB,?,Strong
vqsR-mexG,vqsR,mexG,?,Strong
vqsR-PA4896,vqsR,PA4896,?,Strong
vqsR-PA0149,vqsR,PA0149,?,Strong
vqsR-PA3899,vqsR,PA3899,?,Strong
vqsR-alc,vqsR,alc,?,Strong
vqsR-opmD,vqsR,opmD,?,Strong
vqsR-maeA,vqsR,maeA,?,Strong
vqsR-asd,vqsR,asd,?,Strong
vqsR-PA0472,vqsR,PA0472,?,Strong
vqsR-femI,vqsR,femI,?,Strong
vqsR-mexH,vqsR,mexH,?,Strong
vqsR-mexI,vqsR,mexI,?,Strong
vqsR-PA4320,vqsR,PA4320,?,Strong
vqsR-speH,vqsR,speH,?,Strong
vqsR-PA0839,vqsR,PA0839,?,Strong
vqsR-PA4312,vqsR,PA4312,?,Strong
vqsR-qscR,vqsR,qscR,?,Strong
vqsM-PA0007,vqsM,PA0007,+,Strong
vqsM-hscB,vqsM,hscB,+,Strong
vqsM-phuU,vqsM,phuU,+,Strong
vqsM-cobS,vqsM,cobS,+,Strong
vqsM-ppk,vqsM,ppk,+,Strong
vqsM-accA,vqsM,accA,+,Strong
vqsM-pvdQ,vqsM,pvdQ,+,Strong
vqsM-PA0526,vqsM,PA0526,+,Strong
vqsM-tilS,vqsM,tilS,?,Strong
vqsM-PA2588,vqsM,PA2588,+,Strong
vqsM-PA5342,vqsM,PA5342,?,Strong
vqsM-PA5518,vqsM,PA5518,+,Strong
vqsM-PA3342,vqsM,PA3342,+,Strong
vqsM-recD,vqsM,recD,+,Strong
vqsM-purD,vqsM,purD,+,Strong
vqsM-PA3676,vqsM,PA3676,?,Strong
vqsM-PA5517,vqsM,PA5517,?,Strong
vqsM-PA5324,vqsM,PA5324,+,Strong
vqsM-PA3565,vqsM,PA3565,+,Strong
vqsM-PA3670,vqsM,PA3670,+,Strong
vqsM-pyrC',vqsM,pyrC',+,Strong
vqsM-PA3899,vqsM,PA3899,?,Strong
vqsM-trkH,vqsM,trkH,+,Strong
vqsM-PA4925,vqsM,PA4925,?,Strong
vqsM-PA5149.1,vqsM,PA5149.1,?,Strong
vqsM-ratA,vqsM,ratA,?,Strong
vqsM-PA3106,vqsM,PA3106,+,Strong
vqsM-PA3513,vqsM,PA3513,?,Strong
vqsM-pqsH,vqsM,pqsH,?,Strong
vqsM-ctpL,vqsM,ctpL,?,Strong
vqsM-PA3907,vqsM,PA3907,+,Strong
vqsM-PA0525,vqsM,PA0525,+,Strong
vqsM-smpB,vqsM,smpB,+,Strong
vqsM-tsaC,vqsM,tsaC,+,Strong
vqsM-PA3900,vqsM,PA3900,+,Strong
vqsM-cysG,vqsM,cysG,+,Strong
vqsM-PA3514,vqsM,PA3514,+,Strong
vqsM-spdH,vqsM,spdH,+,Strong
vqsM-gcvP2,vqsM,gcvP2,+,Strong
vqsM-nosD,vqsM,nosD,+,Strong
vqsM-PA5423,vqsM,PA5423,+,Strong
vqsM-opr86,vqsM,opr86,+,Strong
vqsM-vqsM,vqsM,vqsM,+,Strong
vqsM-PA3925,vqsM,PA3925,+,Strong
vqsM-waaC,vqsM,waaC,+,Strong
vqsM-PA3510,vqsM,PA3510,?,Strong
vqsM-PA5290,vqsM,PA5290,+,Strong
vqsM-PA0440,vqsM,PA0440,+,Strong
vqsM-retS,vqsM,retS,?,Strong
vqsM-PA5216,vqsM,PA5216,+,Strong
vqsM-PA0845,vqsM,PA0845,+,Strong
vqsM-PA1333,vqsM,PA1333,?,Strong
vqsM-PA2005,vqsM,PA2005,+,Strong
vqsM-PA2004,vqsM,PA2004,?,Strong
vqsM-PA3457,vqsM,PA3457,?,Strong
vqsM-PA2661,vqsM,PA2661,+,Strong
vqsM-recG,vqsM,recG,+,Strong
vqsM-PA1253,vqsM,PA1253,+,Strong
vqsM-PA4908,vqsM,PA4908,+,Strong
vqsM-PA4894,vqsM,PA4894,+,Strong
vqsM-PA2228,vqsM,PA2228,+,Strong
vqsM-PA3749,vqsM,PA3749,+,Strong
glpR-glpT,glpR,glpT,-,Strong
glpR-glpD,glpR,glpD,-,Strong
glpR-glpF,glpR,glpF,-,Strong
glpR-agmR,glpR,agmR,+,Strong
glpR-ihfA,glpR,ihfA,-,Strong
glpR-pelA,glpR,pelA,-,Strong
