id,NDA,Color
xapA,M54,#55c6c1
xapB,M54,#55c6c1
xapR,M54,#55c6c1
speG,M56.1,#7fed44
xseB,Basal machinery,#b7d159
speE,Basal machinery,#b7d159
speB,M56.27,#4885b5
speC,Basal machinery,#b7d159
speA,M56.27,#4885b5
frdA,M56.3,#13f462
frdB,M56.3,#13f462
frdC,M56.3,#13f462
frdD,M56.3,#13f462
hchA,Basal machinery,#b7d159
pgpC,Basal machinery,#b7d159
yeaD,Basal machinery,#b7d159
pgpA,Basal machinery,#b7d159
kbaY,M36,#d10e1e
kbaZ,M36,#d10e1e
mlc,M56.9,#191977
mbiA,Basal machinery,#b7d159
fur,Global regulator,#5ee3ed
cmk,Basal machinery,#b7d159
blc,Basal machinery,#b7d159
upp,Basal machinery,#b7d159
bluF,M56.1,#7fed44
bluR,M56.38,#76f2cd
tolC,M56.1,#7fed44
btsR,M56.1,#7fed44
speD,Basal machinery,#b7d159
btsT,M56.1,#7fed44
entA,Basal machinery,#b7d159
cheW,Basal machinery,#b7d159
entC,Basal machinery,#b7d159
entB,Basal machinery,#b7d159
entE,Basal machinery,#b7d159
entD,Basal machinery,#b7d159
entF,Basal machinery,#b7d159
entH,Basal machinery,#b7d159
cheZ,Basal machinery,#b7d159
cheY,Basal machinery,#b7d159
yacC,Basal machinery,#b7d159
fecD,Intermodular,#159626
fecE,Intermodular,#159626
fecB,Intermodular,#159626
fecC,Intermodular,#159626
fecA,Intermodular,#159626
fecI,M56.1,#7fed44
rcsA,M56.1,#7fed44
rcsB,M56.1,#7fed44
rcsD,Basal machinery,#b7d159
lacA,Intermodular,#159626
uspA,M56.5,#d81c74
uspB,Basal machinery,#b7d159
uspD,M56.1,#7fed44
uspE,M56.1,#7fed44
gltX,Basal machinery,#b7d159
glk,Basal machinery,#b7d159
grcA,M56.1,#7fed44
gltI,Basal machinery,#b7d159
gpsA,Basal machinery,#b7d159
gltK,Basal machinery,#b7d159
gltJ,Basal machinery,#b7d159
gltL,Basal machinery,#b7d159
cspI,M56.1,#7fed44
gltA,Basal machinery,#b7d159
ycjF,M56.12,#959bed
cspD,M56.1,#7fed44
gltB,Intermodular,#159626
cspB,Basal machinery,#b7d159
gltD,Intermodular,#159626
cspA,M42,#f925cf
nikB,M66,#fccc85
b4134,Basal machinery,#b7d159
apaH,Basal machinery,#b7d159
yhbS,M56.1,#7fed44
dgcC,M56.1,#7fed44
sgbE,M13,#fc8f58
apaG,Basal machinery,#b7d159
yfeS,Basal machinery,#b7d159
nikA,M66,#fccc85
sgbU,M13,#fc8f58
yfeX,Basal machinery,#b7d159
yfeY,Basal machinery,#b7d159
b0670,Basal machinery,#b7d159
fbaB,Basal machinery,#b7d159
b0672,Basal machinery,#b7d159
b0673,Basal machinery,#b7d159
rssA,Basal machinery,#b7d159
rssB,Basal machinery,#b7d159
b4007,Basal machinery,#b7d159
pgpB,Basal machinery,#b7d159
b4009,Basal machinery,#b7d159
b4008,Basal machinery,#b7d159
glgP,M56.1,#7fed44
yeaE,Basal machinery,#b7d159
era,Basal machinery,#b7d159
holC,Basal machinery,#b7d159
acrD,Intermodular,#159626
mnmG,M56.1,#7fed44
gatY,M58,#ff4305
gatZ,M58,#ff4305
glgX,M56.1,#7fed44
gatD,M58,#ff4305
gatA,M58,#ff4305
gatB,M58,#ff4305
gatC,M58,#ff4305
ygiC,M56.1,#7fed44
ygiB,M56.1,#7fed44
ygiM,Basal machinery,#b7d159
eno,Basal machinery,#b7d159
insCD5,Basal machinery,#b7d159
ygiZ,M56.1,#7fed44
rluA,Basal machinery,#b7d159
amiA,Basal machinery,#b7d159
amiB,Basal machinery,#b7d159
gpmA,Basal machinery,#b7d159
kdpA,M32,#e87c7a
kdpC,M32,#e87c7a
kdpB,M32,#e87c7a
kdpE,M32,#e87c7a
lptA,Basal machinery,#b7d159
kdpF,M32,#e87c7a
yhiD,M56.1,#7fed44
carA,Intermodular,#159626
yhiL,Basal machinery,#b7d159
adiY,M56.1,#7fed44
hslO,Basal machinery,#b7d159
argE,M56.35,#d882d4
yjeF,Basal machinery,#b7d159
adiA,M56.1,#7fed44
adiC,M56.1,#7fed44
arcA,Global regulator,#5ee3ed
hslU,Basal machinery,#b7d159
b3851,Basal machinery,#b7d159
fadR,M56.5,#d81c74
evgA,M56.1,#7fed44
fadB,Intermodular,#159626
fadA,Intermodular,#159626
yggN,Basal machinery,#b7d159
fadE,M56.5,#d81c74
fadD,M56.5,#d81c74
fadJ,M56.5,#d81c74
fadI,M56.5,#d81c74
fadH,Intermodular,#159626
creD,M56.6,#5c63b5
fadM,M56.5,#d81c74
fadL,Intermodular,#159626
ompT,M56.1,#7fed44
fis,Global regulator,#5ee3ed
ompW,M56.1,#7fed44
ompR,M56.1,#7fed44
fiu,Basal machinery,#b7d159
rirA,Basal machinery,#b7d159
ompX,Basal machinery,#b7d159
atpF,Basal machinery,#b7d159
fic,Basal machinery,#b7d159
ompF,Intermodular,#159626
rcdA,M56.1,#7fed44
uof,Intermodular,#159626
ompC,Intermodular,#159626
ompN,M56.1,#7fed44
decR,M56.1,#7fed44
srlB,M45,#e888d3
srlA,M45,#e888d3
srlE,M45,#e888d3
srlD,M45,#e888d3
gcvP,Intermodular,#159626
gcvR,Basal machinery,#b7d159
gcvT,Intermodular,#159626
tnaC,M56.1,#7fed44
gcvH,Intermodular,#159626
srlR,M45,#e888d3
tnaB,M56.1,#7fed44
gcvA,M56.32,#6bffd5
glnQ,M56.1,#7fed44
b2189,Basal machinery,#b7d159
ftsA,M56.1,#7fed44
ftsL,M56.1,#7fed44
ftsK,Basal machinery,#b7d159
zwf,M56.1,#7fed44
safA,M56.1,#7fed44
ftsW,M56.1,#7fed44
hemB,Basal machinery,#b7d159
b2348,Basal machinery,#b7d159
ftsZ,M56.1,#7fed44
flhD,Intermodular,#159626
mdh,Intermodular,#159626
yieF,Basal machinery,#b7d159
yrfG,Basal machinery,#b7d159
rnhB,Basal machinery,#b7d159
zntR,M57,#869cf4
b3969,Basal machinery,#b7d159
b3968,Basal machinery,#b7d159
fepC,Basal machinery,#b7d159
fepB,M56.1,#7fed44
fepA,Basal machinery,#b7d159
fepG,Basal machinery,#b7d159
fepE,Basal machinery,#b7d159
fepD,Basal machinery,#b7d159
lapB,Basal machinery,#b7d159
ligA,Basal machinery,#b7d159
aidB,M6,#9cba09
csqR,M38,#f9b6db
sfsB,M56.1,#7fed44
sfsA,Basal machinery,#b7d159
gor,M56.4,#f9a9b5
degP,Basal machinery,#b7d159
prfA,Basal machinery,#b7d159
prfB,Basal machinery,#b7d159
prfC,Basal machinery,#b7d159
dcuD,M56.1,#7fed44
cynR,M14,#70d8b9
dcuA,M56.3,#13f462
dcuB,M56.3,#13f462
dcuC,Basal machinery,#b7d159
degS,Basal machinery,#b7d159
sodB,Basal machinery,#b7d159
sodC,Basal machinery,#b7d159
sodA,M56.1,#7fed44
dcuR,M56.3,#13f462
dcuS,Basal machinery,#b7d159
oxyR,M56.4,#f9a9b5
fixX,M21,#c386f4
umuD,Basal machinery,#b7d159
umuC,Basal machinery,#b7d159
b4413,Basal machinery,#b7d159
ykiA,M56.1,#7fed44
ybbY,M24,#3edd04
ybbW,M24,#3edd04
fixC,M21,#c386f4
fixB,M21,#c386f4
fixA,M21,#c386f4
glyS,Basal machinery,#b7d159
glyQ,Basal machinery,#b7d159
glyX,Basal machinery,#b7d159
b3069,Basal machinery,#b7d159
glyA,Intermodular,#159626
pflA,Basal machinery,#b7d159
exbB,Basal machinery,#b7d159
exbD,Basal machinery,#b7d159
ynfH,Basal machinery,#b7d159
ynfG,Basal machinery,#b7d159
ynfF,Basal machinery,#b7d159
ynfE,Basal machinery,#b7d159
ynfB,M56.1,#7fed44
tcyJ,M56.1,#7fed44
dgcT,Basal machinery,#b7d159
idlP,Basal machinery,#b7d159
puuB,M61,#d85293
puuC,M61,#d85293
treC,M56.1,#7fed44
treB,M56.1,#7fed44
msrB,Basal machinery,#b7d159
puuD,M61,#d85293
msrA,Basal machinery,#b7d159
puuR,M61,#d85293
puuP,M61,#d85293
treR,M56.1,#7fed44
mlrA,M56.1,#7fed44
ydfE,M2,#d67573
ydfD,M2,#d67573
ydfA,Basal machinery,#b7d159
ydfC,Basal machinery,#b7d159
nanX,M56.24,#5031af
ydfN,Basal machinery,#b7d159
ydfW,M2,#d67573
ydfX,M2,#d67573
obgE,M56.1,#7fed44
rcdB,Basal machinery,#b7d159
pdhR,M56.1,#7fed44
cueO,M56.23,#32ba7f
pqiB,M56.1,#7fed44
pqiA,M56.1,#7fed44
b4010,Basal machinery,#b7d159
b0536,Basal machinery,#b7d159
bsmA,Basal machinery,#b7d159
adhE,Basal machinery,#b7d159
slyB,M56.1,#7fed44
yhhY,Basal machinery,#b7d159
chbR,M56.6,#5c63b5
patD,M56.1,#7fed44
yhfA,Basal machinery,#b7d159
slyA,M56.1,#7fed44
yhfG,Basal machinery,#b7d159
flgK,Basal machinery,#b7d159
yfdX,M56.1,#7fed44
uxaA,M56.8,#ffc6d3
fecR,M56.1,#7fed44
yfdV,M56.1,#7fed44
epd,Basal machinery,#b7d159
flgH,Basal machinery,#b7d159
fucA,M50,#dcafff
gloA,M56.1,#7fed44
nei,Basal machinery,#b7d159
yafQ,M47,#c1bc28
lptB,Basal machinery,#b7d159
lpd,M56.1,#7fed44
sroD,M56.5,#d81c74
acnB,Basal machinery,#b7d159
sroC,Basal machinery,#b7d159
acnA,M56.1,#7fed44
pka,Basal machinery,#b7d159
aldB,Basal machinery,#b7d159
aldA,Intermodular,#159626
ytiC,Basal machinery,#b7d159
ytiD,Basal machinery,#b7d159
priB,Basal machinery,#b7d159
entS,Basal machinery,#b7d159
cheB,Basal machinery,#b7d159
wzb,M56.1,#7fed44
wzc,M56.1,#7fed44
hicA,M49,#72fff7
sbcD,Basal machinery,#b7d159
cheA,Basal machinery,#b7d159
mepH,Basal machinery,#b7d159
alaC,M44,#fcc7ca
yebE,Basal machinery,#b7d159
yebG,Basal machinery,#b7d159
yebB,Basal machinery,#b7d159
yebC,Basal machinery,#b7d159
wzzE,Basal machinery,#b7d159
IHF,Global regulator,#5ee3ed
dctA,M56.3,#13f462
yecF,Basal machinery,#b7d159
dctR,M56.1,#7fed44
ybaB,Basal machinery,#b7d159
b3756,Basal machinery,#b7d159
b3757,Basal machinery,#b7d159
ybaS,M56.1,#7fed44
iclR,M56.5,#d81c74
b3759,Basal machinery,#b7d159
ybaT,M56.1,#7fed44
glnS,Basal machinery,#b7d159
ygdB,Basal machinery,#b7d159
b2404,Basal machinery,#b7d159
b2401,Basal machinery,#b7d159
b2403,Basal machinery,#b7d159
b2402,Basal machinery,#b7d159
b3978,Basal machinery,#b7d159
b3979,Basal machinery,#b7d159
pitA,Basal machinery,#b7d159
b3970,Basal machinery,#b7d159
b3971,Basal machinery,#b7d159
b3976,Basal machinery,#b7d159
b3977,Basal machinery,#b7d159
b2083,M56.1,#7fed44
sraG,Basal machinery,#b7d159
rimP,M56.35,#d882d4
fnr,Global regulator,#5ee3ed
b2087,M58,#ff4305
CRP-Sxy,M23,#dd0273
b4704,Basal machinery,#b7d159
xseA,M56.1,#7fed44
ung,Basal machinery,#b7d159
rimM,Basal machinery,#b7d159
rimK,Intermodular,#159626
ETS,Basal machinery,#b7d159
putP,M56.1,#7fed44
putA,M56.1,#7fed44
b1986,Basal machinery,#b7d159
cheR,Basal machinery,#b7d159
frc,M56.1,#7fed44
tonB,Basal machinery,#b7d159
yaaU,Basal machinery,#b7d159
frr,Basal machinery,#b7d159
chiA,Basal machinery,#b7d159
phoH,Basal machinery,#b7d159
pgrR,M56.12,#959bed
znuC,Intermodular,#159626
znuB,Intermodular,#159626
znuA,Intermodular,#159626
slt,Basal machinery,#b7d159
slp,M56.1,#7fed44
gnd,M56.1,#7fed44
hupA,M56.7,#4ad670
nikC,M66,#fccc85
hupB,M56.7,#4ad670
prs,M56.27,#4885b5
nikD,M66,#fccc85
nikE,M66,#fccc85
hldD,Basal machinery,#b7d159
nikR,M66,#fccc85
insD7,M2,#d67573
glnK,M56.1,#7fed44
patA,M56.1,#7fed44
dgkA,M56.1,#7fed44
glnH,M56.1,#7fed44
ddpX,M56.1,#7fed44
glnL,M56.1,#7fed44
glnB,M56.27,#4885b5
glnA,M56.1,#7fed44
gpmI,Basal machinery,#b7d159
glnG,M56.1,#7fed44
glnD,Basal machinery,#b7d159
rnb,Basal machinery,#b7d159
ddpD,M56.1,#7fed44
ddpF,M56.1,#7fed44
glnP,M56.1,#7fed44
ddpA,M56.1,#7fed44
ddpB,M56.1,#7fed44
ddpC,M56.1,#7fed44
cynX,M14,#70d8b9
cynT,M14,#70d8b9
dadA,Basal machinery,#b7d159
cynS,M14,#70d8b9
glxR,M24,#3edd04
dadX,Basal machinery,#b7d159
glxK,M24,#3edd04
rnd,Basal machinery,#b7d159
raiA,Basal machinery,#b7d159
cspE,M47,#c1bc28
cspC,M56.1,#7fed44
fusA,Basal machinery,#b7d159
raiZ,Basal machinery,#b7d159
gltF,Intermodular,#159626
amyA,Basal machinery,#b7d159
topA,Basal machinery,#b7d159
rsmA,Basal machinery,#b7d159
rsmG,Basal machinery,#b7d159
rsmJ,Basal machinery,#b7d159
rsmH,M56.1,#7fed44
yecT,M56.1,#7fed44
yecR,Basal machinery,#b7d159
sgbH,M13,#fc8f58
zraR,M31,#80f2b1
zraP,M31,#80f2b1
rnc,Basal machinery,#b7d159
gadE,M56.1,#7fed44
gadF,M56.1,#7fed44
gadA,M56.1,#7fed44
gadB,M56.1,#7fed44
gadC,M56.1,#7fed44
gadX,M56.1,#7fed44
GadE-RcsB,M56.1,#7fed44
gadW,M56.1,#7fed44
rne,Basal machinery,#b7d159
stpA,M56.1,#7fed44
mioC,M56.1,#7fed44
araB,M56.14,#dd9a89
araC,M56.14,#dd9a89
araA,M56.14,#dd9a89
araF,M56.14,#dd9a89
araG,M56.14,#dd9a89
araD,M56.14,#dd9a89
araE,M56.14,#dd9a89
araJ,M56.14,#dd9a89
araH,M56.14,#dd9a89
cedA,Basal machinery,#b7d159
ygeA,M56.14,#dd9a89
HU,M56.7,#4ad670
fruK,Basal machinery,#b7d159
cirA,Basal machinery,#b7d159
gntX,M56.13,#edadae
fruA,Basal machinery,#b7d159
nuoB,Basal machinery,#b7d159
rraA,Basal machinery,#b7d159
nuoC,Basal machinery,#b7d159
rffM,Basal machinery,#b7d159
deaD,Basal machinery,#b7d159
icd,Basal machinery,#b7d159
fhuF,M56.4,#f9a9b5
nuoF,Basal machinery,#b7d159
borD,M56.1,#7fed44
opgH,Basal machinery,#b7d159
sixA,Basal machinery,#b7d159
fhuB,Basal machinery,#b7d159
adeD,Basal machinery,#b7d159
hdeD,M56.1,#7fed44
hdeB,M56.1,#7fed44
hdeA,M56.1,#7fed44
ribA,M56.1,#7fed44
ribE,Basal machinery,#b7d159
uhpA,M56.45,#dbca15
ribF,Basal machinery,#b7d159
zur,M56.50,#e2a12f
pheA,Basal machinery,#b7d159
corA,Basal machinery,#b7d159
yqjA,Basal machinery,#b7d159
efeU,Basal machinery,#b7d159
pheM,Basal machinery,#b7d159
pheL,Basal machinery,#b7d159
pheS,Basal machinery,#b7d159
pheP,Basal machinery,#b7d159
ileS,Basal machinery,#b7d159
htpG,M60,#79e086
ppc,Basal machinery,#b7d159
ppk,Basal machinery,#b7d159
rtcB,M64,#f9af6d
rtcA,M64,#f9af6d
dkgB,Basal machinery,#b7d159
dkgA,M33,#a7ecf9
relB,M62,#3ed6a3
relA,Intermodular,#159626
ppx,Basal machinery,#b7d159
rzpD,Basal machinery,#b7d159
relE,M62,#3ed6a3
b2090,M58,#ff4305
lrhA,M56.1,#7fed44
loiP,Basal machinery,#b7d159
pykF,Basal machinery,#b7d159
pykA,Basal machinery,#b7d159
ymiA,M56.1,#7fed44
fbaA,Basal machinery,#b7d159
proS,Basal machinery,#b7d159
gdhA,Intermodular,#159626
ygeH,M56.1,#7fed44
pphA,Basal machinery,#b7d159
bidA,M56.9,#191977
phnF,Basal machinery,#b7d159
mtr,Intermodular,#159626
surA,Basal machinery,#b7d159
truB,M56.35,#d882d4
rspR,M17,#110909
phnN,Basal machinery,#b7d159
fruB,Basal machinery,#b7d159
rspA,M17,#110909
cyoC,Intermodular,#159626
rspB,M17,#110909
cyoE,Intermodular,#159626
cyoD,Intermodular,#159626
malX,M1,#003e59
shiA,Basal machinery,#b7d159
yceJ,Basal machinery,#b7d159
b1665,Basal machinery,#b7d159
b1666,Basal machinery,#b7d159
sdaA,Basal machinery,#b7d159
nmpC,Intermodular,#159626
idnT,M56.13,#edadae
rffD,Basal machinery,#b7d159
idnR,M56.13,#edadae
sbmA,Basal machinery,#b7d159
idnO,M56.13,#edadae
sbmC,Basal machinery,#b7d159
idnK,M56.13,#edadae
idnD,M56.13,#edadae
mltF,M56.1,#7fed44
rffA,Basal machinery,#b7d159
xthA,Basal machinery,#b7d159
rhaT,M39,#12367c
aspA,M56.3,#13f462
rhaS,M39,#12367c
aspC,Basal machinery,#b7d159
rob,M56.1,#7fed44
dicB,M2,#d67573
rof,Basal machinery,#b7d159
rhaD,M39,#12367c
rhaA,M39,#12367c
lolB,Basal machinery,#b7d159
rhaB,M39,#12367c
ypfN,Basal machinery,#b7d159
yfeK,Basal machinery,#b7d159
ddlB,M56.1,#7fed44
yjjZ,M56.4,#f9a9b5
yhjJ,Basal machinery,#b7d159
yhjG,Basal machinery,#b7d159
dsdC,M46,#a482ce
dtpA,M56.1,#7fed44
dsdA,M46,#a482ce
yjjP,Basal machinery,#b7d159
opgG,Basal machinery,#b7d159
yhjX,M37,#d3527f
plsX,Basal machinery,#b7d159
dsdX,M46,#a482ce
yhjR,Basal machinery,#b7d159
lrp,Global regulator,#5ee3ed
yahE,Basal machinery,#b7d159
glmU,M56.6,#5c63b5
glmS,M56.6,#5c63b5
pstB,Basal machinery,#b7d159
pstA,Basal machinery,#b7d159
b4432,Basal machinery,#b7d159
evgS,M56.1,#7fed44
cyaA,Basal machinery,#b7d159
der,Basal machinery,#b7d159
hdfR,M56.21,#52e559
hscC,Basal machinery,#b7d159
hscA,Basal machinery,#b7d159
acpP,Basal machinery,#b7d159
acpS,Basal machinery,#b7d159
melR,M35,#31b6ea
seqA,M56.7,#4ad670
ldcC,Basal machinery,#b7d159
melB,M35,#31b6ea
melA,M35,#31b6ea
cysM,M56.1,#7fed44
cysN,M56.1,#7fed44
cysI,M56.1,#7fed44
uxuA,Intermodular,#159626
uxuB,Intermodular,#159626
cysJ,M56.1,#7fed44
cysE,M56.1,#7fed44
cysD,M56.1,#7fed44
cysG,M56.28,#a5f7ed
cysA,M56.1,#7fed44
cysC,M56.1,#7fed44
cysB,M56.1,#7fed44
ymbA,M56.1,#7fed44
uxuR,M56.8,#ffc6d3
cysU,M56.1,#7fed44
cysT,Basal machinery,#b7d159
cysW,M56.1,#7fed44
cysP,M56.1,#7fed44
yaeP,Basal machinery,#b7d159
b3171,M56.35,#d882d4
b3174,Basal machinery,#b7d159
def,Basal machinery,#b7d159
thrL,Basal machinery,#b7d159
baeR,M56.25,#c947e0
baeS,M56.25,#c947e0
preA,Basal machinery,#b7d159
thrC,Basal machinery,#b7d159
thrA,Basal machinery,#b7d159
livG,Basal machinery,#b7d159
livF,Basal machinery,#b7d159
insD5,Basal machinery,#b7d159
preT,Basal machinery,#b7d159
livM,Basal machinery,#b7d159
ppiD,Basal machinery,#b7d159
livK,Basal machinery,#b7d159
livJ,Basal machinery,#b7d159
ppiA,M56.54,#88aa00
livH,Basal machinery,#b7d159
nfeF,M11,#ea6d19
yifL,Basal machinery,#b7d159
prpB,M60,#79e086
ribD,Basal machinery,#b7d159
ykfF,Basal machinery,#b7d159
ybgA,Basal machinery,#b7d159
mscM,Basal machinery,#b7d159
nfeR,M11,#ea6d19
xerC,Basal machinery,#b7d159
umpH,M56.6,#5c63b5
xerD,Basal machinery,#b7d159
ygfB,Basal machinery,#b7d159
bolA,M56.1,#7fed44
ygfA,M56.1,#7fed44
mdtU,Basal machinery,#b7d159
yihI,Basal machinery,#b7d159
yihG,Basal machinery,#b7d159
b3796,Basal machinery,#b7d159
b3797,Basal machinery,#b7d159
mdtA,M56.25,#c947e0
mdtF,M56.1,#7fed44
mdtE,M56.1,#7fed44
mdtD,M56.25,#c947e0
yihV,M38,#f9b6db
focA,Basal machinery,#b7d159
yihT,M38,#f9b6db
yihU,M38,#f9b6db
yihS,M38,#f9b6db
b3798,Basal machinery,#b7d159
b3799,Basal machinery,#b7d159
hycD,Intermodular,#159626
hycE,Intermodular,#159626
hycF,Intermodular,#159626
hycG,Intermodular,#159626
hycA,Intermodular,#159626
hycB,Intermodular,#159626
hycC,Intermodular,#159626
wecD,Basal machinery,#b7d159
wecF,Basal machinery,#b7d159
hycH,Intermodular,#159626
hycI,Intermodular,#159626
wecB,Basal machinery,#b7d159
can,Basal machinery,#b7d159
purR,M56.27,#4885b5
purT,M56.27,#4885b5
mpaA,M56.12,#959bed
dxs,Basal machinery,#b7d159
osmC,Intermodular,#159626
purC,M56.27,#4885b5
trxC,M56.4,#f9a9b5
purA,Intermodular,#159626
osmB,M56.1,#7fed44
purF,M56.27,#4885b5
purE,M56.27,#4885b5
purD,Intermodular,#159626
purK,M56.27,#4885b5
b4270,Basal machinery,#b7d159
purH,Intermodular,#159626
purN,M56.27,#4885b5
purM,M56.27,#4885b5
purL,M56.27,#4885b5
chiZ,M56.6,#5c63b5
chiX,Basal machinery,#b7d159
nemA,M56.1,#7fed44
queA,Basal machinery,#b7d159
ydcI,M56.29,#e2d86a
fucO,M50,#dcafff
chiP,M56.6,#5c63b5
osmF,Basal machinery,#b7d159
fucK,M50,#dcafff
fucI,M50,#dcafff
bioD1,M25,#9bed44
fucU,M50,#dcafff
fucR,M50,#dcafff
nemR,M56.1,#7fed44
fpr,M56.1,#7fed44
feoB,Intermodular,#159626
feoC,Intermodular,#159626
ydcT,M56.1,#7fed44
feoA,Intermodular,#159626
ydcS,M56.1,#7fed44
cdaR,M15,#b25221
cpdB,Basal machinery,#b7d159
talA,M56.6,#5c63b5
groL,Basal machinery,#b7d159
spoT,Basal machinery,#b7d159
sucA,Basal machinery,#b7d159
sucC,Basal machinery,#b7d159
sucB,Basal machinery,#b7d159
sucD,Basal machinery,#b7d159
groS,Basal machinery,#b7d159
torD,M56.1,#7fed44
torA,M56.1,#7fed44
yncE,M56.1,#7fed44
uvrY,M56.41,#ead59d
pncC,Basal machinery,#b7d159
pncB,M7,#96ce4c
yfaE,Intermodular,#159626
torR,M56.1,#7fed44
nimR,M10,#5280b7
uvrD,Basal machinery,#b7d159
uvrC,Basal machinery,#b7d159
uvrB,M56.10,#a1d1e0
uvrA,Basal machinery,#b7d159
cutA,Basal machinery,#b7d159
RcsAB,M56.1,#7fed44
ulaE,M18,#4c51b5
ulaF,M18,#4c51b5
ulaG,M18,#4c51b5
ulaA,M18,#4c51b5
ulaB,M18,#4c51b5
ulaC,M18,#4c51b5
yrdA,Basal machinery,#b7d159
tktB,Basal machinery,#b7d159
b1231,Basal machinery,#b7d159
b1230,Basal machinery,#b7d159
asnA,M56.1,#7fed44
ycaR,Basal machinery,#b7d159
ulaR,M18,#4c51b5
mgtA,M56.1,#7fed44
lexA,Global regulator,#5ee3ed
HipAB,M56.2,#14aa28
cobT,Basal machinery,#b7d159
cobU,Basal machinery,#b7d159
cobS,Basal machinery,#b7d159
treA,Basal machinery,#b7d159
b2967,Basal machinery,#b7d159
cytR,M56.54,#88aa00
tsaE,Basal machinery,#b7d159
nupC,Intermodular,#159626
nrdA,Intermodular,#159626
nrdB,Intermodular,#159626
nupG,Intermodular,#159626
nrdE,Intermodular,#159626
nrdF,Intermodular,#159626
b4444,M56.1,#7fed44
nrdH,Intermodular,#159626
nrdI,Intermodular,#159626
rbfA,M56.35,#d882d4
yeaH,M56.1,#7fed44
blr,Basal machinery,#b7d159
ytfE,M56.28,#a5f7ed
nrdR,M56.34,#2be5cc
yeaR,M56.28,#a5f7ed
yeaY,Basal machinery,#b7d159
ytfK,Basal machinery,#b7d159
ytfJ,Basal machinery,#b7d159
waaB,Basal machinery,#b7d159
hspQ,Basal machinery,#b7d159
argP,M56.10,#a1d1e0
argR,M56.35,#d882d4
argS,Basal machinery,#b7d159
argT,M56.1,#7fed44
yjiT,Basal machinery,#b7d159
argH,M56.35,#d882d4
argI,M56.35,#d882d4
argO,M56.10,#a1d1e0
carB,Intermodular,#159626
argA,M56.35,#d882d4
argB,M56.35,#d882d4
argC,M56.35,#d882d4
argD,Intermodular,#159626
ibaG,M56.1,#7fed44
argF,M56.35,#d882d4
argG,M56.35,#d882d4
citX,M56.3,#13f462
yfgD,Basal machinery,#b7d159
htrE,Basal machinery,#b7d159
yggE,Basal machinery,#b7d159
b3545,Basal machinery,#b7d159
yfgG,Basal machinery,#b7d159
coaD,Basal machinery,#b7d159
yiiS,M56.1,#7fed44
citC,M56.3,#13f462
citD,M56.3,#13f462
citE,M56.3,#13f462
citF,M56.3,#13f462
citG,M56.3,#13f462
hybG,Basal machinery,#b7d159
hybF,Basal machinery,#b7d159
hybE,Basal machinery,#b7d159
hybD,Basal machinery,#b7d159
hybC,Basal machinery,#b7d159
hybB,Basal machinery,#b7d159
hybA,Basal machinery,#b7d159
hybO,Basal machinery,#b7d159
accD,M56.5,#d81c74
fmt,Basal machinery,#b7d159
accA,M56.5,#d81c74
accC,M56.5,#d81c74
accB,M56.5,#d81c74
lnt,Basal machinery,#b7d159
nepI,M56.1,#7fed44
yjeV,M56.10,#a1d1e0
mukE,Basal machinery,#b7d159
nudB,Basal machinery,#b7d159
pnp,M56.35,#d882d4
FlhDC,Global regulator,#5ee3ed
serC,Basal machinery,#b7d159
serA,M56.1,#7fed44
alaA,Basal machinery,#b7d159
treF,Basal machinery,#b7d159
copA,M56.23,#32ba7f
alaE,Basal machinery,#b7d159
flhC,Intermodular,#159626
aroB,Basal machinery,#b7d159
yqhG,M56.1,#7fed44
yqhD,M33,#a7ecf9
alaS,Basal machinery,#b7d159
yqhC,M33,#a7ecf9
yhiM,M56.1,#7fed44
hisP,Intermodular,#159626
yoeB,M55,#361c7c
grxB,Basal machinery,#b7d159
rcnR,M34,#c688e0
rnlA,M56.51,#317002
rnlB,M56.51,#317002
aroG,M56.12,#959bed
rcnB,M34,#c688e0
rcnA,M34,#c688e0
pheT,Basal machinery,#b7d159
hslR,Basal machinery,#b7d159
lapA,Basal machinery,#b7d159
aroM,Intermodular,#159626
erpA,M56.51,#317002
sulA,M56.1,#7fed44
hslV,Basal machinery,#b7d159
gyrB,Basal machinery,#b7d159
gyrA,M42,#f925cf
sohB,Basal machinery,#b7d159
ykgR,Basal machinery,#b7d159
yigB,Basal machinery,#b7d159
yigA,Basal machinery,#b7d159
betT,M19,#5c8bc9
mrp,Basal machinery,#b7d159
betB,M19,#5c8bc9
betA,M19,#5c8bc9
ybfG,Basal machinery,#b7d159
ybfE,Basal machinery,#b7d159
tfaQ,Basal machinery,#b7d159
betI,M19,#5c8bc9
ykgM,M56.50,#e2a12f
ybfN,M56.6,#5c63b5
ykgO,M56.50,#e2a12f
grxC,Basal machinery,#b7d159
dicA,M2,#d67573
grxA,M56.4,#f9a9b5
dicC,M2,#d67573
grxD,Basal machinery,#b7d159
GatR,M58,#ff4305
shoB,Basal machinery,#b7d159
ugpE,Basal machinery,#b7d159
elaB,Intermodular,#159626
leuD,M56.1,#7fed44
leuE,Basal machinery,#b7d159
osmE,Basal machinery,#b7d159
leuC,M56.1,#7fed44
hcaR,M27,#574dea
leuA,M56.1,#7fed44
leuO,M56.1,#7fed44
leuL,M56.1,#7fed44
hcaD,M27,#574dea
hcaE,M27,#574dea
hcaF,M27,#574dea
basR,M56.1,#7fed44
hcaB,M27,#574dea
hcaC,M27,#574dea
osmY,M56.1,#7fed44
asnB,M56.1,#7fed44
asnC,M56.1,#7fed44
ssb,Basal machinery,#b7d159
ydbK,M56.1,#7fed44
tsgA,Basal machinery,#b7d159
ydbD,Basal machinery,#b7d159
b1954,M56.1,#7fed44
dksA,Basal machinery,#b7d159
hisF,Basal machinery,#b7d159
radD,Basal machinery,#b7d159
hisA,Basal machinery,#b7d159
hisB,Basal machinery,#b7d159
hisM,Intermodular,#159626
hisH,Basal machinery,#b7d159
hisI,Basal machinery,#b7d159
hisJ,Intermodular,#159626
rmf,Intermodular,#159626
hisQ,Intermodular,#159626
creA,M56.6,#5c63b5
creB,M56.6,#5c63b5
creC,M56.6,#5c63b5
b0971,Basal machinery,#b7d159
frsA,Basal machinery,#b7d159
arfB,Basal machinery,#b7d159
arfA,Basal machinery,#b7d159
inaA,M56.1,#7fed44
manZ,Intermodular,#159626
ynbC,M56.1,#7fed44
ynbB,M56.1,#7fed44
ynbA,M56.1,#7fed44
ynbD,M56.1,#7fed44
manX,Intermodular,#159626
manY,Intermodular,#159626
hokD,M62,#3ed6a3
hokE,Basal machinery,#b7d159
manA,Basal machinery,#b7d159
ccmH,Intermodular,#159626
b4698,M56.1,#7fed44
b4699,Basal machinery,#b7d159
ccmE,Intermodular,#159626
ccmD,Intermodular,#159626
ccmF,Intermodular,#159626
ccmA,Intermodular,#159626
ccmC,Intermodular,#159626
ccmB,Intermodular,#159626
gnsA,Basal machinery,#b7d159
b4458,M56.4,#f9a9b5
b4459,Basal machinery,#b7d159
ycbB,Basal machinery,#b7d159
lpxA,M56.1,#7fed44
lpxB,Basal machinery,#b7d159
comR,M59,#c195f9
b4450,Basal machinery,#b7d159
b4451,Basal machinery,#b7d159
b4452,M56.1,#7fed44
csiE,Basal machinery,#b7d159
b3758,Basal machinery,#b7d159
glcD,Intermodular,#159626
glcE,Intermodular,#159626
glcF,Intermodular,#159626
glcG,Intermodular,#159626
lpxT,Basal machinery,#b7d159
glcA,Intermodular,#159626
glcB,Intermodular,#159626
glcC,M56.46,#b613d3
artQ,M56.35,#d882d4
artP,M56.35,#d882d4
marA,M56.1,#7fed44
marB,M56.1,#7fed44
acrZ,M56.1,#7fed44
yajO,Basal machinery,#b7d159
b0205,Basal machinery,#b7d159
b0204,Basal machinery,#b7d159
acrA,Intermodular,#159626
b0201,Basal machinery,#b7d159
marR,M56.1,#7fed44
b0202,Basal machinery,#b7d159
artI,M56.35,#d882d4
rrrD,Basal machinery,#b7d159
artJ,M56.35,#d882d4
artM,M56.35,#d882d4
panB,Basal machinery,#b7d159
ecpR,M56.1,#7fed44
mgrB,M56.1,#7fed44
cas1,M56.1,#7fed44
polB,Basal machinery,#b7d159
yqiG,Basal machinery,#b7d159
cas2,M56.1,#7fed44
yqiI,Basal machinery,#b7d159
ecpA,M56.1,#7fed44
lspA,Basal machinery,#b7d159
yajG,Basal machinery,#b7d159
ompA,Basal machinery,#b7d159
casE,M56.1,#7fed44
casD,M56.1,#7fed44
yjhG,Basal machinery,#b7d159
dacC,M56.1,#7fed44
casA,M56.1,#7fed44
casC,M56.1,#7fed44
casB,M56.1,#7fed44
pcm,Basal machinery,#b7d159
yjhI,Basal machinery,#b7d159
yjhH,Basal machinery,#b7d159
nusB,Basal machinery,#b7d159
yefM,M55,#361c7c
nusA,M56.35,#d882d4
b4454,Basal machinery,#b7d159
b4456,Basal machinery,#b7d159
b4457,M56.41,#ead59d
pepA,M56.48,#3391cc
lpxD,M56.1,#7fed44
pepD,M56.1,#7fed44
cyoA,Intermodular,#159626
lsrB,M52,#efcd53
pepP,Basal machinery,#b7d159
pepT,Basal machinery,#b7d159
cyoB,Intermodular,#159626
ybeZ,Basal machinery,#b7d159
ybeX,Basal machinery,#b7d159
ybeY,Basal machinery,#b7d159
yidL,M56.1,#7fed44
rbsA,M56.33,#05870e
yidQ,Basal machinery,#b7d159
ybeD,Basal machinery,#b7d159
rbsC,M56.33,#05870e
cvpA,M56.27,#4885b5
nac,M56.1,#7fed44
kdgR,M56.20,#b23335
lpxP,Basal machinery,#b7d159
nfuA,Intermodular,#159626
rraB,Basal machinery,#b7d159
mdtI,Basal machinery,#b7d159
ssuE,M56.1,#7fed44
ssuD,M56.1,#7fed44
hyaA,Intermodular,#159626
ssuA,M56.1,#7fed44
ssuC,M56.1,#7fed44
ssuB,M56.1,#7fed44
ccp,M56.4,#f9a9b5
fimA,M56.1,#7fed44
fimB,Intermodular,#159626
fimC,M56.1,#7fed44
fimD,M56.1,#7fed44
fimE,M56.1,#7fed44
fimF,M56.1,#7fed44
fimG,M56.1,#7fed44
fimH,M56.1,#7fed44
fimI,M56.1,#7fed44
cca,Basal machinery,#b7d159
acrR,M56.1,#7fed44
ttdR,M9,#20e544
b2591,Basal machinery,#b7d159
b2590,Basal machinery,#b7d159
fumA,Basal machinery,#b7d159
fumB,M56.3,#13f462
fumC,M56.1,#7fed44
amn,Basal machinery,#b7d159
yafX,Basal machinery,#b7d159
psd,Basal machinery,#b7d159
acrB,Intermodular,#159626
wrbA,M56.1,#7fed44
b1032,Basal machinery,#b7d159
acrF,Basal machinery,#b7d159
b0203,Basal machinery,#b7d159
acrE,Basal machinery,#b7d159
ftsI,M56.1,#7fed44
tyrB,M56.12,#959bed
mtnN,Basal machinery,#b7d159
yccT,M56.1,#7fed44
mqsR,M56.1,#7fed44
yccE,Basal machinery,#b7d159
yccA,Basal machinery,#b7d159
mqsA,M56.1,#7fed44
cydA,M56.43,#b9db55
cydB,M56.43,#b9db55
cydC,Basal machinery,#b7d159
cydD,Basal machinery,#b7d159
yccJ,M56.1,#7fed44
tdh,Basal machinery,#b7d159
ftsQ,M56.1,#7fed44
sra,M56.1,#7fed44
symE,Basal machinery,#b7d159
msyB,Basal machinery,#b7d159
aslB,M56.1,#7fed44
acs,Basal machinery,#b7d159
dpiB,M56.3,#13f462
dpiA,M56.3,#13f462
mngR,M3,#a1fc74
ibsD,Basal machinery,#b7d159
mngB,M3,#a1fc74
yafW,Basal machinery,#b7d159
b4429,Basal machinery,#b7d159
garL,M15,#b25221
garK,M15,#b25221
nrfF,M56.28,#a5f7ed
nrfG,M56.28,#a5f7ed
nrfD,M56.28,#a5f7ed
nrfE,M56.28,#a5f7ed
lon,M56.1,#7fed44
nrfC,M56.28,#a5f7ed
b4427,Basal machinery,#b7d159
nrfA,M56.28,#a5f7ed
yegR,M56.1,#7fed44
garR,M15,#b25221
garP,M15,#b25221
polA,M56.10,#a1d1e0
glpT,M41,#a3a4ff
b0216,Basal machinery,#b7d159
yqiH,Basal machinery,#b7d159
pdeL,M56.53,#62f7a0
pdeH,Basal machinery,#b7d159
pdeF,Basal machinery,#b7d159
glpR,M41,#a3a4ff
micL,Basal machinery,#b7d159
pdeR,M56.1,#7fed44
micA,Basal machinery,#b7d159
ygaC,Basal machinery,#b7d159
fliG,Intermodular,#159626
cbl,M56.1,#7fed44
zntA,M57,#869cf4
soxR,M56.1,#7fed44
soxS,M56.1,#7fed44
aceK,M56.5,#d81c74
glpE,Basal machinery,#b7d159
b0745,Basal machinery,#b7d159
aceB,M56.5,#d81c74
aceA,M56.5,#d81c74
agaD,M36,#d10e1e
aceF,M56.1,#7fed44
aceE,M56.1,#7fed44
rihB,Basal machinery,#b7d159
lysO,M56.35,#d882d4
lysA,Intermodular,#159626
lysC,M56.10,#a1d1e0
yaiW,Basal machinery,#b7d159
lysP,M56.10,#a1d1e0
lysR,M56.55,#a2f9b5
lysU,Basal machinery,#b7d159
rpmI,Basal machinery,#b7d159
degQ,Basal machinery,#b7d159
ansP,Basal machinery,#b7d159
ansB,Basal machinery,#b7d159
uxaB,M56.8,#ffc6d3
b2692,Basal machinery,#b7d159
b2693,Basal machinery,#b7d159
norW,Intermodular,#159626
norV,Intermodular,#159626
pth,Basal machinery,#b7d159
pta,Basal machinery,#b7d159
rclR,M30,#0b9183
yciT,Basal machinery,#b7d159
rclA,M30,#0b9183
rclC,M30,#0b9183
rclB,M30,#0b9183
zinT,Intermodular,#159626
lacI,M56.19,#2dd833
rhaR,M39,#12367c
lacY,Intermodular,#159626
lacZ,Intermodular,#159626
mpl,Basal machinery,#b7d159
b3855,Basal machinery,#b7d159
b3854,Basal machinery,#b7d159
atpI,Basal machinery,#b7d159
atpH,Basal machinery,#b7d159
b2588,Basal machinery,#b7d159
b2589,Basal machinery,#b7d159
b3853,Basal machinery,#b7d159
b3852,Basal machinery,#b7d159
atpC,Basal machinery,#b7d159
atpB,Basal machinery,#b7d159
atpA,Basal machinery,#b7d159
tehB,Basal machinery,#b7d159
atpG,Basal machinery,#b7d159
pfkB,Basal machinery,#b7d159
pfkA,Basal machinery,#b7d159
atpD,Basal machinery,#b7d159
tnaA,M56.1,#7fed44
hemH,M56.4,#f9a9b5
ybdZ,Basal machinery,#b7d159
hemN,Basal machinery,#b7d159
hemL,M56.1,#7fed44
yieE,Basal machinery,#b7d159
hyi,M24,#3edd04
hemA,Basal machinery,#b7d159
hemF,M56.4,#f9a9b5
ybdN,M56.1,#7fed44
hemW,Basal machinery,#b7d159
rplP,Basal machinery,#b7d159
ftsH,Basal machinery,#b7d159
nanK,M56.24,#5031af
nanM,Intermodular,#159626
cueR,M56.23,#32ba7f
frlA,M65,#78c92c
nanA,M56.24,#5031af
nanC,Intermodular,#159626
nanE,M56.24,#5031af
nanY,M56.24,#5031af
rseB,Intermodular,#159626
slmA,Basal machinery,#b7d159
nanQ,M56.24,#5031af
nanS,Intermodular,#159626
nanR,M56.24,#5031af
rplQ,Basal machinery,#b7d159
nanT,M56.24,#5031af
dgoK,M63,#61e27d
dgoD,M63,#61e27d
dgoA,M63,#61e27d
trmA,Basal machinery,#b7d159
sbcC,Basal machinery,#b7d159
trmD,Basal machinery,#b7d159
hicB,M49,#72fff7
trmH,Basal machinery,#b7d159
dgoT,M63,#61e27d
dgoR,M63,#61e27d
ybjP,Basal machinery,#b7d159
ybjG,M56.1,#7fed44
ybjC,Intermodular,#159626
ybjN,Intermodular,#159626
ves,Basal machinery,#b7d159
iraM,M56.1,#7fed44
frlR,M65,#78c92c
iraD,Basal machinery,#b7d159
valS,Basal machinery,#b7d159
b1975,Basal machinery,#b7d159
iraP,M56.1,#7fed44
b1977,Basal machinery,#b7d159
gsk,Basal machinery,#b7d159
zraS,M31,#80f2b1
astA,Intermodular,#159626
astB,Intermodular,#159626
astC,Intermodular,#159626
astD,Intermodular,#159626
astE,Intermodular,#159626
yjjQ,M56.1,#7fed44
avtA,Basal machinery,#b7d159
pntB,Basal machinery,#b7d159
pntA,Basal machinery,#b7d159
pldA,Basal machinery,#b7d159
tauB,M56.1,#7fed44
tauC,M56.1,#7fed44
tpiA,Basal machinery,#b7d159
tauA,M56.1,#7fed44
malZ,M56.9,#191977
tauD,M56.1,#7fed44
malY,M1,#003e59
malT,M56.9,#191977
malS,Intermodular,#159626
malP,M56.9,#191977
malQ,M56.9,#191977
malM,M56.9,#191977
malK,M56.9,#191977
malH,Intermodular,#159626
malI,M1,#003e59
malF,Intermodular,#159626
malG,Intermodular,#159626
malE,Intermodular,#159626
b4438,Basal machinery,#b7d159
b4439,Intermodular,#159626
glaR,M56.26,#66fff7
b4433,Basal machinery,#b7d159
ycdZ,M56.54,#88aa00
b4431,M56.1,#7fed44
b4436,Basal machinery,#b7d159
b4437,Basal machinery,#b7d159
b4435,Intermodular,#159626
glaH,M56.26,#66fff7
ibpA,Basal machinery,#b7d159
ibpB,Basal machinery,#b7d159
csgG,M56.1,#7fed44
csgF,M56.1,#7fed44
csgE,M56.1,#7fed44
csgD,M56.1,#7fed44
csgC,M56.1,#7fed44
csgB,M56.1,#7fed44
csgA,M56.1,#7fed44
hrsA,M3,#a1fc74
actP,Basal machinery,#b7d159
hha,M56.1,#7fed44
bepA,Basal machinery,#b7d159
mntH,Intermodular,#159626
mgtS,M56.1,#7fed44
mgtL,M56.1,#7fed44
YefM-YoeB,M55,#361c7c
mntP,M56.44,#1b1d96
mntS,M56.44,#1b1d96
mntR,M56.44,#1b1d96
azuC,Basal machinery,#b7d159
secB,Basal machinery,#b7d159
ilvY,M29,#29ad4e
ilvX,Basal machinery,#b7d159
secG,Basal machinery,#b7d159
ilvM,Basal machinery,#b7d159
ilvL,Basal machinery,#b7d159
alpA,M51,#096f9b
ilvN,Basal machinery,#b7d159
ilvI,Basal machinery,#b7d159
ilvH,Basal machinery,#b7d159
ilvE,Basal machinery,#b7d159
ilvD,Basal machinery,#b7d159
ilvG,Basal machinery,#b7d159
ilvA,Basal machinery,#b7d159
ilvC,M29,#29ad4e
ilvB,Basal machinery,#b7d159
hfq,Basal machinery,#b7d159
lhr,Basal machinery,#b7d159
yedX,M56.11,#edadc2
emrY,M56.1,#7fed44
allE,M24,#3edd04
allD,M24,#3edd04
allC,M24,#3edd04
allB,M24,#3edd04
allA,M24,#3edd04
poxB,Intermodular,#159626
gfcA,M56.1,#7fed44
ugpA,Basal machinery,#b7d159
ugpB,Basal machinery,#b7d159
ugpC,Basal machinery,#b7d159
emrK,M56.1,#7fed44
allS,M24,#3edd04
allR,M24,#3edd04
emrA,M56.36,#692bbf
emrB,M56.36,#692bbf
emrD,Basal machinery,#b7d159
ugpQ,Basal machinery,#b7d159
pcnB,Basal machinery,#b7d159
yibN,Basal machinery,#b7d159
yibA,Basal machinery,#b7d159
panC,Basal machinery,#b7d159
pck,M56.3,#13f462
panF,Basal machinery,#b7d159
panD,Basal machinery,#b7d159
yibQ,Basal machinery,#b7d159
pspE,M40,#82c436
prlC,Basal machinery,#b7d159
lsrA,M52,#efcd53
lsrC,M52,#efcd53
pspD,M40,#82c436
lsrD,M52,#efcd53
lsrG,M52,#efcd53
lsrF,M52,#efcd53
ysgA,Basal machinery,#b7d159
pspC,M40,#82c436
lsrK,M52,#efcd53
rbsB,M56.33,#05870e
rbsD,M56.33,#05870e
b2911,M56.1,#7fed44
pspB,M40,#82c436
lsrR,M52,#efcd53
pspA,M40,#82c436
ygbA,Basal machinery,#b7d159
rdcB,Basal machinery,#b7d159
rdcA,Basal machinery,#b7d159
rbsR,M56.33,#05870e
ygbK,Basal machinery,#b7d159
spy,M56.25,#c947e0
dapA,Basal machinery,#b7d159
ybiS,M56.1,#7fed44
lolA,M56.1,#7fed44
dapB,M56.10,#a1d1e0
dapE,Basal machinery,#b7d159
dapD,M56.10,#a1d1e0
ybiT,M60,#79e086
dapF,Basal machinery,#b7d159
ybiB,Basal machinery,#b7d159
ybiI,Basal machinery,#b7d159
b2864,Basal machinery,#b7d159
b2691,Basal machinery,#b7d159
arsB,M22,#e491ea
arsC,M22,#e491ea
bioB,M25,#9bed44
asr,M56.1,#7fed44
frlB,M65,#78c92c
frlC,M65,#78c92c
frlD,M65,#78c92c
cpxQ,Basal machinery,#b7d159
cpxP,Basal machinery,#b7d159
cpxR,Global regulator,#5ee3ed
oppA,M56.31,#ba02ce
oppC,M56.31,#ba02ce
oppB,M56.31,#ba02ce
oppD,M56.31,#ba02ce
oppF,M56.31,#ba02ce
cpxA,Basal machinery,#b7d159
guaB,Intermodular,#159626
recJ,Basal machinery,#b7d159
ydcV,M56.1,#7fed44
recN,M56.10,#a1d1e0
recO,Basal machinery,#b7d159
recB,Basal machinery,#b7d159
recC,Basal machinery,#b7d159
recA,Basal machinery,#b7d159
recF,M56.10,#a1d1e0
recG,Basal machinery,#b7d159
recD,Basal machinery,#b7d159
recX,Basal machinery,#b7d159
ispH,Basal machinery,#b7d159
recR,Basal machinery,#b7d159
ispE,Basal machinery,#b7d159
recQ,Basal machinery,#b7d159
ispA,Basal machinery,#b7d159
b2694,Basal machinery,#b7d159
hscB,Basal machinery,#b7d159
pspH,M40,#82c436
pspG,M40,#82c436
pspF,M40,#82c436
moaE,Intermodular,#159626
moaD,Intermodular,#159626
moaC,Intermodular,#159626
moaB,Intermodular,#159626
moaA,Intermodular,#159626
tatB,Basal machinery,#b7d159
hcr,Intermodular,#159626
b2695,Basal machinery,#b7d159
gntK,M56.13,#edadae
dinF,Basal machinery,#b7d159
dinD,Basal machinery,#b7d159
gph,Basal machinery,#b7d159
dinB,Basal machinery,#b7d159
guaA,Intermodular,#159626
dinJ,M47,#c1bc28
dinI,M56.6,#5c63b5
b1909,Basal machinery,#b7d159
cadA,M56.1,#7fed44
cadB,M56.1,#7fed44
cadC,M56.1,#7fed44
dinQ,Basal machinery,#b7d159
gpt,Basal machinery,#b7d159
gntR,M56.13,#edadae
yceI,Basal machinery,#b7d159
gntP,Intermodular,#159626
gntU,M56.13,#edadae
gntT,M56.13,#edadae
hyaB,Intermodular,#159626
viaA,Basal machinery,#b7d159
ubiX,M56.27,#4885b5
hyaC,Intermodular,#159626
ubiT,M56.1,#7fed44
bhsA,M59,#c195f9
greA,Basal machinery,#b7d159
ubiH,Basal machinery,#b7d159
hcp,Intermodular,#159626
hyaF,Intermodular,#159626
yeiB,M56.4,#f9a9b5
ubiC,Basal machinery,#b7d159
ubiA,Basal machinery,#b7d159
ymiC,Basal machinery,#b7d159
glrK,Basal machinery,#b7d159
hyaD,Intermodular,#159626
hyaE,Intermodular,#159626
ascG,M60,#79e086
ascF,M60,#79e086
glrR,M56.37,#088765
ascB,M60,#79e086
selO,M56.51,#317002
miaA,Basal machinery,#b7d159
ivbL,Basal machinery,#b7d159
ymgC,Intermodular,#159626
ymgA,Intermodular,#159626
alsE,M16,#f9be86
alsB,M16,#f9be86
alsC,M16,#f9be86
ptrA,Basal machinery,#b7d159
galT,Intermodular,#159626
galP,Intermodular,#159626
galR,M56.16,#4248a5
galS,M56.16,#4248a5
efp,Basal machinery,#b7d159
tatD,Basal machinery,#b7d159
galE,Intermodular,#159626
qseB,M56.1,#7fed44
galM,Intermodular,#159626
galK,Intermodular,#159626
puuA,M61,#d85293
gabT,Intermodular,#159626
hipA,M56.2,#14aa28
gabP,Intermodular,#159626
hipB,M56.2,#14aa28
gabD,Intermodular,#159626
puuE,M61,#d85293
hofM,Basal machinery,#b7d159
hofO,Basal machinery,#b7d159
hofN,Basal machinery,#b7d159
plaR,M13,#fc8f58
yhaV,Basal machinery,#b7d159
hofC,Basal machinery,#b7d159
hofB,Basal machinery,#b7d159
tpr,Basal machinery,#b7d159
yhaJ,M53,#166075
hofP,Basal machinery,#b7d159
tpx,Basal machinery,#b7d159
yoaC,M56.1,#7fed44
prpD,M60,#79e086
prpE,M60,#79e086
yoaG,M56.28,#a5f7ed
prpC,M60,#79e086
tatA,Basal machinery,#b7d159
b4609,Basal machinery,#b7d159
ubiI,Basal machinery,#b7d159
tcyP,M56.1,#7fed44
ygcB,Basal machinery,#b7d159
prpR,M60,#79e086
ubiG,Basal machinery,#b7d159
rflP,M56.1,#7fed44
hyfJ,M56.15,#1f257a
hyfI,M56.15,#1f257a
hyfH,M56.15,#1f257a
hyfC,M56.15,#1f257a
hyfB,M56.15,#1f257a
hyfA,M56.15,#1f257a
hyfG,M56.15,#1f257a
hyfF,M56.15,#1f257a
hyfE,M56.15,#1f257a
hyfD,M56.15,#1f257a
clpA,Basal machinery,#b7d159
hyfR,M56.15,#1f257a
clpB,Basal machinery,#b7d159
ssnA,Basal machinery,#b7d159
tatC,Basal machinery,#b7d159
rpiR,M16,#f9be86
hypT,M56.43,#b9db55
yafU,Basal machinery,#b7d159
plsB,Basal machinery,#b7d159
rpiB,M16,#f9be86
hypE,M56.15,#1f257a
hypD,M56.15,#1f257a
hypF,M56.15,#1f257a
hypA,M56.15,#1f257a
ldhA,Basal machinery,#b7d159
hypC,M56.15,#1f257a
hypB,M56.15,#1f257a
crr,Intermodular,#159626
crp,Global regulator,#5ee3ed
fkpB,Basal machinery,#b7d159
yjcB,M56.1,#7fed44
ydfB,Basal machinery,#b7d159
yjcH,Basal machinery,#b7d159
cra,Global regulator,#5ee3ed
rfe,Basal machinery,#b7d159
yjcS,Basal machinery,#b7d159
aaeR,M48,#9ff246
oxc,M56.1,#7fed44
b3275,Basal machinery,#b7d159
b3274,Basal machinery,#b7d159
b3277,Basal machinery,#b7d159
b3276,Basal machinery,#b7d159
b3273,Basal machinery,#b7d159
b3272,Basal machinery,#b7d159
b3278,Basal machinery,#b7d159
nlpA,M56.1,#7fed44
cysH,Intermodular,#159626
cysK,M56.1,#7fed44
thyA,Basal machinery,#b7d159
nlpE,Basal machinery,#b7d159
cbpA,Basal machinery,#b7d159
cbpM,Basal machinery,#b7d159
gmk,Basal machinery,#b7d159
mzrA,Basal machinery,#b7d159
glgA,M56.1,#7fed44
mhpR,M20,#672ba0
yicI,Basal machinery,#b7d159
mhpT,Basal machinery,#b7d159
mhpC,M20,#672ba0
mhpB,M20,#672ba0
mhpA,M20,#672ba0
mhpF,M20,#672ba0
mhpE,M20,#672ba0
mhpD,M20,#672ba0
fdhF,Intermodular,#159626
damX,Basal machinery,#b7d159
lgoR,M56.8,#ffc6d3
napG,Intermodular,#159626
napF,Intermodular,#159626
napD,Intermodular,#159626
napC,Intermodular,#159626
napB,Intermodular,#159626
napA,Intermodular,#159626
insI1,Basal machinery,#b7d159
hisS,Basal machinery,#b7d159
napH,Intermodular,#159626
ravA,Basal machinery,#b7d159
insC5,Basal machinery,#b7d159
ybhS,M67,#95c41d
ybhR,M67,#95c41d
ybhL,M56.1,#7fed44
ybhG,M67,#95c41d
ybhF,M67,#95c41d
tdcE,M12,#b6e560
tdcD,M12,#b6e560
tdcG,M12,#b6e560
tdcF,M12,#b6e560
tdcA,M12,#b6e560
tdcC,M12,#b6e560
tdcB,M12,#b6e560
tdcR,M12,#b6e560
b1911,Basal machinery,#b7d159
nlpD,Basal machinery,#b7d159
rutR,M56.1,#7fed44
glgB,M56.1,#7fed44
glgC,M56.1,#7fed44
dgcN,M56.1,#7fed44
rutC,M56.1,#7fed44
rutB,M56.1,#7fed44
rutA,M56.1,#7fed44
glgS,Basal machinery,#b7d159
rutG,M56.1,#7fed44
rutF,M56.1,#7fed44
rutE,M56.1,#7fed44
rutD,M56.1,#7fed44
dgcZ,M56.1,#7fed44
wcaA,M56.1,#7fed44
wcaB,M56.1,#7fed44
motA,Basal machinery,#b7d159
motB,Basal machinery,#b7d159
motR,Basal machinery,#b7d159
dsbA,Basal machinery,#b7d159
dsbC,Basal machinery,#b7d159
b4408,M56.41,#ead59d
dsbE,Intermodular,#159626
dsbG,M56.4,#f9a9b5
ydhK,Basal machinery,#b7d159
ydhJ,Basal machinery,#b7d159
ydhI,Basal machinery,#b7d159
ebgA,M43,#e89bd8
ebgC,M43,#e89bd8
ampC,M56.1,#7fed44
pssA,Basal machinery,#b7d159
ampG,Basal machinery,#b7d159
ampD,Basal machinery,#b7d159
ampE,Basal machinery,#b7d159
ydhY,M56.28,#a5f7ed
ydhX,M56.28,#a5f7ed
b4414,Basal machinery,#b7d159
ebgR,M43,#e89bd8
b4417,Basal machinery,#b7d159
ydhQ,Basal machinery,#b7d159
ydhW,M56.28,#a5f7ed
ydhV,M56.28,#a5f7ed
ydhU,M56.28,#a5f7ed
ydhT,M56.28,#a5f7ed
chbG,M56.6,#5c63b5
chbF,M56.6,#5c63b5
yafN,Basal machinery,#b7d159
yafO,Basal machinery,#b7d159
chbC,M56.6,#5c63b5
chbB,M56.6,#5c63b5
chbA,M56.6,#5c63b5
yafD,Basal machinery,#b7d159
yafE,Basal machinery,#b7d159
mipA,Basal machinery,#b7d159
ycfS,Basal machinery,#b7d159
flgC,Basal machinery,#b7d159
flgB,Basal machinery,#b7d159
flgA,Basal machinery,#b7d159
flgG,Basal machinery,#b7d159
flgF,Basal machinery,#b7d159
flgE,Basal machinery,#b7d159
flgD,Basal machinery,#b7d159
lptD,Basal machinery,#b7d159
flgJ,Basal machinery,#b7d159
flgI,Basal machinery,#b7d159
uxaC,M56.8,#ffc6d3
yafP,Basal machinery,#b7d159
flgN,M56.1,#7fed44
flgM,M56.1,#7fed44
lptC,Basal machinery,#b7d159
dhaK,M26,#002a56
dhaM,M26,#002a56
dhaL,M26,#002a56
dhaR,M26,#002a56
b0244,Basal machinery,#b7d159
yjbG,M56.1,#7fed44
yjbF,M56.1,#7fed44
yjbE,M56.1,#7fed44
mreB,M56.1,#7fed44
mreC,M56.1,#7fed44
b4707,Basal machinery,#b7d159
mreD,M56.1,#7fed44
yjbH,M56.1,#7fed44
fdnH,M56.28,#a5f7ed
bssS,M53,#166075
yjbR,M56.1,#7fed44
yjbQ,M56.1,#7fed44
deoR,M56.49,#acea60
ychQ,Basal machinery,#b7d159
rtcR,M64,#f9af6d
thrB,Basal machinery,#b7d159
ptsI,Intermodular,#159626
ptsH,Intermodular,#159626
ychF,M56.4,#f9a9b5
ychA,Basal machinery,#b7d159
ptsO,Basal machinery,#b7d159
ptsN,Basal machinery,#b7d159
ychO,Basal machinery,#b7d159
ychH,Basal machinery,#b7d159
ptsG,Intermodular,#159626
dppA,Basal machinery,#b7d159
dppB,Basal machinery,#b7d159
dppC,Basal machinery,#b7d159
dppD,Basal machinery,#b7d159
dppF,Basal machinery,#b7d159
uhpT,Intermodular,#159626
fhuE,Basal machinery,#b7d159
fhuD,Basal machinery,#b7d159
nuoA,Basal machinery,#b7d159
fhuA,Basal machinery,#b7d159
nuoG,Basal machinery,#b7d159
fhuC,Basal machinery,#b7d159
nuoE,Basal machinery,#b7d159
nuoJ,Basal machinery,#b7d159
nuoK,Basal machinery,#b7d159
nuoH,Basal machinery,#b7d159
nuoI,Basal machinery,#b7d159
nuoN,Basal machinery,#b7d159
nuoL,Basal machinery,#b7d159
nuoM,Basal machinery,#b7d159
phnP,Basal machinery,#b7d159
proX,Basal machinery,#b7d159
proW,Basal machinery,#b7d159
proV,Basal machinery,#b7d159
atpE,Basal machinery,#b7d159
proP,Basal machinery,#b7d159
qseC,M56.1,#7fed44
phnG,Basal machinery,#b7d159
phnD,Basal machinery,#b7d159
phnE,Basal machinery,#b7d159
phnC,Basal machinery,#b7d159
luxS,M56.41,#ead59d
ecnB,M56.1,#7fed44
phnO,Basal machinery,#b7d159
phnL,Basal machinery,#b7d159
phnM,Basal machinery,#b7d159
phnJ,Basal machinery,#b7d159
phnK,Basal machinery,#b7d159
phnH,Basal machinery,#b7d159
phnI,Basal machinery,#b7d159
lipB,Basal machinery,#b7d159
bcsZ,Basal machinery,#b7d159
thrS,Basal machinery,#b7d159
yfdE,M56.1,#7fed44
bcsB,Basal machinery,#b7d159
bcsE,Basal machinery,#b7d159
bcsF,Basal machinery,#b7d159
bcsG,Basal machinery,#b7d159
cecR,M67,#95c41d
yehF,M56.1,#7fed44
yobF,M56.1,#7fed44
b2397,Basal machinery,#b7d159
b2396,Basal machinery,#b7d159
yehR,Basal machinery,#b7d159
ycjG,M56.12,#959bed
yehW,Basal machinery,#b7d159
yehX,Basal machinery,#b7d159
yehY,Basal machinery,#b7d159
tpke11,Basal machinery,#b7d159
cnoX,Basal machinery,#b7d159
lldP,M28,#9e3bbf
bioC,M25,#9bed44
lldR,M28,#9e3bbf
bioA,M25,#9bed44
bioF,M25,#9bed44
ykfG,Basal machinery,#b7d159
lldD,M28,#9e3bbf
pabA,Basal machinery,#b7d159
b3864,Basal machinery,#b7d159
DinJ-YafQ,M47,#c1bc28
umpG,Basal machinery,#b7d159
mukB,Basal machinery,#b7d159
yhdT,Basal machinery,#b7d159
intQ,M2,#d67573
mukF,Basal machinery,#b7d159
intS,Basal machinery,#b7d159
ykfB,Basal machinery,#b7d159
tadA,Basal machinery,#b7d159
rlmE,Basal machinery,#b7d159
infC,Basal machinery,#b7d159
infB,M56.35,#d882d4
infA,Basal machinery,#b7d159
ihfA,Basal machinery,#b7d159
ihfB,Basal machinery,#b7d159
RelB-RelE,M62,#3ed6a3
ykfH,Basal machinery,#b7d159
atoB,M4,#457ca0
atoC,M4,#457ca0
azoR,Basal machinery,#b7d159
atoA,M4,#457ca0
pnuC,M7,#96ce4c
atoD,M4,#457ca0
atoE,M4,#457ca0
exuT,Intermodular,#159626
exuR,M56.8,#ffc6d3
rstB,M56.1,#7fed44
lyx,M13,#fc8f58
tufB,Basal machinery,#b7d159
tufA,Basal machinery,#b7d159
sxy,M23,#dd0273
chaC,M56.1,#7fed44
ycgZ,Intermodular,#159626
yagK,M56.1,#7fed44
ycgR,Basal machinery,#b7d159
rmlA2,Basal machinery,#b7d159
ygfK,Basal machinery,#b7d159
fldB,M56.1,#7fed44
thiQ,M44,#fcc7ca
fldA,M56.1,#7fed44
pyrR,M37,#d3527f
pyrH,Basal machinery,#b7d159
pyrF,Basal machinery,#b7d159
pyrD,M56.27,#4885b5
pyrC,M56.27,#4885b5
mdtC,M56.25,#c947e0
glpQ,M41,#a3a4ff
mdtB,M56.25,#c947e0
cstA,Basal machinery,#b7d159
glpX,M41,#a3a4ff
b0744,Basal machinery,#b7d159
glpD,M41,#a3a4ff
glpG,Basal machinery,#b7d159
glpF,M41,#a3a4ff
glpA,M41,#a3a4ff
glpC,M41,#a3a4ff
glpB,M41,#a3a4ff
glpK,M41,#a3a4ff
agp,Basal machinery,#b7d159
yciW,M56.1,#7fed44
cdd,M56.54,#88aa00
fxsA,Basal machinery,#b7d159
eda,Intermodular,#159626
edd,Intermodular,#159626
murD,M56.1,#7fed44
rseP,Basal machinery,#b7d159
tehA,Basal machinery,#b7d159
yciZ,Basal machinery,#b7d159
yciX,M56.1,#7fed44
yciG,M56.52,#dd1182
yciF,M56.52,#dd1182
yciE,M56.52,#dd1182
yciC,Basal machinery,#b7d159
yciB,Basal machinery,#b7d159
mdtJ,Basal machinery,#b7d159
ariR,Intermodular,#159626
rseC,Intermodular,#159626
rseA,Intermodular,#159626
focB,M56.15,#1f257a
rseD,Intermodular,#159626
yciH,Basal machinery,#b7d159
codB,Intermodular,#159626
yoaE,Basal machinery,#b7d159
codA,Intermodular,#159626
katE,Basal machinery,#b7d159
katG,M56.4,#f9a9b5
sroA,M44,#fcc7ca
essD,Basal machinery,#b7d159
mlaD,M56.1,#7fed44
mlaE,M56.1,#7fed44
mlaF,M56.1,#7fed44
dolP,Basal machinery,#b7d159
mlaB,M56.1,#7fed44
mlaC,M56.1,#7fed44
trg,Basal machinery,#b7d159
htpX,Basal machinery,#b7d159
yeiL,Basal machinery,#b7d159
nhaR,M56.22,#9fc0f9
flu,Intermodular,#159626
cfa,Basal machinery,#b7d159
nhaA,M56.22,#9fc0f9
birA,M25,#9bed44
yeiW,Basal machinery,#b7d159
yeiP,Basal machinery,#b7d159
bdm,M56.1,#7fed44
aaeA,M48,#9ff246
b4608,Basal machinery,#b7d159
aaeB,M48,#9ff246
folE,M56.4,#f9a9b5
ykfI,Basal machinery,#b7d159
folA,M56.12,#959bed
aaeX,M48,#9ff246
folK,Basal machinery,#b7d159
hydN,M56.15,#1f257a
rpoS,Global regulator,#5ee3ed
clpX,Basal machinery,#b7d159
rpoZ,Basal machinery,#b7d159
rpoA,Basal machinery,#b7d159
rpoE,Global regulator,#5ee3ed
rpoD,Global regulator,#5ee3ed
rpoH,Global regulator,#5ee3ed
rpoN,Global regulator,#5ee3ed
flxA,Basal machinery,#b7d159
lhgD,M56.26,#66fff7
yjaZ,Basal machinery,#b7d159
clpS,M56.1,#7fed44
rpsF,Basal machinery,#b7d159
rpsD,Basal machinery,#b7d159
rpsC,Basal machinery,#b7d159
rpsB,Basal machinery,#b7d159
rpsA,Basal machinery,#b7d159
fdnG,M56.28,#a5f7ed
rpsO,M56.35,#d882d4
fdnI,M56.28,#a5f7ed
rpsM,Basal machinery,#b7d159
rpsK,Basal machinery,#b7d159
rpsJ,Basal machinery,#b7d159
rpsI,Basal machinery,#b7d159
rpsU,Basal machinery,#b7d159
rpsS,Basal machinery,#b7d159
rpsR,Basal machinery,#b7d159
rpsQ,Basal machinery,#b7d159
rpsP,Basal machinery,#b7d159
deoA,Intermodular,#159626
deoB,Intermodular,#159626
deoC,Intermodular,#159626
deoD,Intermodular,#159626
cho,Basal machinery,#b7d159
fes,Basal machinery,#b7d159
phoQ,M56.1,#7fed44
phoP,M56.1,#7fed44
phoR,M51,#096f9b
phoU,Basal machinery,#b7d159
b2814,Basal machinery,#b7d159
b2815,Basal machinery,#b7d159
wza,M56.1,#7fed44
thiP,M44,#fcc7ca
ridA,Basal machinery,#b7d159
phoA,Basal machinery,#b7d159
phoB,Global regulator,#5ee3ed
phoE,Basal machinery,#b7d159
thiL,Basal machinery,#b7d159
thiB,M44,#fcc7ca
prlF,Basal machinery,#b7d159
dinG,Basal machinery,#b7d159
purB,M56.27,#4885b5
rdgB,Basal machinery,#b7d159
yiaA,Basal machinery,#b7d159
trxA,Basal machinery,#b7d159
yiaG,M56.1,#7fed44
uraA,Basal machinery,#b7d159
yiaK,M13,#fc8f58
yojI,Basal machinery,#b7d159
yiaM,M13,#fc8f58
yiaL,M13,#fc8f58
yiaO,M13,#fc8f58
yiaN,M13,#fc8f58
lamB,M56.9,#191977
tap,Basal machinery,#b7d159
narX,M56.31,#ba02ce
tar,Basal machinery,#b7d159
narU,Basal machinery,#b7d159
narW,Basal machinery,#b7d159
narV,Basal machinery,#b7d159
narQ,Basal machinery,#b7d159
narP,M56.28,#a5f7ed
narS,Basal machinery,#b7d159
narL,Global regulator,#5ee3ed
narI,M56.1,#7fed44
narH,M56.1,#7fed44
narK,Basal machinery,#b7d159
narJ,M56.1,#7fed44
tam,M52,#efcd53
narG,M56.1,#7fed44
rapZ,Basal machinery,#b7d159
gcd,Basal machinery,#b7d159
gcl,M24,#3edd04
b0743,Basal machinery,#b7d159
higA,M8,#f98eb7
higB,M8,#f98eb7
paaZ,M56.30,#c1ed89
paaX,M56.30,#c1ed89
paaY,M56.30,#c1ed89
paaB,Intermodular,#159626
paaC,Intermodular,#159626
paaA,Intermodular,#159626
paaF,Intermodular,#159626
paaG,Intermodular,#159626
paaD,Intermodular,#159626
paaE,Intermodular,#159626
paaJ,Intermodular,#159626
paaK,Intermodular,#159626
paaH,Intermodular,#159626
paaI,Intermodular,#159626
sdiA,M56.1,#7fed44
insK,Basal machinery,#b7d159
yrbN,Basal machinery,#b7d159
yrbL,M56.1,#7fed44
yrbG,Basal machinery,#b7d159
kbl,Basal machinery,#b7d159
dmsD,Basal machinery,#b7d159
dmsA,M56.31,#ba02ce
dmsB,M56.31,#ba02ce
dmsC,M56.31,#ba02ce
ruvA,Basal machinery,#b7d159
kbp,Basal machinery,#b7d159
ruvB,Basal machinery,#b7d159
ynjI,M56.1,#7fed44
ynjH,Basal machinery,#b7d159
tsf,Basal machinery,#b7d159
mutL,Basal machinery,#b7d159
mutM,Basal machinery,#b7d159
mutS,Basal machinery,#b7d159
b0883,Basal machinery,#b7d159
tsx,Intermodular,#159626
tsr,Basal machinery,#b7d159
tisB,Basal machinery,#b7d159
fucP,M50,#dcafff
pgaA,Intermodular,#159626
pgaB,Intermodular,#159626
pgaC,Intermodular,#159626
pgaD,Intermodular,#159626
modA,M56.31,#ba02ce
modB,M56.31,#ba02ce
modC,M56.31,#ba02ce
modE,M56.31,#ba02ce
b4165,Basal machinery,#b7d159
ydjM,Basal machinery,#b7d159
rapA,Basal machinery,#b7d159
b4163,Basal machinery,#b7d159
cusS,M56.11,#edadc2
ydcU,M56.1,#7fed44
nfo,M56.1,#7fed44
nadB,M7,#96ce4c
nadA,M7,#96ce4c
gudD,M15,#b25221
grpE,Basal machinery,#b7d159
gudX,M15,#b25221
cusC,M56.11,#edadc2
cusB,M56.11,#edadc2
yfjV,Basal machinery,#b7d159
cusF,M56.11,#edadc2
gudP,M15,#b25221
yadS,Basal machinery,#b7d159
yadV,Basal machinery,#b7d159
psiE,Basal machinery,#b7d159
psiF,Basal machinery,#b7d159
waaF,Basal machinery,#b7d159
rplY,Basal machinery,#b7d159
rplV,Basal machinery,#b7d159
rplW,Basal machinery,#b7d159
rplT,Basal machinery,#b7d159
rplU,M56.1,#7fed44
waaO,Basal machinery,#b7d159
rplS,Basal machinery,#b7d159
hlyE,M56.1,#7fed44
waaL,Basal machinery,#b7d159
waaS,Basal machinery,#b7d159
kdsA,Basal machinery,#b7d159
kdsB,Basal machinery,#b7d159
rplM,Basal machinery,#b7d159
kdsD,Basal machinery,#b7d159
waaU,Basal machinery,#b7d159
rplI,Basal machinery,#b7d159
waaZ,M56.1,#7fed44
waaY,M56.1,#7fed44
rplB,Basal machinery,#b7d159
rplC,Basal machinery,#b7d159
metR,M56.4,#f9a9b5
metQ,Intermodular,#159626
rep,Basal machinery,#b7d159
metB,Intermodular,#159626
metC,M56.4,#f9a9b5
metA,M56.4,#f9a9b5
metF,M56.4,#f9a9b5
metG,Basal machinery,#b7d159
metE,M56.4,#f9a9b5
metJ,M56.4,#f9a9b5
metK,M56.4,#f9a9b5
metH,M56.4,#f9a9b5
metI,Intermodular,#159626
metN,Intermodular,#159626
metL,Intermodular,#159626
yhbE,M56.1,#7fed44
caiT,M21,#c386f4
ycjX,M56.12,#959bed
ycjY,M56.12,#959bed
caiF,M21,#c386f4
caiE,M21,#c386f4
caiD,M21,#c386f4
caiC,M21,#c386f4
caiB,M21,#c386f4
caiA,M21,#c386f4
apt,Basal machinery,#b7d159
b4616,Basal machinery,#b7d159
uppP,Basal machinery,#b7d159
b4611,Basal machinery,#b7d159
ymjD,M56.12,#959bed
ymjE,M61,#d85293
ymjC,M56.12,#959bed
garD,M15,#b25221
mprA,M56.36,#692bbf
yegH,Basal machinery,#b7d159
nrfB,M56.28,#a5f7ed
pgm,M56.7,#4ad670
pgk,Basal machinery,#b7d159
pgi,M56.1,#7fed44
potI,M56.1,#7fed44
potH,M56.1,#7fed44
potG,M56.1,#7fed44
potF,M56.1,#7fed44
b4426,Basal machinery,#b7d159
prmA,Basal machinery,#b7d159
prmC,Basal machinery,#b7d159
bamD,Basal machinery,#b7d159
bamE,Basal machinery,#b7d159
pflB,Basal machinery,#b7d159
bamA,Basal machinery,#b7d159
bamB,Basal machinery,#b7d159
bamC,Basal machinery,#b7d159
ahpF,M56.4,#f9a9b5
yffP,Basal machinery,#b7d159
ahpC,M56.4,#f9a9b5
norR,M56.17,#c63da0
flgO,Basal machinery,#b7d159
udp,M56.54,#88aa00
rsd,Intermodular,#159626
ogt,Basal machinery,#b7d159
xylR,M56.14,#dd9a89
xylH,M56.14,#dd9a89
xylA,M56.14,#dd9a89
xylB,M56.14,#dd9a89
xylE,M56.14,#dd9a89
xylG,M56.14,#dd9a89
xylF,M56.14,#dd9a89
nfsA,Intermodular,#159626
nfsB,M56.1,#7fed44
rdoA,Basal machinery,#b7d159
dnaA,M56.10,#a1d1e0
dnaE,Basal machinery,#b7d159
dnaG,Basal machinery,#b7d159
dnaK,Basal machinery,#b7d159
dnaJ,Basal machinery,#b7d159
dnaN,M56.10,#a1d1e0
sdhX,Basal machinery,#b7d159
flgL,Basal machinery,#b7d159
sdhA,Basal machinery,#b7d159
sdhC,Basal machinery,#b7d159
sdhB,Basal machinery,#b7d159
sdhD,Basal machinery,#b7d159
yffB,Basal machinery,#b7d159
trpL,M56.39,#f4cbba
trpB,M56.39,#f4cbba
trpC,M56.39,#f4cbba
trpA,M56.39,#f4cbba
trpD,M56.39,#f4cbba
trpE,M56.39,#f4cbba
b2621,Basal machinery,#b7d159
trpR,M56.39,#f4cbba
trpS,Basal machinery,#b7d159
yliM,Basal machinery,#b7d159
yhdN,Basal machinery,#b7d159
rfaG,Basal machinery,#b7d159
rfaC,Basal machinery,#b7d159
fliI,Intermodular,#159626
pstS,Basal machinery,#b7d159
envZ,Basal machinery,#b7d159
envY,M56.18,#ff87a5
btuE,Basal machinery,#b7d159
btuD,Basal machinery,#b7d159
btuF,Basal machinery,#b7d159
ydeP,Intermodular,#159626
btuB,M56.1,#7fed44
pstC,Basal machinery,#b7d159
moeB,Basal machinery,#b7d159
moeA,Basal machinery,#b7d159
ydeO,M56.1,#7fed44
waaP,Basal machinery,#b7d159
ydeI,M56.1,#7fed44
ydeJ,Basal machinery,#b7d159
yhdZ,M56.1,#7fed44
envC,Basal machinery,#b7d159
ydeA,Basal machinery,#b7d159
yhdX,M56.1,#7fed44
yaeQ,Basal machinery,#b7d159
torC,M56.1,#7fed44
feaB,M56.1,#7fed44
yfiB,M56.1,#7fed44
nagE,M56.6,#5c63b5
nagB,M56.6,#5c63b5
nagC,M56.6,#5c63b5
nagA,Intermodular,#159626
feaR,M56.1,#7fed44
yfiR,M56.1,#7fed44
uidR,M56.42,#8838ea
b4577,M44,#fcc7ca
uidB,Intermodular,#159626
uidC,Intermodular,#159626
uidA,Intermodular,#159626
b4370,Basal machinery,#b7d159
aer,Basal machinery,#b7d159
dps,Intermodular,#159626
csrA,Basal machinery,#b7d159
clpP,Basal machinery,#b7d159
aroP,M56.12,#959bed
tyrR,M56.12,#959bed
tyrP,Intermodular,#159626
flhB,Basal machinery,#b7d159
aroA,Basal machinery,#b7d159
tyrA,Intermodular,#159626
flhA,Basal machinery,#b7d159
aroD,Basal machinery,#b7d159
aroF,Intermodular,#159626
flhE,Basal machinery,#b7d159
aroH,M56.39,#f4cbba
aroK,Basal machinery,#b7d159
aroL,Intermodular,#159626
ruvC,Basal machinery,#b7d159
nimT,M10,#5280b7
cusA,M56.11,#edadc2
b4597,Basal machinery,#b7d159
ydeM,Intermodular,#159626
ulaD,M18,#4c51b5
ydeN,Intermodular,#159626
ttdT,M9,#20e544
ttdA,M9,#20e544
ttdB,M9,#20e544
rpe,Basal machinery,#b7d159
rffG,Basal machinery,#b7d159
ibsC,Basal machinery,#b7d159
pitB,Basal machinery,#b7d159
b4625,Basal machinery,#b7d159
b4624,Basal machinery,#b7d159
hprR,M56.11,#edadc2
wzyE,Basal machinery,#b7d159
agaC,M36,#d10e1e
agaB,M36,#d10e1e
agaA,M36,#d10e1e
alsA,M16,#f9be86
yicJ,Basal machinery,#b7d159
sgrT,M44,#fcc7ca
agaI,M36,#d10e1e
hmp,M56.4,#f9a9b5
sgrR,M44,#fcc7ca
agaS,M36,#d10e1e
agaR,M36,#d10e1e
agaW,M36,#d10e1e
agaV,M36,#d10e1e
rpmA,M56.1,#7fed44
rpmC,Basal machinery,#b7d159
rpmE,Basal machinery,#b7d159
lgt,Basal machinery,#b7d159
bdcA,Basal machinery,#b7d159
rbn,Basal machinery,#b7d159
fabR,M56.47,#0a968a
fabZ,M56.1,#7fed44
fabD,M56.5,#d81c74
fabG,M56.5,#d81c74
fabF,Basal machinery,#b7d159
fabA,Intermodular,#159626
fabB,Intermodular,#159626
fabI,M56.5,#d81c74
fabH,M56.5,#d81c74
fkpA,Basal machinery,#b7d159
dam,Basal machinery,#b7d159
eptB,Basal machinery,#b7d159
b3123,M15,#b25221
ackA,Basal machinery,#b7d159
setA,M44,#fcc7ca
tynA,M56.1,#7fed44
mglA,M56.16,#4248a5
b2816,Basal machinery,#b7d159
mtlR,Basal machinery,#b7d159
xdhB,Basal machinery,#b7d159
mglC,M56.16,#4248a5
alkB,M6,#9cba09
arsR,M22,#e491ea
alkA,M6,#9cba09
phr,Basal machinery,#b7d159
mtlA,Basal machinery,#b7d159
nsrR,Global regulator,#5ee3ed
mtlD,Basal machinery,#b7d159
iscU,M56.51,#317002
fhlA,M56.15,#1f257a
iscS,M56.51,#317002
iscR,M56.51,#317002
iscX,Basal machinery,#b7d159
dusB,Basal machinery,#b7d159
fdx,Basal machinery,#b7d159
iscA,M56.51,#317002
lpxC,M56.1,#7fed44
mfd,Basal machinery,#b7d159
gutQ,M45,#e888d3
chpS,Basal machinery,#b7d159
nirD,M56.28,#a5f7ed
gutM,M45,#e888d3
nirC,M56.28,#a5f7ed
nirB,M56.28,#a5f7ed
chpB,Basal machinery,#b7d159
sufB,Intermodular,#159626
sufC,Intermodular,#159626
sufA,Intermodular,#159626
skp,M56.1,#7fed44
sufD,Intermodular,#159626
sufE,Intermodular,#159626
gluQ,Basal machinery,#b7d159
sufS,Intermodular,#159626
add,M56.33,#05870e
ada,M6,#9cba09
sutR,M56.1,#7fed44
pagP,M56.1,#7fed44
ppdA,Basal machinery,#b7d159
ppdB,Basal machinery,#b7d159
ppdC,Basal machinery,#b7d159
ppdD,Basal machinery,#b7d159
otsA,Basal machinery,#b7d159
otsB,Basal machinery,#b7d159
cusR,M56.11,#edadc2
rbsK,M56.33,#05870e
gspB,Basal machinery,#b7d159
gspC,M56.1,#7fed44
gspA,Basal machinery,#b7d159
gspF,M56.1,#7fed44
gspG,M56.1,#7fed44
gspD,M56.1,#7fed44
gspE,M56.1,#7fed44
gspJ,M56.1,#7fed44
gspK,M56.1,#7fed44
gspH,M56.1,#7fed44
gspI,M56.1,#7fed44
gspO,M56.1,#7fed44
gspL,M56.1,#7fed44
gspM,M56.1,#7fed44
nadC,Basal machinery,#b7d159
b0668,Basal machinery,#b7d159
sdsN,Basal machinery,#b7d159
rybA,M56.44,#1b1d96
b0666,Basal machinery,#b7d159
b0665,Basal machinery,#b7d159
b0664,Basal machinery,#b7d159
b1989,Basal machinery,#b7d159
rstA,M56.1,#7fed44
nadE,Basal machinery,#b7d159
b4368,Basal machinery,#b7d159
b4369,Basal machinery,#b7d159
murI,M56.1,#7fed44
murC,M56.1,#7fed44
leuB,M56.1,#7fed44
murE,M56.1,#7fed44
murF,M56.1,#7fed44
murG,M56.1,#7fed44
murP,M5,#ce47d3
murQ,M5,#ce47d3
murR,M5,#ce47d3
rarA,M56.1,#7fed44
bglJ,M56.1,#7fed44
bglB,M56.1,#7fed44
bglG,M56.1,#7fed44
bglF,M56.1,#7fed44
nohA,Basal machinery,#b7d159
bglX,Basal machinery,#b7d159
nadR,M7,#96ce4c
yddG,Basal machinery,#b7d159
tomB,M56.1,#7fed44
amtB,M56.1,#7fed44
ndh,M56.1,#7fed44
envR,M56.40,#e8ba71
yabI,Basal machinery,#b7d159
RcsB-BglJ,M56.1,#7fed44
appY,M56.3,#13f462
appX,Intermodular,#159626
waaA,Basal machinery,#b7d159
mazE,M56.2,#14aa28
mazF,M56.2,#14aa28
mazG,M56.2,#14aa28
appC,Intermodular,#159626
appB,Intermodular,#159626
appA,Intermodular,#159626
b4587,Basal machinery,#b7d159
hflD,M56.27,#4885b5
mraZ,M56.1,#7fed44
hflC,Basal machinery,#b7d159
mraY,M56.1,#7fed44
hflK,Basal machinery,#b7d159
mcbA,M56.52,#dd1182
waaJ,Basal machinery,#b7d159
mcbR,M56.52,#dd1182
hflX,Basal machinery,#b7d159
waaH,Basal machinery,#b7d159
fliX,M56.1,#7fed44
fliZ,M56.1,#7fed44
yffO,Basal machinery,#b7d159
fliT,Basal machinery,#b7d159
fliQ,Basal machinery,#b7d159
fliP,Basal machinery,#b7d159
fliS,Basal machinery,#b7d159
fliR,Basal machinery,#b7d159
fliM,Basal machinery,#b7d159
fliL,Basal machinery,#b7d159
fliO,Basal machinery,#b7d159
fliN,Basal machinery,#b7d159
yhdW,M56.1,#7fed44
fliH,Intermodular,#159626
fliK,Intermodular,#159626
fliJ,Intermodular,#159626
fliE,M56.1,#7fed44
fliD,Basal machinery,#b7d159
yhdY,M56.1,#7fed44
fliF,Intermodular,#159626
fliA,Global regulator,#5ee3ed
fliC,M56.1,#7fed44
yaiA,Intermodular,#159626
hslJ,M56.1,#7fed44
dut,Basal machinery,#b7d159
waaQ,Basal machinery,#b7d159
ftnA,Basal machinery,#b7d159
ftnB,Basal machinery,#b7d159
kdsC,Basal machinery,#b7d159
menA,Basal machinery,#b7d159
b4447,Basal machinery,#b7d159
rplD,Basal machinery,#b7d159
cmoM,Basal machinery,#b7d159
xdhA,Basal machinery,#b7d159
mglB,M56.16,#4248a5
xdhC,Basal machinery,#b7d159
hpt,Basal machinery,#b7d159
b4441,M56.37,#088765
ppsA,Basal machinery,#b7d159
hpf,Basal machinery,#b7d159
b4443,M56.32,#6bffd5
gapA,Basal machinery,#b7d159
yqaE,Basal machinery,#b7d159
yeaG,M56.1,#7fed44
nrdD,M56.34,#2be5cc
pdxJ,Basal machinery,#b7d159
b4445,M56.1,#7fed44
yghF,Basal machinery,#b7d159
pdxA,Basal machinery,#b7d159
nrdG,M56.34,#2be5cc
MazE-MazF,M56.2,#14aa28
wzxE,Basal machinery,#b7d159
hns,Global regulator,#5ee3ed
bcp,Basal machinery,#b7d159
