PreSplitGroup,Group,Node
1,1,BSU07735
1,1,BSU16845
1,1,BSU19810
1,1,BSU21670
1,1,BSU23329
1,1,BSU23330
1,1,BSU26390
1,1,BSU26559
1,1,BSU35239
1,1,BSU35609
1,1,BSU35699
1,1,BSU_29679
1,1,BSU_CDS_3119273
1,1,BSU_misc_RNA_2
1,1,BSU_misc_RNA_55
1,1,BSU_misc_RNA_67
1,1,BSU_misc_RNA_72
1,1,BSU_misc_RNA_82
1,1,BSU_misc_RNA_92
1,1,BSU_rRNA_19
1,1,BSU_rRNA_20
1,1,BSU_rRNA_21
1,1,G8J2-20
1,1,abf2
1,1,abfA
1,1,abn2
1,1,abnA
1,1,accA
1,1,accC2
1,1,accD
1,1,acdA
1,1,ackA
1,1,acoA
1,1,acoB
1,1,acoC
1,1,acoL
1,1,acoR
1,1,acpA
1,1,acpK
1,1,acsA
1,1,acuA
1,1,acuB
1,1,acuC
1,1,adaA
1,1,adaB
1,1,addA
1,1,addB
1,1,adeR
1,1,adhA
1,1,adhB
1,1,adhR
1,1,adk
1,1,ahpC
1,1,ahpF
1,1,albA
1,1,albB
1,1,albC
1,1,albD
1,1,albE
1,1,albF
1,1,albG
1,1,ald
1,1,aldY
1,1,alkA
1,1,allB
1,1,alr2
1,1,alsD
1,1,alsR
1,1,alsS
1,1,amhX
1,1,amyC
1,1,amyD
1,1,amyE
1,1,amyX
1,1,ansA
1,1,ansB
1,1,ansZ
1,1,antE
1,1,aprE
1,1,aprX
1,1,araA
1,1,araB
1,1,araD
1,1,araE
1,1,araL
1,1,araN
1,1,araP
1,1,araQ
1,1,arfM
1,1,argB
1,1,argC
1,1,argD
1,1,argF
1,1,argJ
1,1,arsB
1,1,arsC
1,1,asd
1,1,asnH
1,1,asnO
1,1,azoR2
1,1,azr
1,1,bacA
1,1,bacB
1,1,bacC
1,1,bacD
1,1,bacE
1,1,bcrC
1,1,bdbC
1,1,bdbD
1,1,bglH
1,1,bglP
1,1,bglS
1,1,birA
1,1,blt
1,1,bltD
1,1,bltR
1,1,bmr
1,1,bmrA
1,1,bmrR
1,1,bmrU
1,1,bofA
1,1,bofC
1,1,bpr
1,1,braB
1,1,bshA
1,1,bshB1
1,1,bshB2
1,1,bsn
1,1,bsrG
1,1,cadA
1,1,capA
1,1,capB
1,1,capC
1,1,carA
1,1,carB
1,1,catD
1,1,catE
1,1,cca
1,1,cccA
1,1,ccdA
1,1,ccdB
1,1,ccdC
1,1,ccpB
1,1,cdd
1,1,cgeA
1,1,cgeB
1,1,cgeC
1,1,cgeD
1,1,cgeE
1,1,chaA
1,1,cheA
1,1,cheB
1,1,cheC
1,1,cheD
1,1,cheV
1,1,cheW
1,1,cheY
1,1,cidA
1,1,cisA
1,1,citA
1,1,citM
1,1,citN
1,1,citT
1,1,citZ
1,1,clpC
1,1,clpE
1,1,clpP
1,1,clpQ
1,1,clpX
1,1,clpY
1,1,coaE
1,1,coaX
1,1,comA
1,1,comB
1,1,comC
1,1,comEA
1,1,comEB
1,1,comEC
1,1,comFA
1,1,comFB
1,1,comFC
1,1,comGA
1,1,comGB
1,1,comGC
1,1,comGD
1,1,comGE
1,1,comGF
1,1,comGG
1,1,comK
1,1,comN
1,1,comP
1,1,comQ
1,1,comS
1,1,comX
1,1,comZ
1,1,copA
1,1,copZ
1,1,corA
1,1,cotB
1,1,cotE
1,1,cotF
1,1,cotG
1,1,cotH
1,1,cotI
1,1,cotJA
1,1,cotJB
1,1,cotJC
1,1,cotM
1,1,cotO
1,1,cotR
1,1,cotS
1,1,cotSA
1,1,cotT
1,1,cotV
1,1,cotW
1,1,cotX
1,1,cotY
1,1,cotZ
1,1,coxA
1,1,crh
1,1,csbA
1,1,csbB
1,1,csbC
1,1,csbD
1,1,csbX
1,1,cse15
1,1,cse60
1,1,csfB
1,1,csgA
1,1,csk22
1,1,cspB
1,1,cspR
1,1,csrA
1,1,cssR
1,1,cssS
1,1,cstA
1,1,ctaA
1,1,ctc
1,1,ctpB
1,1,cwlC
1,1,cwlD
1,1,cwlH
1,1,cwlJ
1,1,cwlO
1,1,cycB
1,1,cydA
1,1,cydB
1,1,cydC
1,1,cydD
1,1,cypC
1,1,cypE
1,1,cysC
1,1,cysE
1,1,cysH
1,1,cysI
1,1,cysJ
1,1,cysK
1,1,cysP
1,1,cysS
1,1,dacB
1,1,dacC
1,1,dacF
1,1,dapA
1,1,dapB
1,1,dapG
1,1,dctA
1,1,dctB
1,1,ddl
1,1,defA
1,1,degQ
1,1,degR
1,1,degS
1,1,deoC
1,1,des
1,1,desR
1,1,dhbA
1,1,dhbB
1,1,dhbC
1,1,dhbE
1,1,dhbF
1,1,dinB
1,1,dinB2
1,1,disA
1,1,divIB
1,1,divIC
1,1,dltA
1,1,dltB
1,1,dltC
1,1,dltD
1,1,dltE
1,1,dnaA
1,1,dnaE
1,1,dnaG
1,1,dnaJ
1,1,dnaK
1,1,dnaN
1,1,dpaA
1,1,dpaB
1,1,dppA
1,1,dppB
1,1,dppC
1,1,dppD
1,1,dppE
1,1,dps
1,1,drm
1,1,dus1
1,1,efeM
1,1,efeN
1,1,efeU
1,1,eglS
1,1,egsA
1,1,engB
1,1,eno
1,1,epr
1,1,epsC
1,1,epsD
1,1,epsE
1,1,epsF
1,1,epsG
1,1,epsH
1,1,epsI
1,1,epsJ
1,1,epsK
1,1,epsL
1,1,epsM
1,1,epsN
1,1,epsO
1,1,era
1,1,est
1,1,etfA
1,1,etfB
1,1,exoA
1,1,expZ
1,1,exuT
1,1,ezrA
1,1,fabD
1,1,fabG
1,1,fabL
1,1,fadA
1,1,fadB
1,1,fadE
1,1,fadF
1,1,fadM
1,1,fadN
1,1,fbp
1,1,feuA
1,1,feuB
1,1,feuC
1,1,ffh
1,1,flgB
1,1,flgC
1,1,flgG
1,1,flgK
1,1,flgL
1,1,flgM
1,1,flhA
1,1,flhB
1,1,flhF
1,1,flhO
1,1,flhP
1,1,fliD
1,1,fliE
1,1,fliF
1,1,fliG
1,1,fliH
1,1,fliI
1,1,fliJ
1,1,fliK
1,1,fliL
1,1,fliM
1,1,fliP
1,1,fliQ
1,1,fliR
1,1,fliS
1,1,fliT
1,1,fliW
1,1,fliY
1,1,fliZ
1,1,fmt
1,1,fnr
1,1,folB
1,1,folC
1,1,folE
1,1,folE2
1,1,folK
1,1,frlB
1,1,frlD
1,1,ftsA
1,1,ftsH
1,1,ftsW
1,1,ftsY
1,1,ftsZ
1,1,fumC
1,1,gabD
1,1,gabP
1,1,gabT
1,1,galE
1,1,galM
1,1,gamA
1,1,gamP
1,1,ganA
1,1,ganB
1,1,ganP
1,1,ganQ
1,1,gapA
1,1,gapB
1,1,gbsA
1,1,gbsB
1,1,gdh
1,1,gerAA
1,1,gerAB
1,1,gerAC
1,1,gerBA
1,1,gerBB
1,1,gerBC
1,1,gerD
1,1,gerKA
1,1,gerKB
1,1,gerKC
1,1,gerM
1,1,gerQ
1,1,ggaA
1,1,ggaB
1,1,glcP
1,1,glcT
1,1,glcU
1,1,glgA
1,1,glgB
1,1,glgC
1,1,glgD
1,1,glgP
1,1,glmM
1,1,glmS
1,1,glmU
1,1,glnA
1,1,glnH
1,1,glnL
1,1,glnM
1,1,glnP
1,1,glnQ
1,1,glnT
1,1,glpD
1,1,glpP
1,1,glpQ
1,1,glpT
1,1,glsA1
1,1,gltA
1,1,gltB
1,1,gltX
1,1,glvA
1,1,glvR
1,1,glxK
1,1,glyA
1,1,gmk
1,1,gmuA
1,1,gmuB
1,1,gmuC
1,1,gmuD
1,1,gmuE
1,1,gmuF
1,1,gmuG
1,1,gntK
1,1,gntP
1,1,gntZ
1,1,gpmI
1,1,gpr
1,1,groL
1,1,groS
1,1,grpE
1,1,gsiB
1,1,gspA
1,1,gtaB
1,1,guaA
1,1,guaB
1,1,guaC
1,1,guaD
1,1,gudB
1,1,gutA
1,1,gutB
1,1,gutR
1,1,gyrA
1,1,gyrB
1,1,hemA
1,1,hemAT
1,1,hemB
1,1,hemC
1,1,hemD
1,1,hemL
1,1,hemN
1,1,hemX
1,1,hemZ
1,1,hmp
1,1,hprK
1,1,hprT
1,1,hslO
1,1,htpG
1,1,htpX
1,1,htrA
1,1,htrB
1,1,hupA
1,1,hutG
1,1,hutH
1,1,hutI
1,1,hutM
1,1,hutP
1,1,hutU
1,1,icd
1,1,ilvB
1,1,ilvC
1,1,ilvH
1,1,infA
1,1,infB
1,1,iolA
1,1,iolB
1,1,iolC
1,1,iolD
1,1,iolE
1,1,iolF
1,1,iolG
1,1,iolH
1,1,iolI
1,1,iolJ
1,1,iolS
1,1,iolW
1,1,ipi
1,1,iscS1
1,1,isp
1,1,ispD
1,1,ispF
1,1,ispG
1,1,jag
1,1,kamA
1,1,kapB
1,1,katE
1,1,katX
1,1,kdgA
1,1,kdgK
1,1,kdgT
1,1,kduD
1,1,kduI
1,1,kinA
1,1,kinB
1,1,kinC
1,1,kinE
1,1,ktrC
1,1,ku
1,1,lcfA
1,1,lcfB
1,1,lctP
1,1,ldh
1,1,lepA
1,1,leuA
1,1,leuB
1,1,leuC
1,1,leuD
1,1,levB
1,1,lgt
1,1,liaF
1,1,liaG
1,1,liaH
1,1,liaI
1,1,liaR
1,1,liaS
1,1,licA
1,1,licB
1,1,licC
1,1,licH
1,1,licR
1,1,licT
1,1,ligA
1,1,ligd
1,1,lmrB
1,1,lon1
1,1,lon2
1,1,lplD
1,1,lrpC
1,1,ltaS1
1,1,lutR
1,1,luxS
1,1,lysA
1,1,lysS
1,1,lytA
1,1,lytB
1,1,lytC
1,1,lytD
1,1,lytE
1,1,lytF
1,1,lytH
1,1,maeA
1,1,maeN
1,1,maf
1,1,malP
1,1,malR
1,1,manA
1,1,manP
1,1,manR
1,1,map
1,1,mapB
1,1,mbl
1,1,mccA
1,1,mccB
1,1,mciZ
1,1,mcpA
1,1,mcpB
1,1,mcpC
1,1,mcsA
1,1,mcsB
1,1,mdh
1,1,mecA
1,1,med
1,1,melA
1,1,menB
1,1,menC
1,1,menD
1,1,menE
1,1,menF
1,1,menH
1,1,metA
1,1,metC
1,1,metI
1,1,metN
1,1,metP
1,1,metQ
1,1,mgfK
1,1,mgsA
1,1,mgsR
1,1,mhqA
1,1,mhqD
1,1,mhqE
1,1,mhqN
1,1,mhqO
1,1,mhqP
1,1,minC
1,1,minD
1,1,minJ
1,1,misCA
1,1,mleN
1,1,mmgA
1,1,mmgB
1,1,mmgC
1,1,mmgD
1,1,mnmA
1,1,mntR
1,1,motA
1,1,motB
1,1,moxC
1,1,mraY
1,1,mreB
1,1,mreBH
1,1,mreC
1,1,mreD
1,1,mrgA
1,1,mrnC
1,1,msmE
1,1,msrA
1,1,msrB
1,1,mta
1,1,mtaB
1,1,mtlA
1,1,mtlD
1,1,mtlF
1,1,mtlR
1,1,mtnA
1,1,mtnB
1,1,mtnD
1,1,mtnE
1,1,mtnK
1,1,mtnN
1,1,mtnU
1,1,mtnW
1,1,mtnX
1,1,mtrB
1,1,murAA
1,1,murB
1,1,murD
1,1,murE
1,1,murF
1,1,murG
1,1,mutM
1,1,nadA
1,1,nadB
1,1,nadC
1,1,nadE
1,1,nagA
1,1,nagB
1,1,nagP
1,1,narG
1,1,narH
1,1,narI
1,1,narJ
1,1,narK
1,1,nasB
1,1,nasC
1,1,nasD
1,1,nasE
1,1,nasF
1,1,new_1077024_1077320_c
1,1,new_1399409_1400187
1,1,new_148755_148930
1,1,new_1569226_1569349_c
1,1,new_2273724_2273988_c
1,1,new_3035475_3036308_c
1,1,new_3036310_3036529_c
1,1,new_3460206_3462957
1,1,new_3631609_3631729_c
1,1,new_3708133_3708785
1,1,new_4164565_4165231
1,1,nfrA1
1,1,nhaC
1,1,nhaX
1,1,nifS
1,1,nin
1,1,nnrD
1,1,nprB
1,1,nrdE
1,1,nrdF
1,1,nrdI
1,1,nrgA
1,1,nrgB
1,1,ntdA
1,1,ntdB
1,1,ntdC
1,1,nucA
1,1,nucB
1,1,nupC
1,1,obg
1,1,odhA
1,1,odhB
1,1,ogt
1,1,ohrB
1,1,ohrR
1,1,opuAA
1,1,opuAB
1,1,opuAC
1,1,opuBA
1,1,opuBB
1,1,opuBC
1,1,opuBD
1,1,opuCA
1,1,opuCB
1,1,opuCC
1,1,opuCD
1,1,opuD
1,1,opuE
1,1,pabA
1,1,pabB
1,1,pabC
1,1,panE
1,1,parC
1,1,parE
1,1,pbpD
1,1,pbpF
1,1,pbpG
1,1,pbpI
1,1,pbpX
1,1,pbuX
1,1,pckA
1,1,pcrA
1,1,pcrB
1,1,pdaA
1,1,pdaB
1,1,pdhA
1,1,pdhB
1,1,pdhC
1,1,pdhD
1,1,pdp
1,1,pel
1,1,pfyP
1,1,pgdS
1,1,pgk
1,1,pgl
1,1,pheA
1,1,pheS
1,1,pheT
1,1,phoA
1,1,phoB
1,1,phoD
1,1,phoR
1,1,phrA
1,1,phrC
1,1,phrE
1,1,phrF
1,1,phrG
1,1,phrH
1,1,phrI
1,1,phrK
1,1,pksC
1,1,pksD
1,1,pksE
1,1,pksF
1,1,pksG
1,1,pksH
1,1,pksI
1,1,pksJ
1,1,pksL
1,1,pksM
1,1,pksN
1,1,pksR
1,1,plsX
1,1,polA
1,1,ponA
1,1,ppaX
1,1,ppiB
1,1,prfB
1,1,prkA
1,1,prmA
1,1,proA
1,1,proB
1,1,proH
1,1,proI
1,1,proJ
1,1,prpB
1,1,prpD
1,1,prs
1,1,psd
1,1,psiE
1,1,pssA
1,1,pstB1
1,1,pstB2
1,1,pstS
1,1,pta
1,1,ptsG
1,1,ptsH
1,1,ptsI
1,1,pucA
1,1,pucB
1,1,pucC
1,1,pucD
1,1,pucE
1,1,pucF
1,1,pucG
1,1,pucJ
1,1,pucK
1,1,pucL
1,1,pucM
1,1,punA
1,1,purA
1,1,purB
1,1,purC
1,1,purD
1,1,purE
1,1,purF
1,1,purH
1,1,purK
1,1,purL
1,1,purM
1,1,purN
1,1,purQ
1,1,purS
1,1,purT
1,1,pyc
1,1,pyrAA
1,1,pyrAB
1,1,pyrB
1,1,pyrC
1,1,pyrD
1,1,pyrE
1,1,pyrF
1,1,pyrG
1,1,pyrK
1,1,pyrP
1,1,pyrR
1,1,qcrA
1,1,qcrB
1,1,qcrC
1,1,racA
1,1,radA
1,1,rapA
1,1,rapB
1,1,rapC
1,1,rapD
1,1,rapE
1,1,rapF
1,1,rapG
1,1,rapH
1,1,rapI
1,1,rapK
1,1,rbfA
1,1,rbsA
1,1,rbsB
1,1,rbsC
1,1,rbsD
1,1,rbsK
1,1,rbsR
1,1,recA
1,1,recF
1,1,recO
1,1,recU
1,1,resA
1,1,resB
1,1,resC
1,1,resD
1,1,resE
1,1,rfbB
1,1,rhaA
1,1,rhaB
1,1,rhaM
1,1,rhgT
1,1,ribBA
1,1,ribD
1,1,ribE
1,1,ribH
1,1,ribR
1,1,ribT
1,1,rimM
1,1,rimP
1,1,rlmN
1,1,rmlA
1,1,rnc
1,1,rnhB
1,1,rnjA
1,1,rnjB
1,1,rnr
1,1,rodA
1,1,rplB
1,1,rplC
1,1,rplD
1,1,rplE
1,1,rplF
1,1,rplGA
1,1,rplN
1,1,rplO
1,1,rplP
1,1,rplQ
1,1,rplR
1,1,rplS
1,1,rplV
1,1,rplW
1,1,rplX
1,1,rpmC
1,1,rpmD
1,1,rpmE2
1,1,rpmGB
1,1,rpmH
1,1,rpmJ
1,1,rpoA
1,1,rpoB
1,1,rpoC
1,1,rpoE
1,1,rpoZ
1,1,rpsC
1,1,rpsE
1,1,rpsF
1,1,rpsH
1,1,rpsJ
1,1,rpsK
1,1,rpsM
1,1,rpsN1
1,1,rpsP
1,1,rpsQ
1,1,rpsR
1,1,rpsS
1,1,rsbRA
1,1,rsbRD
1,1,rsbS
1,1,rsbT
1,1,rsbU
1,1,rsbV
1,1,rsbW
1,1,rsbX
1,1,rsgI
1,1,rsiX
1,1,rsmB
1,1,rsmE
1,1,rtpA
1,1,ruvA
1,1,ruvB
1,1,sacB
1,1,sacX
1,1,sacY
1,1,safA
1,1,sat
1,1,sbcC
1,1,sbcD
1,1,sboA
1,1,sboX
1,1,sbp
1,1,scoA
1,1,scoB
1,1,sda
1,1,sdhA
1,1,sdhB
1,1,sdhC
1,1,sdpA
1,1,sdpB
1,1,sdpC
1,1,sdpI
1,1,secA
1,1,secDF
1,1,secE
1,1,secG
1,1,secY
1,1,serA
1,1,sigA
1,1,sigD
1,1,sigI
1,1,sigY
1,1,sinI
1,1,sipS
1,1,sipT
1,1,sipV
1,1,sipW
1,1,sirA
1,1,sirB
1,1,sirC
1,1,skfA
1,1,skfB
1,1,skfC
1,1,skfE
1,1,skfF
1,1,skfG
1,1,skfH
1,1,sleB
1,1,smc
1,1,smpB
1,1,sodA
1,1,sodF
1,1,speB
1,1,speE
1,1,speH
1,1,splB
1,1,spmA
1,1,spmB
1,1,spo0B
1,1,spo0E
1,1,spo0F
1,1,spo0M
1,1,spoIIAA
1,1,spoIIAB
1,1,spoIID
1,1,spoIIE
1,1,spoIIGA
1,1,spoIIIAA
1,1,spoIIIAB
1,1,spoIIIAC
1,1,spoIIIAD
1,1,spoIIIAE
1,1,spoIIIAF
1,1,spoIIIAG
1,1,spoIIIAH
1,1,spoIIIE
1,1,spoIIM
1,1,spoIIP
1,1,spoIIQ
1,1,spoIIR
1,1,spoIISA
1,1,spoIISB
1,1,spoIVA
1,1,spoIVB
1,1,spoIVFA
1,1,spoIVFB
1,1,spoVAA
1,1,spoVAB
1,1,spoVAC
1,1,spoVAD
1,1,spoVAEA
1,1,spoVAEB
1,1,spoVAF
1,1,spoVB
1,1,spoVC
1,1,spoVD
1,1,spoVE
1,1,spoVID
1,1,spoVIF
1,1,spoVK
1,1,spoVM
1,1,spoVR
1,1,spoVS
1,1,spsA
1,1,spsB
1,1,spsC
1,1,spsD
1,1,spsE
1,1,spsF
1,1,spsG
1,1,spsK
1,1,spsL
1,1,sqhC
1,1,srfAA
1,1,srfAB
1,1,srfAC
1,1,srfAD
1,1,ssbA
1,1,ssbB
1,1,sspA
1,1,sspB
1,1,sspC
1,1,sspD
1,1,sspE
1,1,sspF
1,1,sspG
1,1,sspH
1,1,sspI
1,1,sspJ
1,1,sspK
1,1,sspL
1,1,sspM
1,1,sspN
1,1,sspO
1,1,sspP
1,1,ssuA
1,1,ssuB
1,1,ssuC
1,1,ssuD
1,1,stoA
1,1,sufB
1,1,sufC
1,1,sufD
1,1,sufS
1,1,sufU
1,1,suhB
1,1,sul
1,1,sumT
1,1,swrAA
1,1,swrB
1,1,tadA
1,1,tagA
1,1,tagB
1,1,tagC
1,1,tagD
1,1,tagE
1,1,tagF
1,1,tagG
1,1,tagH
1,1,tasA
1,1,tatAd
1,1,tatC1
1,1,tcyJ
1,1,tcyK
1,1,tcyL
1,1,tcyM
1,1,tcyN
1,1,tepA
1,1,tetB
1,1,tetL
1,1,tgl
1,1,thiE
1,1,thiM
1,1,thrS
1,1,thrZ
1,1,tilS
1,1,tlp
1,1,tlpA
1,1,tlpB
1,1,tlpC
1,1,topB
1,1,tpiA
1,1,tpx
1,1,treA
1,1,treP
1,1,trmD
1,1,trmFO
1,1,trpP
1,1,trxA
1,1,trxB
1,1,tuaA
1,1,tuaB
1,1,tuaC
1,1,tuaD
1,1,tuaE
1,1,tuaF
1,1,tuaG
1,1,tuaH
1,1,txpA
1,1,tyrS1
1,1,ugtP
1,1,ureA
1,1,ureB
1,1,ureC
1,1,usd
1,1,uvrA
1,1,uvrB
1,1,uvrC
1,1,uvrX
1,1,uxaA
1,1,uxaB
1,1,uxaC
1,1,uxuA
1,1,uxuB
1,1,valS
1,1,veg
1,1,wapA
1,1,wapI
1,1,whiA
1,1,wprA
1,1,xerC
1,1,xkdA
1,1,xpt
1,1,xylA
1,1,xylB
1,1,xynA
1,1,xynB
1,1,yaaA
1,1,yaaB
1,1,yaaH
1,1,yaaI
1,1,yabE
1,1,yabG
1,1,yabK
1,1,yabM
1,1,yabN
1,1,yabO
1,1,yabP
1,1,yabQ
1,1,yabR
1,1,yabS
1,1,yabT
1,1,yacD
1,1,yacL
1,1,yacO
1,1,yacP
1,1,yazB
1,1,ybaK
1,1,ybbA
1,1,ybbP
1,1,ybbR
1,1,ybdK
1,1,ybdO
1,1,ybdZ
1,1,ybfK
1,1,ybfM
1,1,ybgB
1,1,ybxH
1,1,ybyB
1,1,ybzG
1,1,ycbK
1,1,ycbP
1,1,ycdA
1,1,ycdF
1,1,ycdG
1,1,yceC
1,1,yceD
1,1,yceE
1,1,yceF
1,1,yceG
1,1,yceH
1,1,ycgG
1,1,ycgM
1,1,ycgN
1,1,ycgO
1,1,ycgP
1,1,ycgQ
1,1,ycgR
1,1,ychF
1,1,yciB
1,1,yciC
1,1,yckC
1,1,yckD
1,1,yclF
1,1,yclH
1,1,yclI
1,1,yclJ
1,1,yclK
1,1,ycnI
1,1,ycnJ
1,1,ycnL
1,1,ycxA
1,1,yczF
1,1,yczL
1,1,yczO
1,1,ydaC
1,1,ydaD
1,1,ydaE
1,1,ydaF
1,1,ydaG
1,1,ydaH
1,1,ydaJ
1,1,ydaK
1,1,ydaL
1,1,ydaM
1,1,ydaN
1,1,ydaP
1,1,ydaS
1,1,ydaT
1,1,ydbD
1,1,ydcA
1,1,ydcC
1,1,ydcG
1,1,ydeC
1,1,ydfK
1,1,ydfM
1,1,ydfR
1,1,ydfS
1,1,ydgG
1,1,ydgH
1,1,ydhD
1,1,ydhE
1,1,ydhF
1,1,ydhK
1,1,ydiO
1,1,ydiP
1,1,ydjE
1,1,ydjM
1,1,ydjN
1,1,ydjO
1,1,ydjP
1,1,ydzE
1,1,yeaA
1,1,yeaB
1,1,yebC
1,1,yebE
1,1,yebG
1,1,yeeK
1,1,yerB
1,1,yerC
1,1,yerD
1,1,yerH
1,1,yesJ
1,1,yesK
1,1,yesO
1,1,yesP
1,1,yesQ
1,1,yesR
1,1,yesS
1,1,yesU
1,1,yesV
1,1,yesW
1,1,yesX
1,1,yesY
1,1,yesZ
1,1,yetF
1,1,yfhD
1,1,yfhE
1,1,yfhF
1,1,yfhK
1,1,yfhL
1,1,yfhM
1,1,yfhO
1,1,yfhQ
1,1,yfhS
1,1,yfiK
1,1,yfiL
1,1,yfiM
1,1,yfiN
1,1,yfjR
1,1,yfkD
1,1,yfkH
1,1,yfkI
1,1,yfkJ
1,1,yfkM
1,1,yfkN
1,1,yfkO
1,1,yfkQ
1,1,yfkR
1,1,yfkS
1,1,yfkT
1,1,yflD
1,1,yflH
1,1,yflI
1,1,yflN
1,1,yflS
1,1,yflT
1,1,yfmG
1,1,yfmI
1,1,yfmJ
1,1,yfmO
1,1,yfmS
1,1,yfmT
1,1,yfnD
1,1,yfnE
1,1,yfnF
1,1,yfnG
1,1,yfnH
1,1,ygaN
1,1,ygxB
1,1,yhaL
1,1,yhaM
1,1,yhaN
1,1,yhaO
1,1,yhaX
1,1,yhaZ
1,1,yhbB
1,1,yhbH
1,1,yhcM
1,1,yhcN
1,1,yhcO
1,1,yhcQ
1,1,yhcV
1,1,yhcY
1,1,yhcZ
1,1,yhdB
1,1,yhdF
1,1,yhdK
1,1,yhdL
1,1,yheC
1,1,yheD
1,1,yhfM
1,1,yhfW
1,1,yhjB
1,1,yhjC
1,1,yhjD
1,1,yhjE
1,1,yhjQ
1,1,yhjR
1,1,yhxA
1,1,yhxC
1,1,yhxD
1,1,yhzE
1,1,yisB
1,1,yisK
1,1,yisL
1,1,yisP
1,1,yisY
1,1,yisZ
1,1,yitA
1,1,yitB
1,1,yitD
1,1,yitF
1,1,yitG
1,1,yitM
1,1,yitO
1,1,yitP
1,1,yitT
1,1,yitU
1,1,yizC
1,1,yizD
1,1,yjaV
1,1,yjbA
1,1,yjbC
1,1,yjbH
1,1,yjbI
1,1,yjbJ
1,1,yjcA
1,1,yjcM
1,1,yjcN
1,1,yjcP
1,1,yjcQ
1,1,yjdB
1,1,yjdF
1,1,yjdH
1,1,yjfA
1,1,yjfB
1,1,yjgB
1,1,yjgC
1,1,yjgD
1,1,yjiB
1,1,yjiC
1,1,yjmB
1,1,yjmC
1,1,yjmD
1,1,yjqC
1,1,yjzB
1,1,yjzE
1,1,ykcB
1,1,ykcC
1,1,ykgA
1,1,ykoL
1,1,ykoP
1,1,ykoS
1,1,ykoT
1,1,ykoW
1,1,ykpC
1,1,ykqA
1,1,ykuN
1,1,ykuO
1,1,ykuP
1,1,ykuT
1,1,ykvI
1,1,ykvP
1,1,ykvQ
1,1,ykvR
1,1,ykvU
1,1,ykzB
1,1,ykzC
1,1,ykzD
1,1,ykzE
1,1,ykzG
1,1,ykzI
1,1,ykzN
1,1,ykzP
1,1,ykzQ
1,1,ykzW
1,1,ylaA
1,1,ylaB
1,1,ylaC
1,1,ylaD
1,1,ylaJ
1,1,ylbB
1,1,ylbC
1,1,ylbD
1,1,ylbE
1,1,ylbJ
1,1,ylbO
1,1,ylbP
1,1,yllA
1,1,ylmC
1,1,yloC
1,1,ylqB
1,1,ylqC
1,1,ylqD
1,1,ylqG
1,1,ylqH
1,1,ylxF
1,1,ylxG
1,1,ylxH
1,1,ylxM
1,1,ylxP
1,1,ylxR
1,1,ylxW
1,1,ylxX
1,1,ylyA
1,1,ylzA
1,1,ylzI
1,1,ylzJ
1,1,ymaB
1,1,ymaE
1,1,ymaG
1,1,ymfC
1,1,ymfD
1,1,ymfH
1,1,ymfJ
1,1,ymxH
1,1,ymzB
1,1,ynaJ
1,1,yndA
1,1,yndD
1,1,yndE
1,1,yndF
1,1,yndL
1,1,yneA
1,1,yneB
1,1,yneF
1,1,yneN
1,1,yngA
1,1,yngB
1,1,yngC
1,1,yngE
1,1,yngF
1,1,yngG
1,1,yngHB
1,1,yngI
1,1,yngJ
1,1,ynzB
1,1,ynzC
1,1,yoaA
1,1,yoaH
1,1,yoaR
1,1,yoaW
1,1,yobH
1,1,yocB
1,1,yocH
1,1,yocK
1,1,yocL
1,1,yodF
1,1,yodH
1,1,yodI
1,1,yodL
1,1,yodP
1,1,yodQ
1,1,yodR
1,1,yodS
1,1,yodT
1,1,yofA
1,1,yojE
1,1,yojF
1,1,yojJ
1,1,yokA
1,1,yokU
1,1,yolD
1,1,yorB
1,1,yorC
1,1,yosX
1,1,yotB
1,1,yotC
1,1,yotD
1,1,yotE
1,1,yotF
1,1,yotG
1,1,yotH
1,1,yotI
1,1,yotJ
1,1,yotK
1,1,yotM
1,1,yotN
1,1,yoxB
1,1,yoxC
1,1,yoyC
1,1,yoyD
1,1,yoyE
1,1,yoyG
1,1,yozE
1,1,yozK
1,1,yozL
1,1,yozQ
1,1,ypbG
1,1,ypbR
1,1,ypbS
1,1,ypeB
1,1,ypfB
1,1,yphA
1,1,yphB
1,1,ypjB
1,1,ypjD
1,1,yppD
1,1,yppE
1,1,yppG
1,1,ypqA
1,1,ypqE
1,1,ypuA
1,1,ypuB
1,1,ypuD
1,1,ypzA
1,1,ypzF
1,1,ypzG
1,1,ypzI
1,1,yqaF
1,1,yqaG
1,1,yqaH
1,1,yqaI
1,1,yqaJ
1,1,yqaK
1,1,yqaL
1,1,yqaM
1,1,yqaN
1,1,yqaR
1,1,yqaS
1,1,yqcF
1,1,yqcG
1,1,yqcK
1,1,yqdA
1,1,yqfC
1,1,yqfD
1,1,yqfQ
1,1,yqfX
1,1,yqfZ
1,1,yqgH
1,1,yqgI
1,1,yqhB
1,1,yqhG
1,1,yqhH
1,1,yqhP
1,1,yqhQ
1,1,yqhV
1,1,yqiH
1,1,yqiI
1,1,yqiK
1,1,yqjB
1,1,yqjC
1,1,yqjL
1,1,yqjX
1,1,yqjY
1,1,yqjZ
1,1,yqkA
1,1,yqkB
1,1,yqkC
1,1,yqkF
1,1,yqkJ
1,1,yqxA
1,1,yqxD
1,1,yqxM
1,1,yqzE
1,1,yqzH
1,1,yqzL
1,1,yqzO
1,1,yraA
1,1,yraD
1,1,yraE
1,1,yraF
1,1,yraG
1,1,yrdR
1,1,yrhC
1,1,yrhH
1,1,yrkC
1,1,yrkN
1,1,yrkO
1,1,yrkP
1,1,yrkQ
1,1,yrpE
1,1,yrrD
1,1,yrrS
1,1,yrrT
1,1,yrzE
1,1,yrzO
1,1,yrzQ
1,1,yrzR
1,1,yscB
1,1,ysdB
1,1,ysfE
1,1,ysnD
1,1,ysnF
1,1,ysxA
1,1,ysxE
1,1,yszB
1,1,ytaB
1,1,ytaF
1,1,ytdA
1,1,yteA
1,1,ytfI
1,1,ytfJ
1,1,ytfP
1,1,ytiB
1,1,ytkC
1,1,ytkD
1,1,ytkK
1,1,ytkL
1,1,ytlA
1,1,ytlC
1,1,ytlD
1,1,ytlI
1,1,ytlP
1,1,ytlQ
1,1,ytlR
1,1,ytmI
1,1,ytmO
1,1,ytnI
1,1,ytnL
1,1,ytnM
1,1,ytpA
1,1,ytpB
1,1,ytpP
1,1,ytpQ
1,1,ytpR
1,1,ytrB
1,1,ytrC
1,1,ytrD
1,1,ytrE
1,1,ytrF
1,1,ytrH
1,1,ytrI
1,1,ytsJ
1,1,yttA
1,1,yttP
1,1,ytvI
1,1,ytxC
1,1,ytxD
1,1,ytxE
1,1,ytxG
1,1,ytxH
1,1,ytxJ
1,1,ytxK
1,1,ytxO
1,1,ytzC
1,1,ytzL
1,1,yuaB
1,1,yueB
1,1,yueC
1,1,yueD
1,1,yufN
1,1,yufO
1,1,yufP
1,1,yufQ
1,1,yugJ
1,1,yugT
1,1,yugU
1,1,yukB
1,1,yukC
1,1,yukD
1,1,yukE
1,1,yunB
1,1,yurJ
1,1,yurM
1,1,yurN
1,1,yurO
1,1,yurS
1,1,yusD
1,1,yusE
1,1,yusN
1,1,yusQ
1,1,yusR
1,1,yusS
1,1,yutC
1,1,yutD
1,1,yutE
1,1,yutF
1,1,yuxG
1,1,yuxH
1,1,yuxK
1,1,yuxO
1,1,yuzA
1,1,yuzC
1,1,yuzH
1,1,yuzM
1,1,yuzO
1,1,yvaQ
1,1,yvbG
1,1,yvbI
1,1,yvcA
1,1,yvcB
1,1,yvcD
1,1,yvcI
1,1,yvcJ
1,1,yvcN
1,1,yvcP
1,1,yvcQ
1,1,yvcR
1,1,yvcS
1,1,yvdP
1,1,yvdQ
1,1,yveA
1,1,yveK
1,1,yveL
1,1,yvgN
1,1,yvgO
1,1,yvgT
1,1,yviE
1,1,yvoD
1,1,yvoF
1,1,yvrE
1,1,yvrN
1,1,yvrO
1,1,yvrP
1,1,yvyC
1,1,yvyD
1,1,yvyF
1,1,yvyG
1,1,yvyI
1,1,yvzA
1,1,yvzG
1,1,ywaC
1,1,ywbG
1,1,ywbI
1,1,ywbO
1,1,ywcA
1,1,ywcB
1,1,ywcH
1,1,ywdI
1,1,ywdJ
1,1,ywdK
1,1,ywfG
1,1,ywhA
1,1,ywhH
1,1,ywiE
1,1,ywjA
1,1,ywjB
1,1,ywjC
1,1,ywkB
1,1,ywlB
1,1,ywlF
1,1,ywlG
1,1,ywmB
1,1,ywmE
1,1,ywmF
1,1,ywnJ
1,1,ywoB
1,1,ywoC
1,1,ywoD
1,1,ywpJ
1,1,ywqC
1,1,ywqD
1,1,ywqE
1,1,ywqF
1,1,ywrA
1,1,ywrB
1,1,ywrJ
1,1,ywsA
1,1,ywsB
1,1,ywtC
1,1,ywtE
1,1,ywtF
1,1,ywtG
1,1,ywzA
1,1,ywzB
1,1,ywzH
1,1,yxaB
1,1,yxaM
1,1,yxbA
1,1,yxbB
1,1,yxbG
1,1,yxeD
1,1,yxeE
1,1,yxeK
1,1,yxeL
1,1,yxeM
1,1,yxeN
1,1,yxeO
1,1,yxeP
1,1,yxeQ
1,1,yxiE
1,1,yxiO
1,1,yxiS
1,1,yxjC
1,1,yxjF
1,1,yxkC
1,1,yxkH
1,1,yxlC
1,1,yxlD
1,1,yxlE
1,1,yxlF
1,1,yxlG
1,1,yxlJ
1,1,yxnA
1,1,yxnB
1,1,yxzF
1,1,yyaC
1,1,yyaD
1,1,yybI
1,1,yybO
1,1,yybR
1,1,yycA
1,1,yycB
1,1,yycC
1,1,yycD
1,1,yycO
1,1,yycP
1,1,yycQ
1,1,yydC
1,1,yydF
1,1,yydG
1,1,yydH
1,1,yydI
1,1,yydJ
1,1,yyxA
1,1,yyzG
1,1,yyzH
1,1,znuA
1,1,znuB
1,1,znuC
1,1,zosA
2,2,BSU05890
2,2,BSU05899
2,2,BSU11381
2,2,BSU11382
2,2,BSU_misc_RNA_69
2,2,BSU_misc_RNA_79
2,2,alsT
2,2,appB
2,2,appC
2,2,appD
2,2,appF
2,2,argR
2,2,bdbA
2,2,bdbB
2,2,bdhA
2,2,besA
2,2,bfmBAA
2,2,bfmBAB
2,2,bfmBB
2,2,bfmBC
2,2,btr
2,2,buk
2,2,cimH
2,2,cotA
2,2,cotC
2,2,cotD
2,2,cotP
2,2,csn
2,2,ctaB1
2,2,ctaB2
2,2,ctaC
2,2,ctaD
2,2,ctaE
2,2,ctaF
2,2,ctaG
2,2,cypX
2,2,degU
2,2,divIVA
2,2,estA
2,2,fabHB
2,2,fadG
2,2,fadH
2,2,fbpA
2,2,fbpC
2,2,fhuB
2,2,fhuC
2,2,fhuD
2,2,fhuG
2,2,fosB
2,2,ftsE
2,2,ftsX
2,2,galK
2,2,galT
2,2,garD
2,2,gerPA
2,2,gerPB
2,2,gerPC
2,2,gerPD
2,2,gerPE
2,2,gerPF
2,2,gerT
2,2,gudD
2,2,gudP
2,2,hmoA
2,2,hom
2,2,ilvA
2,2,ilvD
2,2,ilvE
2,2,ilvK
2,2,iolT
2,2,katA
2,2,kipA
2,2,kipI
2,2,levD
2,2,levE
2,2,levF
2,2,levG
2,2,levR
2,2,lipC
2,2,lrgA
2,2,lrgB
2,2,lytT
2,2,metG
2,2,mnmE
2,2,mnmG
2,2,mpr
2,2,msmX
2,2,mstX
2,2,naiP
2,2,nasA
2,2,new_1056384_1056537
2,2,noc
2,2,nprE
2,2,ntdR
2,2,oppA
2,2,oppB
2,2,oppC
2,2,oppD
2,2,oppF
2,2,oxdD
2,2,pbpE
2,2,pbpH
2,2,pdxS
2,2,pdxT
2,2,phy
2,2,pit
2,2,pnbA
2,2,ppsA
2,2,ppsB
2,2,ppsC
2,2,ppsD
2,2,ppsE
2,2,pucI
2,2,qdoI
2,2,racX
2,2,rlmH
2,2,rocA
2,2,rocB
2,2,rocC
2,2,rocD
2,2,rocE
2,2,rocF
2,2,rocG
2,2,rsiW
2,2,rsmG
2,2,sacC
2,2,sacT
2,2,sepF
2,2,sigL
2,2,sigW
2,2,slrR
2,2,smf
2,2,soj
2,2,spo0J
2,2,spoVG
2,2,sppA
2,2,sucC
2,2,sucD
2,2,sunA
2,2,sunS
2,2,sunT
2,2,tcyP
2,2,thrB
2,2,thrC
2,2,tkt
2,2,topA
2,2,xpaC
2,2,xynC
2,2,xynD
2,2,yaaN
2,2,yaaO
2,2,yabD
2,2,ybaJ
2,2,ybdN
2,2,ybfJ
2,2,ybfO
2,2,ybfP
2,2,ybfQ
2,2,ycbC
2,2,ycbD
2,2,ycbJ
2,2,ycgA
2,2,ycgT
2,2,yclM
2,2,yclN
2,2,yclO
2,2,yclP
2,2,yclQ
2,2,ycsF
2,2,ycsG
2,2,ycsI
2,2,ydbM
2,2,ydbN
2,2,ydbS
2,2,ydbT
2,2,ydcF
2,2,yddJ
2,2,yddT
2,2,ydeH
2,2,ydeJ
2,2,ydgA
2,2,ydgB
2,2,ydjF
2,2,ydjG
2,2,ydjH
2,2,ydjI
2,2,yerI
2,2,yesL
2,2,yesM
2,2,yesN
2,2,yetJ
2,2,yezD
2,2,yfhA
2,2,yfhC
2,2,yfiS
2,2,yfiY
2,2,yfiZ
2,2,yflA
2,2,yfmB
2,2,yfmC
2,2,yfmD
2,2,yfmE
2,2,yfmF
2,2,yhaP
2,2,yhaQ
2,2,yhaR
2,2,yhdG
2,2,yheH
2,2,yheI
2,2,yhfQ
2,2,yisI
2,2,yjdG
2,2,yjlC
2,2,yjlD
2,2,yjoB
2,2,ykaA
2,2,ykfA
2,2,ykfB
2,2,ykfC
2,2,ykfD
2,2,yknW
2,2,yknX
2,2,yknY
2,2,yknZ
2,2,ykuD
2,2,ykuJ
2,2,ykuK
2,2,ykuL
2,2,ykuU
2,2,ykuV
2,2,ykzF
2,2,ykzU
2,2,ylaE
2,2,ylbA
2,2,ylmA
2,2,ylmD
2,2,ylmE
2,2,ylmG
2,2,ylmH
2,2,yncM
2,2,ynzD
2,2,ynzH
2,2,yoaF
2,2,yoaG
2,2,yoaJ
2,2,yobJ
2,2,yobO
2,2,yocD
2,2,yokI
2,2,yokJ
2,2,yokK
2,2,yokL
2,2,yolA
2,2,yolB
2,2,yolC
2,2,yomJ
2,2,yopL
2,2,yoqM
2,2,yorD
2,2,yozM
2,2,yozO
2,2,yphE
2,2,yphF
2,2,ypiF
2,2,ypmP
2,2,yqaP
2,2,yqeZ
2,2,yqfA
2,2,yqfB
2,2,yqiR
2,2,yqiS
2,2,yqiT
2,2,yqxI
2,2,yqxJ
2,2,yqzC
2,2,yqzD
2,2,yqzG
2,2,yrbD
2,2,yrpD
2,2,yrrL
2,2,yrzI
2,2,ytcA
2,2,ytcB
2,2,ytcC
2,2,yteJ
2,2,ythP
2,2,ythQ
2,2,yuaF
2,2,yuaG
2,2,yuaI
2,2,yugO
2,2,yuiA
2,2,yuiB
2,2,yuiC
2,2,yusU
2,2,yusV
2,2,yvhJ
2,2,yvlA
2,2,yvlB
2,2,yvlC
2,2,yvlD
2,2,yvmA
2,2,yvmC
2,2,yvnA
2,2,yvqJ
2,2,yvyE
2,2,ywbD
2,2,ywbE
2,2,ywbF
2,2,ywcI
2,2,yweA
2,2,ywfH
2,2,ywlC
2,2,ywoF
2,2,ywrD
2,2,ywrE
2,2,yxaH
2,2,yxaJ
2,2,yxaL
2,2,yxbC
2,2,yxbD
2,2,yxeB
2,2,yxkF
2,2,yxzE
2,2,yybJ
2,2,yybK
2,2,yybL
2,2,yybM
2,2,yybN
3,3,BSU25760
3,3,BSU33221
3,3,abh
3,3,citR
3,3,cymR
3,3,fabF
3,3,fabHA
3,3,fabI
3,3,fur
3,3,hag
3,3,lutA
3,3,lutB
3,3,lutC
3,3,lutP
3,3,ohrA
3,3,oxdC
3,3,phoP
3,3,rsiV
3,3,rsoA
3,3,sacA
3,3,sacP
3,3,sigB
3,3,sigE
3,3,sigF
3,3,sigG
3,3,sigM
3,3,sigO
3,3,sigV
3,3,sigX
3,3,spoIIB
3,3,spoIIID
3,3,spoVT
3,3,spxA
3,3,tnrA
3,3,vpr
3,3,yfhP
3,3,ykyB
3,3,yloA
3,3,yrhK
3,3,yrhL
3,3,yvrJ
3,3,yvrL
3,3,ywdA
3,3,yxjI
3,3,yxjJ
4,4,BSU12671
4,4,xepA
4,4,xhlA
4,4,xhlB
4,4,xkdE
4,4,xkdF
4,4,xkdG
4,4,xkdH
4,4,xkdI
4,4,xkdJ
4,4,xkdK
4,4,xkdM
4,4,xkdO
4,4,xkdP
4,4,xkdQ
4,4,xkdR
4,4,xkdS
4,4,xkdT
4,4,xkdU
4,4,xkdV
4,4,xkdW
4,4,xkdX
4,4,xkzA
4,4,xkzB
4,4,xlyA
4,4,xpf
4,4,xtmA
4,4,xtmB
4,5,bioB
4,5,bioD
4,5,bioF
4,5,bioI
4,5,bioK
4,5,bioW
4,5,bioY
4,5,bioYB
4,5,glpF
4,5,glpK
4,5,phoE
4,5,senS
4,5,yhfS
4,5,yhfT
4,5,ytbQ
4,5,ywcE
5,6,yxdJ
5,6,yxdL
5,6,yxdM
5,6,yxeA
6,7,bsdA
6,7,bsdB
6,7,bsdC
6,7,bsdD
5,8,citB
5,8,cwlS
5,8,sigH
7,9,hxlA
7,9,hxlB
7,9,hxlR
8,10,bceA
8,10,bceB
8,10,bceR
9,11,BSU_misc_RNA_16
9,11,ykkC
9,11,ykkD
10,12,natA
10,12,natB
10,12,natR
12,13,ydfI
12,13,ydfJ
13,14,abrB
14,15,rok
15,16,yheJ
16,17,ycbG
17,18,gntR
18,19,sinR
19,20,hpr
20,21,sdpR
21,22,gmuR
22,23,ycnK
23,24,gltR
24,25,gltC
25,26,ccpA
26,27,fadR
27,28,yulB
28,29,ykuM
29,30,yvmB
30,31,yvoA
31,32,exuR
32,33,msmR
33,34,kdgR
34,35,treR
35,36,ybbH
36,37,ctsR
37,38,pucR
38,39,kipR
39,40,yfiR
40,41,glnR
41,42,rsfA
42,43,araR
43,44,fruR
44,45,ganR
45,46,codY
46,47,perR
47,48,ybgA
48,49,ydcH
49,50,cggR
50,51,nadR
51,52,arsR
52,53,yfmP
53,54,gabR
54,55,cysL
55,56,glcR
56,57,lytR
57,58,iolR
58,59,fapR
59,60,nusA
60,61,hrcA
61,62,rpsD
62,63,rocR
63,64,ywrC
64,65,lmrA
65,66,ytrA
66,67,spo0A
67,68,splA
68,69,bscR
69,70,yodB
70,71,purR
71,72,lexA
72,73,gerE
73,74,salA
74,75,yusO
75,76,ansR
76,77,mifM
77,78,aseR
78,79,rpsB
79,80,rplT
80,81,rplJ
81,82,rplL
82,83,ywaE
83,84,yxaF
84,85,rpmE
85,86,azlB
2,87,ccpN
11,88,dfrA
11,89,thyA2
86,90,ybbC
87,91,ybbF
88,92,ybbE
89,93,nagZ
90,94,murQ
1,95,padR
2,96,padC
2,97,yveF
2,98,yveG
1,99,xre
2,100,xkdC
2,101,xkdB
2,102,yjzJ
2,103,xkdD
2,104,xtrA
2,105,ykzK
1,106,new_4005137_4005322_c
2,107,yxjB
91,108,fruK
92,109,fruA
2,110,zur
1,111,new_2477758_2477958_c
1,112,rpsN2
2,113,rghR
1,114,yvaM
2,115,plsC
2,116,yhdN
93,117,yodC
94,118,azoR1
2,119,yycF
3,120,ykvT
1,121,pdaC
3,122,ykzS
1,123,yoeB
95,124,pbuO
96,125,pbuG
97,126,folD
98,127,nusB
99,128,steT
100,129,ispE
101,130,yabJ
2,131,nrdR
1,132,argH
1,133,argG
2,134,yurK
1,135,degA
2,136,iolX
2,137,BSU_misc_RNA_81
102,138,yusP
2,139,BSU26055
2,140,yvaP
1,141,immR
2,142,yddA
2,143,ydcO
2,144,yddE
2,145,ydzL
2,146,yddB
2,147,nicK
2,148,xis
2,149,new_535832_536095
2,150,yddI
2,151,yddH
2,152,yddG
2,153,yddF
2,154,ydcT
2,155,yddD
2,156,yddC
2,157,ydcS
2,158,ydcP
2,159,ydcQ
2,160,yuxN
2,161,mntH
2,162,mntA
2,163,mntC
2,164,mntB
2,165,mntD
2,166,mhqR
1,167,BSU_misc_RNA_11
2,168,ylmB
2,169,thiT
2,170,opcR
2,171,nsrR
2,172,new_820648_820823
1,173,yetL
2,174,yetM
2,175,deoR
103,176,misCB
104,177,BSU05343
105,178,ydfA
106,179,BSU05344
107,180,rpmI
108,181,ysdA
109,182,infC
110,183,tyrS2
2,184,xylR
1,185,ywcC
2,186,slrA
2,187,csoR
2,188,czrA
1,189,czcO
1,190,czcD
111,191,azlC
112,192,yrdK
113,193,brnQ
114,194,azlD
2,195,gbsR
2,196,yqaE
3,197,rex
1,198,ywcJ
